facility,reporting_period,activity_name,quantity,unit,source_dataset,source_timestamp
"Low-energy house, Belgium",2016-01,electricity consumption,0.06,kWh,UCI 374 - Appliances Energy Prediction,2016-01-11T17:00:00
"Low-energy house, Belgium",2016-01,electricity consumption,0.06,kWh,UCI 374 - Appliances Energy Prediction,2016-01-11T17:10:00
"Low-energy house, Belgium",2016-01,electricity consumption,0.05,kWh,UCI 374 - Appliances Energy Prediction,2016-01-11T17:20:00
"Low-energy house, Belgium",2016-01,electricity consumption,0.05,kWh,UCI 374 - Appliances Energy Prediction,2016-01-11T17:30:00
"Low-energy house, Belgium",2016-01,electricity consumption,0.06,kWh,UCI 374 - Appliances Energy Prediction,2016-01-11T17:40:00
"Low-energy house, Belgium",2016-01,electricity consumption,0.05,kWh,UCI 374 - Appliances Energy Prediction,2016-01-11T17:50:00
"Low-energy house, Belgium",2016-01,electricity consumption,0.06,kWh,UCI 374 - Appliances Energy Prediction,2016-01-11T18:00:00
"Low-energy house, Belgium",2016-01,electricity consumption,0.06,kWh,UCI 374 - Appliances Energy Prediction,2016-01-11T18:10:00
"Low-energy house, Belgium",2016-01,electricity consumption,0.06,kWh,UCI 374 - Appliances Energy Prediction,2016-01-11T18:20:00
"Low-energy house, Belgium",2016-01,electricity consumption,0.07,kWh,UCI 374 - Appliances Energy Prediction,2016-01-11T18:30:00
"Low-energy house, Belgium",2016-01,electricity consumption,0.23,kWh,UCI 374 - Appliances Energy Prediction,2016-01-11T18:40:00
"Low-energy house, Belgium",2016-01,electricity consumption,0.58,kWh,UCI 374 - Appliances Energy Prediction,2016-01-11T18:50:00
"Low-energy house, Belgium",2016-01,electricity consumption,0.43,kWh,UCI 374 - Appliances Energy Prediction,2016-01-11T19:00:00
"Low-energy house, Belgium",2016-01,electricity consumption,0.25,kWh,UCI 374 - Appliances Energy Prediction,2016-01-11T19:10:00
"Low-energy house, Belgium",2016-01,electricity consumption,0.1,kWh,UCI 374 - Appliances Energy Prediction,2016-01-11T19:20:00
"Low-energy house, Belgium",2016-01,electricity consumption,0.1,kWh,UCI 374 - Appliances Energy Prediction,2016-01-11T19:30:00
"Low-energy house, Belgium",2016-01,electricity consumption,0.09,kWh,UCI 374 - Appliances Energy Prediction,2016-01-11T19:40:00
"Low-energy house, Belgium",2016-01,electricity consumption,0.07,kWh,UCI 374 - Appliances Energy Prediction,2016-01-11T19:50:00
"Low-energy house, Belgium",2016-01,electricity consumption,0.08,kWh,UCI 374 - Appliances Energy Prediction,2016-01-11T20:00:00
"Low-energy house, Belgium",2016-01,electricity consumption,0.14,kWh,UCI 374 - Appliances Energy Prediction,2016-01-11T20:10:00
"Low-energy house, Belgium",2016-01,electricity consumption,0.12,kWh,UCI 374 - Appliances Energy Prediction,2016-01-11T20:20:00
"Low-energy house, Belgium",2016-01,electricity consumption,0.19,kWh,UCI 374 - Appliances Energy Prediction,2016-01-11T20:30:00
"Low-energy house, Belgium",2016-01,electricity consumption,0.11,kWh,UCI 374 - Appliances Energy Prediction,2016-01-11T20:40:00
"Low-energy house, Belgium",2016-01,electricity consumption,0.11,kWh,UCI 374 - Appliances Energy Prediction,2016-01-11T20:50:00
"Low-energy house, Belgium",2016-01,electricity consumption,0.11,kWh,UCI 374 - Appliances Energy Prediction,2016-01-11T21:00:00
"Low-energy house, Belgium",2016-01,electricity consumption,0.11,kWh,UCI 374 - Appliances Energy Prediction,2016-01-11T21:10:00
"Low-energy house, Belgium",2016-01,electricity consumption,0.1,kWh,UCI 374 - Appliances Energy Prediction,2016-01-11T21:20:00
"Low-energy house, Belgium",2016-01,electricity consumption,0.1,kWh,UCI 374 - Appliances Energy Prediction,2016-01-11T21:30:00
"Low-energy house, Belgium",2016-01,electricity consumption,0.1,kWh,UCI 374 - Appliances Energy Prediction,2016-01-11T21:40:00
"Low-energy house, Belgium",2016-01,electricity consumption,0.1,kWh,UCI 374 - Appliances Energy Prediction,2016-01-11T21:50:00
"Low-energy house, Belgium",2016-01,electricity consumption,0.11,kWh,UCI 374 - Appliances Energy Prediction,2016-01-11T22:00:00
"Low-energy house, Belgium",2016-01,electricity consumption,0.4,kWh,UCI 374 - Appliances Energy Prediction,2016-01-11T22:10:00
"Low-energy house, Belgium",2016-01,electricity consumption,0.4,kWh,UCI 374 - Appliances Energy Prediction,2016-01-11T22:20:00
"Low-energy house, Belgium",2016-01,electricity consumption,0.39,kWh,UCI 374 - Appliances Energy Prediction,2016-01-11T22:30:00
"Low-energy house, Belgium",2016-01,electricity consumption,0.24,kWh,UCI 374 - Appliances Energy Prediction,2016-01-11T22:40:00
"Low-energy house, Belgium",2016-01,electricity consumption,0.06,kWh,UCI 374 - Appliances Energy Prediction,2016-01-11T22:50:00
"Low-energy house, Belgium",2016-01,electricity consumption,0.06,kWh,UCI 374 - Appliances Energy Prediction,2016-01-11T23:00:00
"Low-energy house, Belgium",2016-01,electricity consumption,0.06,kWh,UCI 374 - Appliances Energy Prediction,2016-01-11T23:10:00
"Low-energy house, Belgium",2016-01,electricity consumption,0.05,kWh,UCI 374 - Appliances Energy Prediction,2016-01-11T23:20:00
"Low-energy house, Belgium",2016-01,electricity consumption,0.07,kWh,UCI 374 - Appliances Energy Prediction,2016-01-11T23:30:00
"Low-energy house, Belgium",2016-01,electricity consumption,0.06,kWh,UCI 374 - Appliances Energy Prediction,2016-01-11T23:40:00
"Low-energy house, Belgium",2016-01,electricity consumption,0.04,kWh,UCI 374 - Appliances Energy Prediction,2016-01-11T23:50:00
"Low-energy house, Belgium",2016-01,electricity consumption,0.04,kWh,UCI 374 - Appliances Energy Prediction,2016-01-12T00:00:00
"Low-energy house, Belgium",2016-01,electricity consumption,0.03,kWh,UCI 374 - Appliances Energy Prediction,2016-01-12T00:10:00
"Low-energy house, Belgium",2016-01,electricity consumption,0.04,kWh,UCI 374 - Appliances Energy Prediction,2016-01-12T00:20:00
"Low-energy house, Belgium",2016-01,electricity consumption,0.05,kWh,UCI 374 - Appliances Energy Prediction,2016-01-12T00:30:00
"Low-energy house, Belgium",2016-01,electricity consumption,0.31,kWh,UCI 374 - Appliances Energy Prediction,2016-01-12T00:40:00
"Low-energy house, Belgium",2016-01,electricity consumption,0.38,kWh,UCI 374 - Appliances Energy Prediction,2016-01-12T00:50:00
"Low-energy house, Belgium",2016-01,electricity consumption,0.38,kWh,UCI 374 - Appliances Energy Prediction,2016-01-12T01:00:00
"Low-energy house, Belgium",2016-01,electricity consumption,0.37,kWh,UCI 374 - Appliances Energy Prediction,2016-01-12T01:10:00
"Low-energy house, Belgium",2016-01,electricity consumption,0.12,kWh,UCI 374 - Appliances Energy Prediction,2016-01-12T01:20:00
"Low-energy house, Belgium",2016-01,electricity consumption,0.05,kWh,UCI 374 - Appliances Energy Prediction,2016-01-12T01:30:00
"Low-energy house, Belgium",2016-01,electricity consumption,0.04,kWh,UCI 374 - Appliances Energy Prediction,2016-01-12T01:40:00
"Low-energy house, Belgium",2016-01,electricity consumption,0.05,kWh,UCI 374 - Appliances Energy Prediction,2016-01-12T01:50:00
"Low-energy house, Belgium",2016-01,electricity consumption,0.04,kWh,UCI 374 - Appliances Energy Prediction,2016-01-12T02:00:00
"Low-energy house, Belgium",2016-01,electricity consumption,0.05,kWh,UCI 374 - Appliances Energy Prediction,2016-01-12T02:10:00
"Low-energy house, Belgium",2016-01,electricity consumption,0.05,kWh,UCI 374 - Appliances Energy Prediction,2016-01-12T02:20:00
"Low-energy house, Belgium",2016-01,electricity consumption,0.05,kWh,UCI 374 - Appliances Energy Prediction,2016-01-12T02:30:00
"Low-energy house, Belgium",2016-01,electricity consumption,0.04,kWh,UCI 374 - Appliances Energy Prediction,2016-01-12T02:40:00
"Low-energy house, Belgium",2016-01,electricity consumption,0.04,kWh,UCI 374 - Appliances Energy Prediction,2016-01-12T02:50:00
"Low-energy house, Belgium",2016-01,electricity consumption,0.03,kWh,UCI 374 - Appliances Energy Prediction,2016-01-12T03:00:00
"Low-energy house, Belgium",2016-01,electricity consumption,0.02,kWh,UCI 374 - Appliances Energy Prediction,2016-01-12T03:10:00
"Low-energy house, Belgium",2016-01,electricity consumption,0.02,kWh,UCI 374 - Appliances Energy Prediction,2016-01-12T03:20:00
"Low-energy house, Belgium",2016-01,electricity consumption,0.04,kWh,UCI 374 - Appliances Energy Prediction,2016-01-12T03:30:00
"Low-energy house, Belgium",2016-01,electricity consumption,0.05,kWh,UCI 374 - Appliances Energy Prediction,2016-01-12T03:40:00
"Low-energy house, Belgium",2016-01,electricity consumption,0.05,kWh,UCI 374 - Appliances Energy Prediction,2016-01-12T03:50:00
"Low-energy house, Belgium",2016-01,electricity consumption,0.04,kWh,UCI 374 - Appliances Energy Prediction,2016-01-12T04:00:00
"Low-energy house, Belgium",2016-01,electricity consumption,0.05,kWh,UCI 374 - Appliances Energy Prediction,2016-01-12T04:10:00
"Low-energy house, Belgium",2016-01,electricity consumption,0.04,kWh,UCI 374 - Appliances Energy Prediction,2016-01-12T04:20:00
"Low-energy house, Belgium",2016-01,electricity consumption,0.04,kWh,UCI 374 - Appliances Energy Prediction,2016-01-12T04:30:00
"Low-energy house, Belgium",2016-01,electricity consumption,0.04,kWh,UCI 374 - Appliances Energy Prediction,2016-01-12T04:40:00
"Low-energy house, Belgium",2016-01,electricity consumption,0.06,kWh,UCI 374 - Appliances Energy Prediction,2016-01-12T04:50:00
"Low-energy house, Belgium",2016-01,electricity consumption,0.05,kWh,UCI 374 - Appliances Energy Prediction,2016-01-12T05:00:00
"Low-energy house, Belgium",2016-01,electricity consumption,0.05,kWh,UCI 374 - Appliances Energy Prediction,2016-01-12T05:10:00
"Low-energy house, Belgium",2016-01,electricity consumption,0.04,kWh,UCI 374 - Appliances Energy Prediction,2016-01-12T05:20:00
"Low-energy house, Belgium",2016-01,electricity consumption,0.04,kWh,UCI 374 - Appliances Energy Prediction,2016-01-12T05:30:00
"Low-energy house, Belgium",2016-01,electricity consumption,0.04,kWh,UCI 374 - Appliances Energy Prediction,2016-01-12T05:40:00
"Low-energy house, Belgium",2016-01,electricity consumption,0.04,kWh,UCI 374 - Appliances Energy Prediction,2016-01-12T05:50:00
"Low-energy house, Belgium",2016-01,electricity consumption,0.05,kWh,UCI 374 - Appliances Energy Prediction,2016-01-12T06:00:00
"Low-energy house, Belgium",2016-01,electricity consumption,0.07,kWh,UCI 374 - Appliances Energy Prediction,2016-01-12T06:10:00
"Low-energy house, Belgium",2016-01,electricity consumption,0.04,kWh,UCI 374 - Appliances Energy Prediction,2016-01-12T06:20:00
"Low-energy house, Belgium",2016-01,electricity consumption,0.03,kWh,UCI 374 - Appliances Energy Prediction,2016-01-12T06:30:00
"Low-energy house, Belgium",2016-01,electricity consumption,0.02,kWh,UCI 374 - Appliances Energy Prediction,2016-01-12T06:40:00
"Low-energy house, Belgium",2016-01,electricity consumption,0.03,kWh,UCI 374 - Appliances Energy Prediction,2016-01-12T06:50:00
"Low-energy house, Belgium",2016-01,electricity consumption,0.04,kWh,UCI 374 - Appliances Energy Prediction,2016-01-12T07:00:00
"Low-energy house, Belgium",2016-01,electricity consumption,0.05,kWh,UCI 374 - Appliances Energy Prediction,2016-01-12T07:10:00
"Low-energy house, Belgium",2016-01,electricity consumption,0.06,kWh,UCI 374 - Appliances Energy Prediction,2016-01-12T07:20:00
"Low-energy house, Belgium",2016-01,electricity consumption,0.06,kWh,UCI 374 - Appliances Energy Prediction,2016-01-12T07:30:00
"Low-energy house, Belgium",2016-01,electricity consumption,0.07,kWh,UCI 374 - Appliances Energy Prediction,2016-01-12T07:40:00
"Low-energy house, Belgium",2016-01,electricity consumption,0.06,kWh,UCI 374 - Appliances Energy Prediction,2016-01-12T07:50:00
"Low-energy house, Belgium",2016-01,electricity consumption,0.14,kWh,UCI 374 - Appliances Energy Prediction,2016-01-12T08:00:00
"Low-energy house, Belgium",2016-01,electricity consumption,0.11,kWh,UCI 374 - Appliances Energy Prediction,2016-01-12T08:10:00
"Low-energy house, Belgium",2016-01,electricity consumption,0.09,kWh,UCI 374 - Appliances Energy Prediction,2016-01-12T08:20:00
"Low-energy house, Belgium",2016-01,electricity consumption,0.06,kWh,UCI 374 - Appliances Energy Prediction,2016-01-12T08:30:00
"Low-energy house, Belgium",2016-01,electricity consumption,0.06,kWh,UCI 374 - Appliances Energy Prediction,2016-01-12T08:40:00
"Low-energy house, Belgium",2016-01,electricity consumption,0.06,kWh,UCI 374 - Appliances Energy Prediction,2016-01-12T08:50:00
"Low-energy house, Belgium",2016-01,electricity consumption,0.05,kWh,UCI 374 - Appliances Energy Prediction,2016-01-12T09:00:00
"Low-energy house, Belgium",2016-01,electricity consumption,0.06,kWh,UCI 374 - Appliances Energy Prediction,2016-01-12T09:10:00
"Low-energy house, Belgium",2016-01,electricity consumption,0.05,kWh,UCI 374 - Appliances Energy Prediction,2016-01-12T09:20:00
"Low-energy house, Belgium",2016-01,electricity consumption,0.03,kWh,UCI 374 - Appliances Energy Prediction,2016-01-12T09:30:00
"Low-energy house, Belgium",2016-01,electricity consumption,0.04,kWh,UCI 374 - Appliances Energy Prediction,2016-01-12T09:40:00
"Low-energy house, Belgium",2016-01,electricity consumption,0.03,kWh,UCI 374 - Appliances Energy Prediction,2016-01-12T09:50:00
"Low-energy house, Belgium",2016-01,electricity consumption,0.26,kWh,UCI 374 - Appliances Energy Prediction,2016-01-12T10:00:00
"Low-energy house, Belgium",2016-01,electricity consumption,0.5,kWh,UCI 374 - Appliances Energy Prediction,2016-01-12T10:10:00
"Low-energy house, Belgium",2016-01,electricity consumption,0.45,kWh,UCI 374 - Appliances Energy Prediction,2016-01-12T10:20:00
"Low-energy house, Belgium",2016-01,electricity consumption,0.05,kWh,UCI 374 - Appliances Energy Prediction,2016-01-12T10:30:00
"Low-energy house, Belgium",2016-01,electricity consumption,0.06,kWh,UCI 374 - Appliances Energy Prediction,2016-01-12T10:40:00
"Low-energy house, Belgium",2016-01,electricity consumption,0.06,kWh,UCI 374 - Appliances Energy Prediction,2016-01-12T10:50:00
"Low-energy house, Belgium",2016-01,electricity consumption,0.05,kWh,UCI 374 - Appliances Energy Prediction,2016-01-12T11:00:00
"Low-energy house, Belgium",2016-01,electricity consumption,0.05,kWh,UCI 374 - Appliances Energy Prediction,2016-01-12T11:10:00
"Low-energy house, Belgium",2016-01,electricity consumption,0.05,kWh,UCI 374 - Appliances Energy Prediction,2016-01-12T11:20:00
"Low-energy house, Belgium",2016-01,electricity consumption,0.06,kWh,UCI 374 - Appliances Energy Prediction,2016-01-12T11:30:00
"Low-energy house, Belgium",2016-01,electricity consumption,0.06,kWh,UCI 374 - Appliances Energy Prediction,2016-01-12T11:40:00
"Low-energy house, Belgium",2016-01,electricity consumption,0.06,kWh,UCI 374 - Appliances Energy Prediction,2016-01-12T11:50:00
"Low-energy house, Belgium",2016-01,electricity consumption,0.06,kWh,UCI 374 - Appliances Energy Prediction,2016-01-12T12:00:00
"Low-energy house, Belgium",2016-01,electricity consumption,0.19,kWh,UCI 374 - Appliances Energy Prediction,2016-01-12T12:10:00
"Low-energy house, Belgium",2016-01,electricity consumption,0.22,kWh,UCI 374 - Appliances Energy Prediction,2016-01-12T12:20:00
"Low-energy house, Belgium",2016-01,electricity consumption,0.17,kWh,UCI 374 - Appliances Energy Prediction,2016-01-12T12:30:00
"Low-energy house, Belgium",2016-01,electricity consumption,0.39,kWh,UCI 374 - Appliances Energy Prediction,2016-01-12T12:40:00
"Low-energy house, Belgium",2016-01,electricity consumption,0.09,kWh,UCI 374 - Appliances Energy Prediction,2016-01-12T12:50:00
"Low-energy house, Belgium",2016-01,electricity consumption,0.06,kWh,UCI 374 - Appliances Energy Prediction,2016-01-12T13:00:00
"Low-energy house, Belgium",2016-01,electricity consumption,0.29,kWh,UCI 374 - Appliances Energy Prediction,2016-01-12T13:10:00
"Low-energy house, Belgium",2016-01,electricity consumption,0.13,kWh,UCI 374 - Appliances Energy Prediction,2016-01-12T13:20:00
"Low-energy house, Belgium",2016-01,electricity consumption,0.14,kWh,UCI 374 - Appliances Energy Prediction,2016-01-12T13:30:00
"Low-energy house, Belgium",2016-01,electricity consumption,0.24,kWh,UCI 374 - Appliances Energy Prediction,2016-01-12T13:40:00
"Low-energy house, Belgium",2016-01,electricity consumption,0.05,kWh,UCI 374 - Appliances Energy Prediction,2016-01-12T13:50:00
"Low-energy house, Belgium",2016-01,electricity consumption,0.06,kWh,UCI 374 - Appliances Energy Prediction,2016-01-12T14:00:00
"Low-energy house, Belgium",2016-01,electricity consumption,0.06,kWh,UCI 374 - Appliances Energy Prediction,2016-01-12T14:10:00
"Low-energy house, Belgium",2016-01,electricity consumption,0.06,kWh,UCI 374 - Appliances Energy Prediction,2016-01-12T14:20:00
"Low-energy house, Belgium",2016-01,electricity consumption,0.37,kWh,UCI 374 - Appliances Energy Prediction,2016-01-12T14:30:00
"Low-energy house, Belgium",2016-01,electricity consumption,0.2,kWh,UCI 374 - Appliances Energy Prediction,2016-01-12T14:40:00
"Low-energy house, Belgium",2016-01,electricity consumption,0.07,kWh,UCI 374 - Appliances Energy Prediction,2016-01-12T14:50:00
"Low-energy house, Belgium",2016-01,electricity consumption,0.05,kWh,UCI 374 - Appliances Energy Prediction,2016-01-12T15:00:00
"Low-energy house, Belgium",2016-01,electricity consumption,0.04,kWh,UCI 374 - Appliances Energy Prediction,2016-01-12T15:10:00
"Low-energy house, Belgium",2016-01,electricity consumption,0.04,kWh,UCI 374 - Appliances Energy Prediction,2016-01-12T15:20:00
"Low-energy house, Belgium",2016-01,electricity consumption,0.03,kWh,UCI 374 - Appliances Energy Prediction,2016-01-12T15:30:00
"Low-energy house, Belgium",2016-01,electricity consumption,0.03,kWh,UCI 374 - Appliances Energy Prediction,2016-01-12T15:40:00
"Low-energy house, Belgium",2016-01,electricity consumption,0.03,kWh,UCI 374 - Appliances Energy Prediction,2016-01-12T15:50:00
"Low-energy house, Belgium",2016-01,electricity consumption,0.03,kWh,UCI 374 - Appliances Energy Prediction,2016-01-12T16:00:00
"Low-energy house, Belgium",2016-01,electricity consumption,0.04,kWh,UCI 374 - Appliances Energy Prediction,2016-01-12T16:10:00
"Low-energy house, Belgium",2016-01,electricity consumption,0.05,kWh,UCI 374 - Appliances Energy Prediction,2016-01-12T16:20:00
"Low-energy house, Belgium",2016-01,electricity consumption,0.04,kWh,UCI 374 - Appliances Energy Prediction,2016-01-12T16:30:00
"Low-energy house, Belgium",2016-01,electricity consumption,0.04,kWh,UCI 374 - Appliances Energy Prediction,2016-01-12T16:40:00
"Low-energy house, Belgium",2016-01,electricity consumption,0.04,kWh,UCI 374 - Appliances Energy Prediction,2016-01-12T16:50:00
"Low-energy house, Belgium",2016-01,electricity consumption,0.06,kWh,UCI 374 - Appliances Energy Prediction,2016-01-12T17:00:00
"Low-energy house, Belgium",2016-01,electricity consumption,0.06,kWh,UCI 374 - Appliances Energy Prediction,2016-01-12T17:10:00
"Low-energy house, Belgium",2016-01,electricity consumption,0.21,kWh,UCI 374 - Appliances Energy Prediction,2016-01-12T17:20:00
"Low-energy house, Belgium",2016-01,electricity consumption,0.38,kWh,UCI 374 - Appliances Energy Prediction,2016-01-12T17:30:00
"Low-energy house, Belgium",2016-01,electricity consumption,0.37,kWh,UCI 374 - Appliances Energy Prediction,2016-01-12T17:40:00
"Low-energy house, Belgium",2016-01,electricity consumption,0.23,kWh,UCI 374 - Appliances Energy Prediction,2016-01-12T17:50:00
"Low-energy house, Belgium",2016-01,electricity consumption,0.08,kWh,UCI 374 - Appliances Energy Prediction,2016-01-12T18:00:00
"Low-energy house, Belgium",2016-01,electricity consumption,0.09,kWh,UCI 374 - Appliances Energy Prediction,2016-01-12T18:10:00
"Low-energy house, Belgium",2016-01,electricity consumption,0.07,kWh,UCI 374 - Appliances Energy Prediction,2016-01-12T18:20:00
"Low-energy house, Belgium",2016-01,electricity consumption,0.04,kWh,UCI 374 - Appliances Energy Prediction,2016-01-12T18:30:00
"Low-energy house, Belgium",2016-01,electricity consumption,0.04,kWh,UCI 374 - Appliances Energy Prediction,2016-01-12T18:40:00
"Low-energy house, Belgium",2016-01,electricity consumption,0.03,kWh,UCI 374 - Appliances Energy Prediction,2016-01-12T18:50:00
"Low-energy house, Belgium",2016-01,electricity consumption,0.05,kWh,UCI 374 - Appliances Energy Prediction,2016-01-12T19:00:00
"Low-energy house, Belgium",2016-01,electricity consumption,0.05,kWh,UCI 374 - Appliances Energy Prediction,2016-01-12T19:10:00
"Low-energy house, Belgium",2016-01,electricity consumption,0.06,kWh,UCI 374 - Appliances Energy Prediction,2016-01-12T19:20:00
"Low-energy house, Belgium",2016-01,electricity consumption,0.05,kWh,UCI 374 - Appliances Energy Prediction,2016-01-12T19:30:00
"Low-energy house, Belgium",2016-01,electricity consumption,0.06,kWh,UCI 374 - Appliances Energy Prediction,2016-01-12T19:40:00
"Low-energy house, Belgium",2016-01,electricity consumption,0.06,kWh,UCI 374 - Appliances Energy Prediction,2016-01-12T19:50:00
"Low-energy house, Belgium",2016-01,electricity consumption,0.06,kWh,UCI 374 - Appliances Energy Prediction,2016-01-12T20:00:00
"Low-energy house, Belgium",2016-01,electricity consumption,0.05,kWh,UCI 374 - Appliances Energy Prediction,2016-01-12T20:10:00
"Low-energy house, Belgium",2016-01,electricity consumption,0.05,kWh,UCI 374 - Appliances Energy Prediction,2016-01-12T20:20:00
"Low-energy house, Belgium",2016-01,electricity consumption,0.05,kWh,UCI 374 - Appliances Energy Prediction,2016-01-12T20:30:00
"Low-energy house, Belgium",2016-01,electricity consumption,0.05,kWh,UCI 374 - Appliances Energy Prediction,2016-01-12T20:40:00
"Low-energy house, Belgium",2016-01,electricity consumption,0.05,kWh,UCI 374 - Appliances Energy Prediction,2016-01-12T20:50:00
"Low-energy house, Belgium",2016-01,electricity consumption,0.06,kWh,UCI 374 - Appliances Energy Prediction,2016-01-12T21:00:00
"Low-energy house, Belgium",2016-01,electricity consumption,0.06,kWh,UCI 374 - Appliances Energy Prediction,2016-01-12T21:10:00
"Low-energy house, Belgium",2016-01,electricity consumption,0.04,kWh,UCI 374 - Appliances Energy Prediction,2016-01-12T21:20:00
"Low-energy house, Belgium",2016-01,electricity consumption,0.03,kWh,UCI 374 - Appliances Energy Prediction,2016-01-12T21:30:00
"Low-energy house, Belgium",2016-01,electricity consumption,0.03,kWh,UCI 374 - Appliances Energy Prediction,2016-01-12T21:40:00
"Low-energy house, Belgium",2016-01,electricity consumption,0.03,kWh,UCI 374 - Appliances Energy Prediction,2016-01-12T21:50:00
"Low-energy house, Belgium",2016-01,electricity consumption,0.04,kWh,UCI 374 - Appliances Energy Prediction,2016-01-12T22:00:00
"Low-energy house, Belgium",2016-01,electricity consumption,0.05,kWh,UCI 374 - Appliances Energy Prediction,2016-01-12T22:10:00
"Low-energy house, Belgium",2016-01,electricity consumption,0.05,kWh,UCI 374 - Appliances Energy Prediction,2016-01-12T22:20:00
"Low-energy house, Belgium",2016-01,electricity consumption,0.05,kWh,UCI 374 - Appliances Energy Prediction,2016-01-12T22:30:00
"Low-energy house, Belgium",2016-01,electricity consumption,0.04,kWh,UCI 374 - Appliances Energy Prediction,2016-01-12T22:40:00
"Low-energy house, Belgium",2016-01,electricity consumption,0.05,kWh,UCI 374 - Appliances Energy Prediction,2016-01-12T22:50:00
"Low-energy house, Belgium",2016-01,electricity consumption,0.04,kWh,UCI 374 - Appliances Energy Prediction,2016-01-12T23:00:00
"Low-energy house, Belgium",2016-01,electricity consumption,0.04,kWh,UCI 374 - Appliances Energy Prediction,2016-01-12T23:10:00
"Low-energy house, Belgium",2016-01,electricity consumption,0.04,kWh,UCI 374 - Appliances Energy Prediction,2016-01-12T23:20:00
"Low-energy house, Belgium",2016-01,electricity consumption,0.04,kWh,UCI 374 - Appliances Energy Prediction,2016-01-12T23:30:00
"Low-energy house, Belgium",2016-01,electricity consumption,0.05,kWh,UCI 374 - Appliances Energy Prediction,2016-01-12T23:40:00
"Low-energy house, Belgium",2016-01,electricity consumption,0.05,kWh,UCI 374 - Appliances Energy Prediction,2016-01-12T23:50:00
"Low-energy house, Belgium",2016-01,electricity consumption,0.05,kWh,UCI 374 - Appliances Energy Prediction,2016-01-13T00:00:00
"Low-energy house, Belgium",2016-01,electricity consumption,0.03,kWh,UCI 374 - Appliances Energy Prediction,2016-01-13T00:10:00
"Low-energy house, Belgium",2016-01,electricity consumption,0.02,kWh,UCI 374 - Appliances Energy Prediction,2016-01-13T00:20:00
"Low-energy house, Belgium",2016-01,electricity consumption,0.03,kWh,UCI 374 - Appliances Energy Prediction,2016-01-13T00:30:00
"Low-energy house, Belgium",2016-01,electricity consumption,0.02,kWh,UCI 374 - Appliances Energy Prediction,2016-01-13T00:40:00
"Low-energy house, Belgium",2016-01,electricity consumption,0.04,kWh,UCI 374 - Appliances Energy Prediction,2016-01-13T00:50:00
"Low-energy house, Belgium",2016-01,electricity consumption,0.05,kWh,UCI 374 - Appliances Energy Prediction,2016-01-13T01:00:00
"Low-energy house, Belgium",2016-01,electricity consumption,0.06,kWh,UCI 374 - Appliances Energy Prediction,2016-01-13T01:10:00
"Low-energy house, Belgium",2016-01,electricity consumption,0.05,kWh,UCI 374 - Appliances Energy Prediction,2016-01-13T01:20:00
"Low-energy house, Belgium",2016-01,electricity consumption,0.04,kWh,UCI 374 - Appliances Energy Prediction,2016-01-13T01:30:00
"Low-energy house, Belgium",2016-01,electricity consumption,0.04,kWh,UCI 374 - Appliances Energy Prediction,2016-01-13T01:40:00
"Low-energy house, Belgium",2016-01,electricity consumption,0.05,kWh,UCI 374 - Appliances Energy Prediction,2016-01-13T01:50:00
"Low-energy house, Belgium",2016-01,electricity consumption,0.04,kWh,UCI 374 - Appliances Energy Prediction,2016-01-13T02:00:00
"Low-energy house, Belgium",2016-01,electricity consumption,0.04,kWh,UCI 374 - Appliances Energy Prediction,2016-01-13T02:10:00
"Low-energy house, Belgium",2016-01,electricity consumption,0.05,kWh,UCI 374 - Appliances Energy Prediction,2016-01-13T02:20:00
"Low-energy house, Belgium",2016-01,electricity consumption,0.05,kWh,UCI 374 - Appliances Energy Prediction,2016-01-13T02:30:00
"Low-energy house, Belgium",2016-01,electricity consumption,0.05,kWh,UCI 374 - Appliances Energy Prediction,2016-01-13T02:40:00
"Low-energy house, Belgium",2016-01,electricity consumption,0.04,kWh,UCI 374 - Appliances Energy Prediction,2016-01-13T02:50:00
"Low-energy house, Belgium",2016-01,electricity consumption,0.03,kWh,UCI 374 - Appliances Energy Prediction,2016-01-13T03:00:00
"Low-energy house, Belgium",2016-01,electricity consumption,0.02,kWh,UCI 374 - Appliances Energy Prediction,2016-01-13T03:10:00
"Low-energy house, Belgium",2016-01,electricity consumption,0.02,kWh,UCI 374 - Appliances Energy Prediction,2016-01-13T03:20:00
"Low-energy house, Belgium",2016-01,electricity consumption,0.02,kWh,UCI 374 - Appliances Energy Prediction,2016-01-13T03:30:00
"Low-energy house, Belgium",2016-01,electricity consumption,0.05,kWh,UCI 374 - Appliances Energy Prediction,2016-01-13T03:40:00
"Low-energy house, Belgium",2016-01,electricity consumption,0.05,kWh,UCI 374 - Appliances Energy Prediction,2016-01-13T03:50:00
"Low-energy house, Belgium",2016-01,electricity consumption,0.05,kWh,UCI 374 - Appliances Energy Prediction,2016-01-13T04:00:00
"Low-energy house, Belgium",2016-01,electricity consumption,0.04,kWh,UCI 374 - Appliances Energy Prediction,2016-01-13T04:10:00
"Low-energy house, Belgium",2016-01,electricity consumption,0.04,kWh,UCI 374 - Appliances Energy Prediction,2016-01-13T04:20:00
"Low-energy house, Belgium",2016-01,electricity consumption,0.05,kWh,UCI 374 - Appliances Energy Prediction,2016-01-13T04:30:00
"Low-energy house, Belgium",2016-01,electricity consumption,0.04,kWh,UCI 374 - Appliances Energy Prediction,2016-01-13T04:40:00
"Low-energy house, Belgium",2016-01,electricity consumption,0.05,kWh,UCI 374 - Appliances Energy Prediction,2016-01-13T04:50:00
"Low-energy house, Belgium",2016-01,electricity consumption,0.05,kWh,UCI 374 - Appliances Energy Prediction,2016-01-13T05:00:00
"Low-energy house, Belgium",2016-01,electricity consumption,0.05,kWh,UCI 374 - Appliances Energy Prediction,2016-01-13T05:10:00
"Low-energy house, Belgium",2016-01,electricity consumption,0.04,kWh,UCI 374 - Appliances Energy Prediction,2016-01-13T05:20:00
"Low-energy house, Belgium",2016-01,electricity consumption,0.04,kWh,UCI 374 - Appliances Energy Prediction,2016-01-13T05:30:00
"Low-energy house, Belgium",2016-01,electricity consumption,0.05,kWh,UCI 374 - Appliances Energy Prediction,2016-01-13T05:40:00
"Low-energy house, Belgium",2016-01,electricity consumption,0.02,kWh,UCI 374 - Appliances Energy Prediction,2016-01-13T05:50:00
"Low-energy house, Belgium",2016-01,electricity consumption,0.02,kWh,UCI 374 - Appliances Energy Prediction,2016-01-13T06:00:00
"Low-energy house, Belgium",2016-01,electricity consumption,0.05,kWh,UCI 374 - Appliances Energy Prediction,2016-01-13T06:10:00
"Low-energy house, Belgium",2016-01,electricity consumption,0.03,kWh,UCI 374 - Appliances Energy Prediction,2016-01-13T06:20:00
"Low-energy house, Belgium",2016-01,electricity consumption,0.05,kWh,UCI 374 - Appliances Energy Prediction,2016-01-13T06:30:00
"Low-energy house, Belgium",2016-01,electricity consumption,0.05,kWh,UCI 374 - Appliances Energy Prediction,2016-01-13T06:40:00
"Low-energy house, Belgium",2016-01,electricity consumption,0.2,kWh,UCI 374 - Appliances Energy Prediction,2016-01-13T06:50:00
"Low-energy house, Belgium",2016-01,electricity consumption,0.11,kWh,UCI 374 - Appliances Energy Prediction,2016-01-13T07:00:00
"Low-energy house, Belgium",2016-01,electricity consumption,0.08,kWh,UCI 374 - Appliances Energy Prediction,2016-01-13T07:10:00
"Low-energy house, Belgium",2016-01,electricity consumption,0.05,kWh,UCI 374 - Appliances Energy Prediction,2016-01-13T07:20:00
"Low-energy house, Belgium",2016-01,electricity consumption,0.05,kWh,UCI 374 - Appliances Energy Prediction,2016-01-13T07:30:00
"Low-energy house, Belgium",2016-01,electricity consumption,0.05,kWh,UCI 374 - Appliances Energy Prediction,2016-01-13T07:40:00
"Low-energy house, Belgium",2016-01,electricity consumption,0.04,kWh,UCI 374 - Appliances Energy Prediction,2016-01-13T07:50:00
"Low-energy house, Belgium",2016-01,electricity consumption,0.04,kWh,UCI 374 - Appliances Energy Prediction,2016-01-13T08:00:00
"Low-energy house, Belgium",2016-01,electricity consumption,0.03,kWh,UCI 374 - Appliances Energy Prediction,2016-01-13T08:10:00
"Low-energy house, Belgium",2016-01,electricity consumption,0.18,kWh,UCI 374 - Appliances Energy Prediction,2016-01-13T08:20:00
"Low-energy house, Belgium",2016-01,electricity consumption,0.35,kWh,UCI 374 - Appliances Energy Prediction,2016-01-13T08:30:00
"Low-energy house, Belgium",2016-01,electricity consumption,0.35,kWh,UCI 374 - Appliances Energy Prediction,2016-01-13T08:40:00
"Low-energy house, Belgium",2016-01,electricity consumption,0.3,kWh,UCI 374 - Appliances Energy Prediction,2016-01-13T08:50:00
"Low-energy house, Belgium",2016-01,electricity consumption,0.4,kWh,UCI 374 - Appliances Energy Prediction,2016-01-13T09:00:00
"Low-energy house, Belgium",2016-01,electricity consumption,0.39,kWh,UCI 374 - Appliances Energy Prediction,2016-01-13T09:10:00
"Low-energy house, Belgium",2016-01,electricity consumption,0.29,kWh,UCI 374 - Appliances Energy Prediction,2016-01-13T09:20:00
"Low-energy house, Belgium",2016-01,electricity consumption,0.06,kWh,UCI 374 - Appliances Energy Prediction,2016-01-13T09:30:00
"Low-energy house, Belgium",2016-01,electricity consumption,0.07,kWh,UCI 374 - Appliances Energy Prediction,2016-01-13T09:40:00
"Low-energy house, Belgium",2016-01,electricity consumption,0.11,kWh,UCI 374 - Appliances Energy Prediction,2016-01-13T09:50:00
"Low-energy house, Belgium",2016-01,electricity consumption,0.09,kWh,UCI 374 - Appliances Energy Prediction,2016-01-13T10:00:00
"Low-energy house, Belgium",2016-01,electricity consumption,0.06,kWh,UCI 374 - Appliances Energy Prediction,2016-01-13T10:10:00
"Low-energy house, Belgium",2016-01,electricity consumption,0.07,kWh,UCI 374 - Appliances Energy Prediction,2016-01-13T10:20:00
"Low-energy house, Belgium",2016-01,electricity consumption,0.08,kWh,UCI 374 - Appliances Energy Prediction,2016-01-13T10:30:00
"Low-energy house, Belgium",2016-01,electricity consumption,0.06,kWh,UCI 374 - Appliances Energy Prediction,2016-01-13T10:40:00
"Low-energy house, Belgium",2016-01,electricity consumption,0.04,kWh,UCI 374 - Appliances Energy Prediction,2016-01-13T10:50:00
"Low-energy house, Belgium",2016-01,electricity consumption,0.03,kWh,UCI 374 - Appliances Energy Prediction,2016-01-13T11:00:00
"Low-energy house, Belgium",2016-01,electricity consumption,0.07,kWh,UCI 374 - Appliances Energy Prediction,2016-01-13T11:10:00
"Low-energy house, Belgium",2016-01,electricity consumption,0.05,kWh,UCI 374 - Appliances Energy Prediction,2016-01-13T11:20:00
"Low-energy house, Belgium",2016-01,electricity consumption,0.08,kWh,UCI 374 - Appliances Energy Prediction,2016-01-13T11:30:00
"Low-energy house, Belgium",2016-01,electricity consumption,0.08,kWh,UCI 374 - Appliances Energy Prediction,2016-01-13T11:40:00
"Low-energy house, Belgium",2016-01,electricity consumption,0.05,kWh,UCI 374 - Appliances Energy Prediction,2016-01-13T11:50:00
"Low-energy house, Belgium",2016-01,electricity consumption,0.04,kWh,UCI 374 - Appliances Energy Prediction,2016-01-13T12:00:00
"Low-energy house, Belgium",2016-01,electricity consumption,0.05,kWh,UCI 374 - Appliances Energy Prediction,2016-01-13T12:10:00
"Low-energy house, Belgium",2016-01,electricity consumption,0.04,kWh,UCI 374 - Appliances Energy Prediction,2016-01-13T12:20:00
"Low-energy house, Belgium",2016-01,electricity consumption,0.04,kWh,UCI 374 - Appliances Energy Prediction,2016-01-13T12:30:00
"Low-energy house, Belgium",2016-01,electricity consumption,0.05,kWh,UCI 374 - Appliances Energy Prediction,2016-01-13T12:40:00
"Low-energy house, Belgium",2016-01,electricity consumption,0.03,kWh,UCI 374 - Appliances Energy Prediction,2016-01-13T12:50:00
"Low-energy house, Belgium",2016-01,electricity consumption,0.03,kWh,UCI 374 - Appliances Energy Prediction,2016-01-13T13:00:00
"Low-energy house, Belgium",2016-01,electricity consumption,0.02,kWh,UCI 374 - Appliances Energy Prediction,2016-01-13T13:10:00
"Low-energy house, Belgium",2016-01,electricity consumption,0.02,kWh,UCI 374 - Appliances Energy Prediction,2016-01-13T13:20:00
"Low-energy house, Belgium",2016-01,electricity consumption,0.05,kWh,UCI 374 - Appliances Energy Prediction,2016-01-13T13:30:00
"Low-energy house, Belgium",2016-01,electricity consumption,0.04,kWh,UCI 374 - Appliances Energy Prediction,2016-01-13T13:40:00
"Low-energy house, Belgium",2016-01,electricity consumption,0.05,kWh,UCI 374 - Appliances Energy Prediction,2016-01-13T13:50:00
"Low-energy house, Belgium",2016-01,electricity consumption,0.04,kWh,UCI 374 - Appliances Energy Prediction,2016-01-13T14:00:00
"Low-energy house, Belgium",2016-01,electricity consumption,0.06,kWh,UCI 374 - Appliances Energy Prediction,2016-01-13T14:10:00
"Low-energy house, Belgium",2016-01,electricity consumption,0.04,kWh,UCI 374 - Appliances Energy Prediction,2016-01-13T14:20:00
"Low-energy house, Belgium",2016-01,electricity consumption,0.04,kWh,UCI 374 - Appliances Energy Prediction,2016-01-13T14:30:00
"Low-energy house, Belgium",2016-01,electricity consumption,0.05,kWh,UCI 374 - Appliances Energy Prediction,2016-01-13T14:40:00
"Low-energy house, Belgium",2016-01,electricity consumption,0.04,kWh,UCI 374 - Appliances Energy Prediction,2016-01-13T14:50:00
"Low-energy house, Belgium",2016-01,electricity consumption,0.04,kWh,UCI 374 - Appliances Energy Prediction,2016-01-13T15:00:00
"Low-energy house, Belgium",2016-01,electricity consumption,0.03,kWh,UCI 374 - Appliances Energy Prediction,2016-01-13T15:10:00
"Low-energy house, Belgium",2016-01,electricity consumption,0.03,kWh,UCI 374 - Appliances Energy Prediction,2016-01-13T15:20:00
"Low-energy house, Belgium",2016-01,electricity consumption,0.03,kWh,UCI 374 - Appliances Energy Prediction,2016-01-13T15:30:00
"Low-energy house, Belgium",2016-01,electricity consumption,0.04,kWh,UCI 374 - Appliances Energy Prediction,2016-01-13T15:40:00
"Low-energy house, Belgium",2016-01,electricity consumption,0.08,kWh,UCI 374 - Appliances Energy Prediction,2016-01-13T15:50:00
"Low-energy house, Belgium",2016-01,electricity consumption,0.07,kWh,UCI 374 - Appliances Energy Prediction,2016-01-13T16:00:00
"Low-energy house, Belgium",2016-01,electricity consumption,0.08,kWh,UCI 374 - Appliances Energy Prediction,2016-01-13T16:10:00
"Low-energy house, Belgium",2016-01,electricity consumption,0.07,kWh,UCI 374 - Appliances Energy Prediction,2016-01-13T16:20:00
"Low-energy house, Belgium",2016-01,electricity consumption,0.08,kWh,UCI 374 - Appliances Energy Prediction,2016-01-13T16:30:00
"Low-energy house, Belgium",2016-01,electricity consumption,0.08,kWh,UCI 374 - Appliances Energy Prediction,2016-01-13T16:40:00
"Low-energy house, Belgium",2016-01,electricity consumption,0.1,kWh,UCI 374 - Appliances Energy Prediction,2016-01-13T16:50:00
"Low-energy house, Belgium",2016-01,electricity consumption,0.09,kWh,UCI 374 - Appliances Energy Prediction,2016-01-13T17:00:00
"Low-energy house, Belgium",2016-01,electricity consumption,0.1,kWh,UCI 374 - Appliances Energy Prediction,2016-01-13T17:10:00
"Low-energy house, Belgium",2016-01,electricity consumption,0.09,kWh,UCI 374 - Appliances Energy Prediction,2016-01-13T17:20:00
"Low-energy house, Belgium",2016-01,electricity consumption,0.11,kWh,UCI 374 - Appliances Energy Prediction,2016-01-13T17:30:00
"Low-energy house, Belgium",2016-01,electricity consumption,0.09,kWh,UCI 374 - Appliances Energy Prediction,2016-01-13T17:40:00
"Low-energy house, Belgium",2016-01,electricity consumption,0.1,kWh,UCI 374 - Appliances Energy Prediction,2016-01-13T17:50:00
"Low-energy house, Belgium",2016-01,electricity consumption,0.1,kWh,UCI 374 - Appliances Energy Prediction,2016-01-13T18:00:00
"Low-energy house, Belgium",2016-01,electricity consumption,0.11,kWh,UCI 374 - Appliances Energy Prediction,2016-01-13T18:10:00
"Low-energy house, Belgium",2016-01,electricity consumption,0.1,kWh,UCI 374 - Appliances Energy Prediction,2016-01-13T18:20:00
"Low-energy house, Belgium",2016-01,electricity consumption,0.09,kWh,UCI 374 - Appliances Energy Prediction,2016-01-13T18:30:00
"Low-energy house, Belgium",2016-01,electricity consumption,0.09,kWh,UCI 374 - Appliances Energy Prediction,2016-01-13T18:40:00
"Low-energy house, Belgium",2016-01,electricity consumption,0.18,kWh,UCI 374 - Appliances Energy Prediction,2016-01-13T18:50:00
"Low-energy house, Belgium",2016-01,electricity consumption,0.14,kWh,UCI 374 - Appliances Energy Prediction,2016-01-13T19:00:00
"Low-energy house, Belgium",2016-01,electricity consumption,0.1,kWh,UCI 374 - Appliances Energy Prediction,2016-01-13T19:10:00
"Low-energy house, Belgium",2016-01,electricity consumption,0.11,kWh,UCI 374 - Appliances Energy Prediction,2016-01-13T19:20:00
"Low-energy house, Belgium",2016-01,electricity consumption,0.34,kWh,UCI 374 - Appliances Energy Prediction,2016-01-13T19:30:00
"Low-energy house, Belgium",2016-01,electricity consumption,0.38,kWh,UCI 374 - Appliances Energy Prediction,2016-01-13T19:40:00
"Low-energy house, Belgium",2016-01,electricity consumption,0.21,kWh,UCI 374 - Appliances Energy Prediction,2016-01-13T19:50:00
"Low-energy house, Belgium",2016-01,electricity consumption,0.15,kWh,UCI 374 - Appliances Energy Prediction,2016-01-13T20:00:00
"Low-energy house, Belgium",2016-01,electricity consumption,0.33,kWh,UCI 374 - Appliances Energy Prediction,2016-01-13T20:10:00
"Low-energy house, Belgium",2016-01,electricity consumption,0.42,kWh,UCI 374 - Appliances Energy Prediction,2016-01-13T20:20:00
"Low-energy house, Belgium",2016-01,electricity consumption,0.33,kWh,UCI 374 - Appliances Energy Prediction,2016-01-13T20:30:00
"Low-energy house, Belgium",2016-01,electricity consumption,0.13,kWh,UCI 374 - Appliances Energy Prediction,2016-01-13T20:40:00
"Low-energy house, Belgium",2016-01,electricity consumption,0.13,kWh,UCI 374 - Appliances Energy Prediction,2016-01-13T20:50:00
"Low-energy house, Belgium",2016-01,electricity consumption,0.11,kWh,UCI 374 - Appliances Energy Prediction,2016-01-13T21:00:00
"Low-energy house, Belgium",2016-01,electricity consumption,0.25,kWh,UCI 374 - Appliances Energy Prediction,2016-01-13T21:10:00
"Low-energy house, Belgium",2016-01,electricity consumption,0.52,kWh,UCI 374 - Appliances Energy Prediction,2016-01-13T21:20:00
"Low-energy house, Belgium",2016-01,electricity consumption,0.36,kWh,UCI 374 - Appliances Energy Prediction,2016-01-13T21:30:00
"Low-energy house, Belgium",2016-01,electricity consumption,0.33,kWh,UCI 374 - Appliances Energy Prediction,2016-01-13T21:40:00
"Low-energy house, Belgium",2016-01,electricity consumption,0.31,kWh,UCI 374 - Appliances Energy Prediction,2016-01-13T21:50:00
"Low-energy house, Belgium",2016-01,electricity consumption,0.27,kWh,UCI 374 - Appliances Energy Prediction,2016-01-13T22:00:00
"Low-energy house, Belgium",2016-01,electricity consumption,0.23,kWh,UCI 374 - Appliances Energy Prediction,2016-01-13T22:10:00
"Low-energy house, Belgium",2016-01,electricity consumption,0.17,kWh,UCI 374 - Appliances Energy Prediction,2016-01-13T22:20:00
"Low-energy house, Belgium",2016-01,electricity consumption,0.06,kWh,UCI 374 - Appliances Energy Prediction,2016-01-13T22:30:00
"Low-energy house, Belgium",2016-01,electricity consumption,0.03,kWh,UCI 374 - Appliances Energy Prediction,2016-01-13T22:40:00
"Low-energy house, Belgium",2016-01,electricity consumption,0.03,kWh,UCI 374 - Appliances Energy Prediction,2016-01-13T22:50:00
"Low-energy house, Belgium",2016-01,electricity consumption,0.03,kWh,UCI 374 - Appliances Energy Prediction,2016-01-13T23:00:00
"Low-energy house, Belgium",2016-01,electricity consumption,0.04,kWh,UCI 374 - Appliances Energy Prediction,2016-01-13T23:10:00
"Low-energy house, Belgium",2016-01,electricity consumption,0.05,kWh,UCI 374 - Appliances Energy Prediction,2016-01-13T23:20:00
"Low-energy house, Belgium",2016-01,electricity consumption,0.05,kWh,UCI 374 - Appliances Energy Prediction,2016-01-13T23:30:00
"Low-energy house, Belgium",2016-01,electricity consumption,0.04,kWh,UCI 374 - Appliances Energy Prediction,2016-01-13T23:40:00
"Low-energy house, Belgium",2016-01,electricity consumption,0.04,kWh,UCI 374 - Appliances Energy Prediction,2016-01-13T23:50:00
"Low-energy house, Belgium",2016-01,electricity consumption,0.05,kWh,UCI 374 - Appliances Energy Prediction,2016-01-14T00:00:00
"Low-energy house, Belgium",2016-01,electricity consumption,0.05,kWh,UCI 374 - Appliances Energy Prediction,2016-01-14T00:10:00
"Low-energy house, Belgium",2016-01,electricity consumption,0.04,kWh,UCI 374 - Appliances Energy Prediction,2016-01-14T00:20:00
"Low-energy house, Belgium",2016-01,electricity consumption,0.06,kWh,UCI 374 - Appliances Energy Prediction,2016-01-14T00:30:00
"Low-energy house, Belgium",2016-01,electricity consumption,0.04,kWh,UCI 374 - Appliances Energy Prediction,2016-01-14T00:40:00
"Low-energy house, Belgium",2016-01,electricity consumption,0.04,kWh,UCI 374 - Appliances Energy Prediction,2016-01-14T00:50:00
"Low-energy house, Belgium",2016-01,electricity consumption,0.05,kWh,UCI 374 - Appliances Energy Prediction,2016-01-14T01:00:00
"Low-energy house, Belgium",2016-01,electricity consumption,0.04,kWh,UCI 374 - Appliances Energy Prediction,2016-01-14T01:10:00
"Low-energy house, Belgium",2016-01,electricity consumption,0.03,kWh,UCI 374 - Appliances Energy Prediction,2016-01-14T01:20:00
"Low-energy house, Belgium",2016-01,electricity consumption,0.03,kWh,UCI 374 - Appliances Energy Prediction,2016-01-14T01:30:00
"Low-energy house, Belgium",2016-01,electricity consumption,0.03,kWh,UCI 374 - Appliances Energy Prediction,2016-01-14T01:40:00
"Low-energy house, Belgium",2016-01,electricity consumption,0.04,kWh,UCI 374 - Appliances Energy Prediction,2016-01-14T01:50:00
"Low-energy house, Belgium",2016-01,electricity consumption,0.04,kWh,UCI 374 - Appliances Energy Prediction,2016-01-14T02:00:00
"Low-energy house, Belgium",2016-01,electricity consumption,0.05,kWh,UCI 374 - Appliances Energy Prediction,2016-01-14T02:10:00
"Low-energy house, Belgium",2016-01,electricity consumption,0.04,kWh,UCI 374 - Appliances Energy Prediction,2016-01-14T02:20:00
"Low-energy house, Belgium",2016-01,electricity consumption,0.04,kWh,UCI 374 - Appliances Energy Prediction,2016-01-14T02:30:00
"Low-energy house, Belgium",2016-01,electricity consumption,0.04,kWh,UCI 374 - Appliances Energy Prediction,2016-01-14T02:40:00
"Low-energy house, Belgium",2016-01,electricity consumption,0.05,kWh,UCI 374 - Appliances Energy Prediction,2016-01-14T02:50:00
"Low-energy house, Belgium",2016-01,electricity consumption,0.05,kWh,UCI 374 - Appliances Energy Prediction,2016-01-14T03:00:00
"Low-energy house, Belgium",2016-01,electricity consumption,0.05,kWh,UCI 374 - Appliances Energy Prediction,2016-01-14T03:10:00
"Low-energy house, Belgium",2016-01,electricity consumption,0.04,kWh,UCI 374 - Appliances Energy Prediction,2016-01-14T03:20:00
"Low-energy house, Belgium",2016-01,electricity consumption,0.05,kWh,UCI 374 - Appliances Energy Prediction,2016-01-14T03:30:00
"Low-energy house, Belgium",2016-01,electricity consumption,0.04,kWh,UCI 374 - Appliances Energy Prediction,2016-01-14T03:40:00
"Low-energy house, Belgium",2016-01,electricity consumption,0.04,kWh,UCI 374 - Appliances Energy Prediction,2016-01-14T03:50:00
"Low-energy house, Belgium",2016-01,electricity consumption,0.02,kWh,UCI 374 - Appliances Energy Prediction,2016-01-14T04:00:00
"Low-energy house, Belgium",2016-01,electricity consumption,0.03,kWh,UCI 374 - Appliances Energy Prediction,2016-01-14T04:10:00
"Low-energy house, Belgium",2016-01,electricity consumption,0.03,kWh,UCI 374 - Appliances Energy Prediction,2016-01-14T04:20:00
"Low-energy house, Belgium",2016-01,electricity consumption,0.04,kWh,UCI 374 - Appliances Energy Prediction,2016-01-14T04:30:00
"Low-energy house, Belgium",2016-01,electricity consumption,0.05,kWh,UCI 374 - Appliances Energy Prediction,2016-01-14T04:40:00
"Low-energy house, Belgium",2016-01,electricity consumption,0.04,kWh,UCI 374 - Appliances Energy Prediction,2016-01-14T04:50:00
"Low-energy house, Belgium",2016-01,electricity consumption,0.04,kWh,UCI 374 - Appliances Energy Prediction,2016-01-14T05:00:00
"Low-energy house, Belgium",2016-01,electricity consumption,0.05,kWh,UCI 374 - Appliances Energy Prediction,2016-01-14T05:10:00
"Low-energy house, Belgium",2016-01,electricity consumption,0.04,kWh,UCI 374 - Appliances Energy Prediction,2016-01-14T05:20:00
"Low-energy house, Belgium",2016-01,electricity consumption,0.05,kWh,UCI 374 - Appliances Energy Prediction,2016-01-14T05:30:00
"Low-energy house, Belgium",2016-01,electricity consumption,0.05,kWh,UCI 374 - Appliances Energy Prediction,2016-01-14T05:40:00
"Low-energy house, Belgium",2016-01,electricity consumption,0.04,kWh,UCI 374 - Appliances Energy Prediction,2016-01-14T05:50:00
"Low-energy house, Belgium",2016-01,electricity consumption,0.05,kWh,UCI 374 - Appliances Energy Prediction,2016-01-14T06:00:00
"Low-energy house, Belgium",2016-01,electricity consumption,0.04,kWh,UCI 374 - Appliances Energy Prediction,2016-01-14T06:10:00
"Low-energy house, Belgium",2016-01,electricity consumption,0.04,kWh,UCI 374 - Appliances Energy Prediction,2016-01-14T06:20:00
"Low-energy house, Belgium",2016-01,electricity consumption,0.04,kWh,UCI 374 - Appliances Energy Prediction,2016-01-14T06:30:00
"Low-energy house, Belgium",2016-01,electricity consumption,0.04,kWh,UCI 374 - Appliances Energy Prediction,2016-01-14T06:40:00
"Low-energy house, Belgium",2016-01,electricity consumption,0.03,kWh,UCI 374 - Appliances Energy Prediction,2016-01-14T06:50:00
"Low-energy house, Belgium",2016-01,electricity consumption,0.07,kWh,UCI 374 - Appliances Energy Prediction,2016-01-14T07:00:00
"Low-energy house, Belgium",2016-01,electricity consumption,0.36,kWh,UCI 374 - Appliances Energy Prediction,2016-01-14T07:10:00
"Low-energy house, Belgium",2016-01,electricity consumption,0.4,kWh,UCI 374 - Appliances Energy Prediction,2016-01-14T07:20:00
"Low-energy house, Belgium",2016-01,electricity consumption,0.07,kWh,UCI 374 - Appliances Energy Prediction,2016-01-14T07:30:00
"Low-energy house, Belgium",2016-01,electricity consumption,0.07,kWh,UCI 374 - Appliances Energy Prediction,2016-01-14T07:40:00
"Low-energy house, Belgium",2016-01,electricity consumption,0.39,kWh,UCI 374 - Appliances Energy Prediction,2016-01-14T07:50:00
"Low-energy house, Belgium",2016-01,electricity consumption,0.1,kWh,UCI 374 - Appliances Energy Prediction,2016-01-14T08:00:00
"Low-energy house, Belgium",2016-01,electricity consumption,0.08,kWh,UCI 374 - Appliances Energy Prediction,2016-01-14T08:10:00
"Low-energy house, Belgium",2016-01,electricity consumption,0.07,kWh,UCI 374 - Appliances Energy Prediction,2016-01-14T08:20:00
"Low-energy house, Belgium",2016-01,electricity consumption,0.17,kWh,UCI 374 - Appliances Energy Prediction,2016-01-14T08:30:00
"Low-energy house, Belgium",2016-01,electricity consumption,0.36,kWh,UCI 374 - Appliances Energy Prediction,2016-01-14T08:40:00
"Low-energy house, Belgium",2016-01,electricity consumption,0.18,kWh,UCI 374 - Appliances Energy Prediction,2016-01-14T08:50:00
"Low-energy house, Belgium",2016-01,electricity consumption,0.13,kWh,UCI 374 - Appliances Energy Prediction,2016-01-14T09:00:00
"Low-energy house, Belgium",2016-01,electricity consumption,0.07,kWh,UCI 374 - Appliances Energy Prediction,2016-01-14T09:10:00
"Low-energy house, Belgium",2016-01,electricity consumption,0.07,kWh,UCI 374 - Appliances Energy Prediction,2016-01-14T09:20:00
"Low-energy house, Belgium",2016-01,electricity consumption,0.18,kWh,UCI 374 - Appliances Energy Prediction,2016-01-14T09:30:00
"Low-energy house, Belgium",2016-01,electricity consumption,0.17,kWh,UCI 374 - Appliances Energy Prediction,2016-01-14T09:40:00
"Low-energy house, Belgium",2016-01,electricity consumption,0.39,kWh,UCI 374 - Appliances Energy Prediction,2016-01-14T09:50:00
"Low-energy house, Belgium",2016-01,electricity consumption,0.42,kWh,UCI 374 - Appliances Energy Prediction,2016-01-14T10:00:00
"Low-energy house, Belgium",2016-01,electricity consumption,0.34,kWh,UCI 374 - Appliances Energy Prediction,2016-01-14T10:10:00
"Low-energy house, Belgium",2016-01,electricity consumption,0.55,kWh,UCI 374 - Appliances Energy Prediction,2016-01-14T10:20:00
"Low-energy house, Belgium",2016-01,electricity consumption,0.69,kWh,UCI 374 - Appliances Energy Prediction,2016-01-14T10:30:00
"Low-energy house, Belgium",2016-01,electricity consumption,0.62,kWh,UCI 374 - Appliances Energy Prediction,2016-01-14T10:40:00
"Low-energy house, Belgium",2016-01,electricity consumption,0.61,kWh,UCI 374 - Appliances Energy Prediction,2016-01-14T10:50:00
"Low-energy house, Belgium",2016-01,electricity consumption,0.49,kWh,UCI 374 - Appliances Energy Prediction,2016-01-14T11:00:00
"Low-energy house, Belgium",2016-01,electricity consumption,0.26,kWh,UCI 374 - Appliances Energy Prediction,2016-01-14T11:10:00
"Low-energy house, Belgium",2016-01,electricity consumption,0.24,kWh,UCI 374 - Appliances Energy Prediction,2016-01-14T11:20:00
"Low-energy house, Belgium",2016-01,electricity consumption,0.22,kWh,UCI 374 - Appliances Energy Prediction,2016-01-14T11:30:00
"Low-energy house, Belgium",2016-01,electricity consumption,0.13,kWh,UCI 374 - Appliances Energy Prediction,2016-01-14T11:40:00
"Low-energy house, Belgium",2016-01,electricity consumption,0.09,kWh,UCI 374 - Appliances Energy Prediction,2016-01-14T11:50:00
"Low-energy house, Belgium",2016-01,electricity consumption,0.29,kWh,UCI 374 - Appliances Energy Prediction,2016-01-14T12:00:00
"Low-energy house, Belgium",2016-01,electricity consumption,0.41,kWh,UCI 374 - Appliances Energy Prediction,2016-01-14T12:10:00
"Low-energy house, Belgium",2016-01,electricity consumption,0.32,kWh,UCI 374 - Appliances Energy Prediction,2016-01-14T12:20:00
"Low-energy house, Belgium",2016-01,electricity consumption,0.26,kWh,UCI 374 - Appliances Energy Prediction,2016-01-14T12:30:00
"Low-energy house, Belgium",2016-01,electricity consumption,0.21,kWh,UCI 374 - Appliances Energy Prediction,2016-01-14T12:40:00
"Low-energy house, Belgium",2016-01,electricity consumption,0.21,kWh,UCI 374 - Appliances Energy Prediction,2016-01-14T12:50:00
"Low-energy house, Belgium",2016-01,electricity consumption,0.14,kWh,UCI 374 - Appliances Energy Prediction,2016-01-14T13:00:00
"Low-energy house, Belgium",2016-01,electricity consumption,0.06,kWh,UCI 374 - Appliances Energy Prediction,2016-01-14T13:10:00
"Low-energy house, Belgium",2016-01,electricity consumption,0.05,kWh,UCI 374 - Appliances Energy Prediction,2016-01-14T13:20:00
"Low-energy house, Belgium",2016-01,electricity consumption,0.06,kWh,UCI 374 - Appliances Energy Prediction,2016-01-14T13:30:00
"Low-energy house, Belgium",2016-01,electricity consumption,0.05,kWh,UCI 374 - Appliances Energy Prediction,2016-01-14T13:40:00
"Low-energy house, Belgium",2016-01,electricity consumption,0.06,kWh,UCI 374 - Appliances Energy Prediction,2016-01-14T13:50:00
"Low-energy house, Belgium",2016-01,electricity consumption,0.14,kWh,UCI 374 - Appliances Energy Prediction,2016-01-14T14:00:00
"Low-energy house, Belgium",2016-01,electricity consumption,0.27,kWh,UCI 374 - Appliances Energy Prediction,2016-01-14T14:10:00
"Low-energy house, Belgium",2016-01,electricity consumption,0.2,kWh,UCI 374 - Appliances Energy Prediction,2016-01-14T14:20:00
"Low-energy house, Belgium",2016-01,electricity consumption,0.06,kWh,UCI 374 - Appliances Energy Prediction,2016-01-14T14:30:00
"Low-energy house, Belgium",2016-01,electricity consumption,0.05,kWh,UCI 374 - Appliances Energy Prediction,2016-01-14T14:40:00
"Low-energy house, Belgium",2016-01,electricity consumption,0.06,kWh,UCI 374 - Appliances Energy Prediction,2016-01-14T14:50:00
"Low-energy house, Belgium",2016-01,electricity consumption,0.08,kWh,UCI 374 - Appliances Energy Prediction,2016-01-14T15:00:00
"Low-energy house, Belgium",2016-01,electricity consumption,0.05,kWh,UCI 374 - Appliances Energy Prediction,2016-01-14T15:10:00
"Low-energy house, Belgium",2016-01,electricity consumption,0.04,kWh,UCI 374 - Appliances Energy Prediction,2016-01-14T15:20:00
"Low-energy house, Belgium",2016-01,electricity consumption,0.05,kWh,UCI 374 - Appliances Energy Prediction,2016-01-14T15:30:00
"Low-energy house, Belgium",2016-01,electricity consumption,0.05,kWh,UCI 374 - Appliances Energy Prediction,2016-01-14T15:40:00
"Low-energy house, Belgium",2016-01,electricity consumption,0.04,kWh,UCI 374 - Appliances Energy Prediction,2016-01-14T15:50:00
"Low-energy house, Belgium",2016-01,electricity consumption,0.03,kWh,UCI 374 - Appliances Energy Prediction,2016-01-14T16:00:00
"Low-energy house, Belgium",2016-01,electricity consumption,0.03,kWh,UCI 374 - Appliances Energy Prediction,2016-01-14T16:10:00
"Low-energy house, Belgium",2016-01,electricity consumption,0.2,kWh,UCI 374 - Appliances Energy Prediction,2016-01-14T16:20:00
"Low-energy house, Belgium",2016-01,electricity consumption,0.45,kWh,UCI 374 - Appliances Energy Prediction,2016-01-14T16:30:00
"Low-energy house, Belgium",2016-01,electricity consumption,0.4,kWh,UCI 374 - Appliances Energy Prediction,2016-01-14T16:40:00
"Low-energy house, Belgium",2016-01,electricity consumption,0.74,kWh,UCI 374 - Appliances Energy Prediction,2016-01-14T16:50:00
"Low-energy house, Belgium",2016-01,electricity consumption,0.91,kWh,UCI 374 - Appliances Energy Prediction,2016-01-14T17:00:00
"Low-energy house, Belgium",2016-01,electricity consumption,0.61,kWh,UCI 374 - Appliances Energy Prediction,2016-01-14T17:10:00
"Low-energy house, Belgium",2016-01,electricity consumption,0.51,kWh,UCI 374 - Appliances Energy Prediction,2016-01-14T17:20:00
"Low-energy house, Belgium",2016-01,electricity consumption,0.19,kWh,UCI 374 - Appliances Energy Prediction,2016-01-14T17:30:00
"Low-energy house, Belgium",2016-01,electricity consumption,0.11,kWh,UCI 374 - Appliances Energy Prediction,2016-01-14T17:40:00
"Low-energy house, Belgium",2016-01,electricity consumption,0.1,kWh,UCI 374 - Appliances Energy Prediction,2016-01-14T17:50:00
"Low-energy house, Belgium",2016-01,electricity consumption,0.09,kWh,UCI 374 - Appliances Energy Prediction,2016-01-14T18:00:00
"Low-energy house, Belgium",2016-01,electricity consumption,0.11,kWh,UCI 374 - Appliances Energy Prediction,2016-01-14T18:10:00
"Low-energy house, Belgium",2016-01,electricity consumption,0.1,kWh,UCI 374 - Appliances Energy Prediction,2016-01-14T18:20:00
"Low-energy house, Belgium",2016-01,electricity consumption,0.11,kWh,UCI 374 - Appliances Energy Prediction,2016-01-14T18:30:00
"Low-energy house, Belgium",2016-01,electricity consumption,0.1,kWh,UCI 374 - Appliances Energy Prediction,2016-01-14T18:40:00
"Low-energy house, Belgium",2016-01,electricity consumption,0.79,kWh,UCI 374 - Appliances Energy Prediction,2016-01-14T18:50:00
"Low-energy house, Belgium",2016-01,electricity consumption,0.38,kWh,UCI 374 - Appliances Energy Prediction,2016-01-14T19:00:00
"Low-energy house, Belgium",2016-01,electricity consumption,0.36,kWh,UCI 374 - Appliances Energy Prediction,2016-01-14T19:10:00
"Low-energy house, Belgium",2016-01,electricity consumption,0.36,kWh,UCI 374 - Appliances Energy Prediction,2016-01-14T19:20:00
"Low-energy house, Belgium",2016-01,electricity consumption,0.1,kWh,UCI 374 - Appliances Energy Prediction,2016-01-14T19:30:00
"Low-energy house, Belgium",2016-01,electricity consumption,0.1,kWh,UCI 374 - Appliances Energy Prediction,2016-01-14T19:40:00
"Low-energy house, Belgium",2016-01,electricity consumption,0.09,kWh,UCI 374 - Appliances Energy Prediction,2016-01-14T19:50:00
"Low-energy house, Belgium",2016-01,electricity consumption,0.09,kWh,UCI 374 - Appliances Energy Prediction,2016-01-14T20:00:00
"Low-energy house, Belgium",2016-01,electricity consumption,0.11,kWh,UCI 374 - Appliances Energy Prediction,2016-01-14T20:10:00
"Low-energy house, Belgium",2016-01,electricity consumption,0.14,kWh,UCI 374 - Appliances Energy Prediction,2016-01-14T20:20:00
"Low-energy house, Belgium",2016-01,electricity consumption,0.11,kWh,UCI 374 - Appliances Energy Prediction,2016-01-14T20:30:00
"Low-energy house, Belgium",2016-01,electricity consumption,0.1,kWh,UCI 374 - Appliances Energy Prediction,2016-01-14T20:40:00
"Low-energy house, Belgium",2016-01,electricity consumption,0.11,kWh,UCI 374 - Appliances Energy Prediction,2016-01-14T20:50:00
"Low-energy house, Belgium",2016-01,electricity consumption,0.13,kWh,UCI 374 - Appliances Energy Prediction,2016-01-14T21:00:00
"Low-energy house, Belgium",2016-01,electricity consumption,0.14,kWh,UCI 374 - Appliances Energy Prediction,2016-01-14T21:10:00
"Low-energy house, Belgium",2016-01,electricity consumption,0.13,kWh,UCI 374 - Appliances Energy Prediction,2016-01-14T21:20:00
"Low-energy house, Belgium",2016-01,electricity consumption,0.12,kWh,UCI 374 - Appliances Energy Prediction,2016-01-14T21:30:00
"Low-energy house, Belgium",2016-01,electricity consumption,0.1,kWh,UCI 374 - Appliances Energy Prediction,2016-01-14T21:40:00
"Low-energy house, Belgium",2016-01,electricity consumption,0.08,kWh,UCI 374 - Appliances Energy Prediction,2016-01-14T21:50:00
"Low-energy house, Belgium",2016-01,electricity consumption,0.05,kWh,UCI 374 - Appliances Energy Prediction,2016-01-14T22:00:00
"Low-energy house, Belgium",2016-01,electricity consumption,0.05,kWh,UCI 374 - Appliances Energy Prediction,2016-01-14T22:10:00
"Low-energy house, Belgium",2016-01,electricity consumption,0.05,kWh,UCI 374 - Appliances Energy Prediction,2016-01-14T22:20:00
"Low-energy house, Belgium",2016-01,electricity consumption,0.04,kWh,UCI 374 - Appliances Energy Prediction,2016-01-14T22:30:00
"Low-energy house, Belgium",2016-01,electricity consumption,0.05,kWh,UCI 374 - Appliances Energy Prediction,2016-01-14T22:40:00
"Low-energy house, Belgium",2016-01,electricity consumption,0.05,kWh,UCI 374 - Appliances Energy Prediction,2016-01-14T22:50:00
"Low-energy house, Belgium",2016-01,electricity consumption,0.05,kWh,UCI 374 - Appliances Energy Prediction,2016-01-14T23:00:00
"Low-energy house, Belgium",2016-01,electricity consumption,0.04,kWh,UCI 374 - Appliances Energy Prediction,2016-01-14T23:10:00
"Low-energy house, Belgium",2016-01,electricity consumption,0.03,kWh,UCI 374 - Appliances Energy Prediction,2016-01-14T23:20:00
"Low-energy house, Belgium",2016-01,electricity consumption,0.03,kWh,UCI 374 - Appliances Energy Prediction,2016-01-14T23:30:00
"Low-energy house, Belgium",2016-01,electricity consumption,0.04,kWh,UCI 374 - Appliances Energy Prediction,2016-01-14T23:40:00
"Low-energy house, Belgium",2016-01,electricity consumption,0.04,kWh,UCI 374 - Appliances Energy Prediction,2016-01-14T23:50:00
"Low-energy house, Belgium",2016-01,electricity consumption,0.05,kWh,UCI 374 - Appliances Energy Prediction,2016-01-15T00:00:00
"Low-energy house, Belgium",2016-01,electricity consumption,0.06,kWh,UCI 374 - Appliances Energy Prediction,2016-01-15T00:10:00
"Low-energy house, Belgium",2016-01,electricity consumption,0.05,kWh,UCI 374 - Appliances Energy Prediction,2016-01-15T00:20:00
"Low-energy house, Belgium",2016-01,electricity consumption,0.06,kWh,UCI 374 - Appliances Energy Prediction,2016-01-15T00:30:00
"Low-energy house, Belgium",2016-01,electricity consumption,0.05,kWh,UCI 374 - Appliances Energy Prediction,2016-01-15T00:40:00
"Low-energy house, Belgium",2016-01,electricity consumption,0.05,kWh,UCI 374 - Appliances Energy Prediction,2016-01-15T00:50:00
"Low-energy house, Belgium",2016-01,electricity consumption,0.05,kWh,UCI 374 - Appliances Energy Prediction,2016-01-15T01:00:00
"Low-energy house, Belgium",2016-01,electricity consumption,0.05,kWh,UCI 374 - Appliances Energy Prediction,2016-01-15T01:10:00
"Low-energy house, Belgium",2016-01,electricity consumption,0.05,kWh,UCI 374 - Appliances Energy Prediction,2016-01-15T01:20:00
"Low-energy house, Belgium",2016-01,electricity consumption,0.05,kWh,UCI 374 - Appliances Energy Prediction,2016-01-15T01:30:00
"Low-energy house, Belgium",2016-01,electricity consumption,0.06,kWh,UCI 374 - Appliances Energy Prediction,2016-01-15T01:40:00
"Low-energy house, Belgium",2016-01,electricity consumption,0.05,kWh,UCI 374 - Appliances Energy Prediction,2016-01-15T01:50:00
"Low-energy house, Belgium",2016-01,electricity consumption,0.05,kWh,UCI 374 - Appliances Energy Prediction,2016-01-15T02:00:00
"Low-energy house, Belgium",2016-01,electricity consumption,0.05,kWh,UCI 374 - Appliances Energy Prediction,2016-01-15T02:10:00
"Low-energy house, Belgium",2016-01,electricity consumption,0.05,kWh,UCI 374 - Appliances Energy Prediction,2016-01-15T02:20:00
"Low-energy house, Belgium",2016-01,electricity consumption,0.04,kWh,UCI 374 - Appliances Energy Prediction,2016-01-15T02:30:00
"Low-energy house, Belgium",2016-01,electricity consumption,0.05,kWh,UCI 374 - Appliances Energy Prediction,2016-01-15T02:40:00
"Low-energy house, Belgium",2016-01,electricity consumption,0.04,kWh,UCI 374 - Appliances Energy Prediction,2016-01-15T02:50:00
"Low-energy house, Belgium",2016-01,electricity consumption,0.03,kWh,UCI 374 - Appliances Energy Prediction,2016-01-15T03:00:00
"Low-energy house, Belgium",2016-01,electricity consumption,0.04,kWh,UCI 374 - Appliances Energy Prediction,2016-01-15T03:10:00
"Low-energy house, Belgium",2016-01,electricity consumption,0.03,kWh,UCI 374 - Appliances Energy Prediction,2016-01-15T03:20:00
"Low-energy house, Belgium",2016-01,electricity consumption,0.06,kWh,UCI 374 - Appliances Energy Prediction,2016-01-15T03:30:00
"Low-energy house, Belgium",2016-01,electricity consumption,0.05,kWh,UCI 374 - Appliances Energy Prediction,2016-01-15T03:40:00
"Low-energy house, Belgium",2016-01,electricity consumption,0.05,kWh,UCI 374 - Appliances Energy Prediction,2016-01-15T03:50:00
"Low-energy house, Belgium",2016-01,electricity consumption,0.04,kWh,UCI 374 - Appliances Energy Prediction,2016-01-15T04:00:00
"Low-energy house, Belgium",2016-01,electricity consumption,0.05,kWh,UCI 374 - Appliances Energy Prediction,2016-01-15T04:10:00
"Low-energy house, Belgium",2016-01,electricity consumption,0.06,kWh,UCI 374 - Appliances Energy Prediction,2016-01-15T04:20:00
"Low-energy house, Belgium",2016-01,electricity consumption,0.05,kWh,UCI 374 - Appliances Energy Prediction,2016-01-15T04:30:00
"Low-energy house, Belgium",2016-01,electricity consumption,0.05,kWh,UCI 374 - Appliances Energy Prediction,2016-01-15T04:40:00
"Low-energy house, Belgium",2016-01,electricity consumption,0.05,kWh,UCI 374 - Appliances Energy Prediction,2016-01-15T04:50:00
"Low-energy house, Belgium",2016-01,electricity consumption,0.05,kWh,UCI 374 - Appliances Energy Prediction,2016-01-15T05:00:00
"Low-energy house, Belgium",2016-01,electricity consumption,0.04,kWh,UCI 374 - Appliances Energy Prediction,2016-01-15T05:10:00
"Low-energy house, Belgium",2016-01,electricity consumption,0.05,kWh,UCI 374 - Appliances Energy Prediction,2016-01-15T05:20:00
"Low-energy house, Belgium",2016-01,electricity consumption,0.05,kWh,UCI 374 - Appliances Energy Prediction,2016-01-15T05:30:00
"Low-energy house, Belgium",2016-01,electricity consumption,0.05,kWh,UCI 374 - Appliances Energy Prediction,2016-01-15T05:40:00
"Low-energy house, Belgium",2016-01,electricity consumption,0.06,kWh,UCI 374 - Appliances Energy Prediction,2016-01-15T05:50:00
"Low-energy house, Belgium",2016-01,electricity consumption,0.05,kWh,UCI 374 - Appliances Energy Prediction,2016-01-15T06:00:00
"Low-energy house, Belgium",2016-01,electricity consumption,0.04,kWh,UCI 374 - Appliances Energy Prediction,2016-01-15T06:10:00
"Low-energy house, Belgium",2016-01,electricity consumption,0.05,kWh,UCI 374 - Appliances Energy Prediction,2016-01-15T06:20:00
"Low-energy house, Belgium",2016-01,electricity consumption,0.05,kWh,UCI 374 - Appliances Energy Prediction,2016-01-15T06:30:00
"Low-energy house, Belgium",2016-01,electricity consumption,0.05,kWh,UCI 374 - Appliances Energy Prediction,2016-01-15T06:40:00
"Low-energy house, Belgium",2016-01,electricity consumption,0.03,kWh,UCI 374 - Appliances Energy Prediction,2016-01-15T06:50:00
"Low-energy house, Belgium",2016-01,electricity consumption,0.07,kWh,UCI 374 - Appliances Energy Prediction,2016-01-15T07:00:00
"Low-energy house, Belgium",2016-01,electricity consumption,0.05,kWh,UCI 374 - Appliances Energy Prediction,2016-01-15T07:10:00
"Low-energy house, Belgium",2016-01,electricity consumption,0.05,kWh,UCI 374 - Appliances Energy Prediction,2016-01-15T07:20:00
"Low-energy house, Belgium",2016-01,electricity consumption,0.05,kWh,UCI 374 - Appliances Energy Prediction,2016-01-15T07:30:00
"Low-energy house, Belgium",2016-01,electricity consumption,0.05,kWh,UCI 374 - Appliances Energy Prediction,2016-01-15T07:40:00
"Low-energy house, Belgium",2016-01,electricity consumption,0.04,kWh,UCI 374 - Appliances Energy Prediction,2016-01-15T07:50:00
"Low-energy house, Belgium",2016-01,electricity consumption,0.05,kWh,UCI 374 - Appliances Energy Prediction,2016-01-15T08:00:00
"Low-energy house, Belgium",2016-01,electricity consumption,0.05,kWh,UCI 374 - Appliances Energy Prediction,2016-01-15T08:10:00
"Low-energy house, Belgium",2016-01,electricity consumption,0.15,kWh,UCI 374 - Appliances Energy Prediction,2016-01-15T08:20:00
"Low-energy house, Belgium",2016-01,electricity consumption,0.39,kWh,UCI 374 - Appliances Energy Prediction,2016-01-15T08:30:00
"Low-energy house, Belgium",2016-01,electricity consumption,0.39,kWh,UCI 374 - Appliances Energy Prediction,2016-01-15T08:40:00
"Low-energy house, Belgium",2016-01,electricity consumption,0.38,kWh,UCI 374 - Appliances Energy Prediction,2016-01-15T08:50:00
"Low-energy house, Belgium",2016-01,electricity consumption,0.4,kWh,UCI 374 - Appliances Energy Prediction,2016-01-15T09:00:00
"Low-energy house, Belgium",2016-01,electricity consumption,0.37,kWh,UCI 374 - Appliances Energy Prediction,2016-01-15T09:10:00
"Low-energy house, Belgium",2016-01,electricity consumption,0.31,kWh,UCI 374 - Appliances Energy Prediction,2016-01-15T09:20:00
"Low-energy house, Belgium",2016-01,electricity consumption,0.04,kWh,UCI 374 - Appliances Energy Prediction,2016-01-15T09:30:00
"Low-energy house, Belgium",2016-01,electricity consumption,0.05,kWh,UCI 374 - Appliances Energy Prediction,2016-01-15T09:40:00
"Low-energy house, Belgium",2016-01,electricity consumption,0.07,kWh,UCI 374 - Appliances Energy Prediction,2016-01-15T09:50:00
"Low-energy house, Belgium",2016-01,electricity consumption,0.06,kWh,UCI 374 - Appliances Energy Prediction,2016-01-15T10:00:00
"Low-energy house, Belgium",2016-01,electricity consumption,0.09,kWh,UCI 374 - Appliances Energy Prediction,2016-01-15T10:10:00
"Low-energy house, Belgium",2016-01,electricity consumption,0.06,kWh,UCI 374 - Appliances Energy Prediction,2016-01-15T10:20:00
"Low-energy house, Belgium",2016-01,electricity consumption,0.06,kWh,UCI 374 - Appliances Energy Prediction,2016-01-15T10:30:00
"Low-energy house, Belgium",2016-01,electricity consumption,0.1,kWh,UCI 374 - Appliances Energy Prediction,2016-01-15T10:40:00
"Low-energy house, Belgium",2016-01,electricity consumption,0.38,kWh,UCI 374 - Appliances Energy Prediction,2016-01-15T10:50:00
"Low-energy house, Belgium",2016-01,electricity consumption,0.39,kWh,UCI 374 - Appliances Energy Prediction,2016-01-15T11:00:00
"Low-energy house, Belgium",2016-01,electricity consumption,0.13,kWh,UCI 374 - Appliances Energy Prediction,2016-01-15T11:10:00
"Low-energy house, Belgium",2016-01,electricity consumption,0.06,kWh,UCI 374 - Appliances Energy Prediction,2016-01-15T11:20:00
"Low-energy house, Belgium",2016-01,electricity consumption,0.06,kWh,UCI 374 - Appliances Energy Prediction,2016-01-15T11:30:00
"Low-energy house, Belgium",2016-01,electricity consumption,0.05,kWh,UCI 374 - Appliances Energy Prediction,2016-01-15T11:40:00
"Low-energy house, Belgium",2016-01,electricity consumption,0.06,kWh,UCI 374 - Appliances Energy Prediction,2016-01-15T11:50:00
"Low-energy house, Belgium",2016-01,electricity consumption,0.06,kWh,UCI 374 - Appliances Energy Prediction,2016-01-15T12:00:00
"Low-energy house, Belgium",2016-01,electricity consumption,0.24,kWh,UCI 374 - Appliances Energy Prediction,2016-01-15T12:10:00
"Low-energy house, Belgium",2016-01,electricity consumption,0.08,kWh,UCI 374 - Appliances Energy Prediction,2016-01-15T12:20:00
"Low-energy house, Belgium",2016-01,electricity consumption,0.08,kWh,UCI 374 - Appliances Energy Prediction,2016-01-15T12:30:00
"Low-energy house, Belgium",2016-01,electricity consumption,0.4,kWh,UCI 374 - Appliances Energy Prediction,2016-01-15T12:40:00
"Low-energy house, Belgium",2016-01,electricity consumption,0.4,kWh,UCI 374 - Appliances Energy Prediction,2016-01-15T12:50:00
"Low-energy house, Belgium",2016-01,electricity consumption,0.46,kWh,UCI 374 - Appliances Energy Prediction,2016-01-15T13:00:00
"Low-energy house, Belgium",2016-01,electricity consumption,0.17,kWh,UCI 374 - Appliances Energy Prediction,2016-01-15T13:10:00
"Low-energy house, Belgium",2016-01,electricity consumption,0.21,kWh,UCI 374 - Appliances Energy Prediction,2016-01-15T13:20:00
"Low-energy house, Belgium",2016-01,electricity consumption,0.19,kWh,UCI 374 - Appliances Energy Prediction,2016-01-15T13:30:00
"Low-energy house, Belgium",2016-01,electricity consumption,0.07,kWh,UCI 374 - Appliances Energy Prediction,2016-01-15T13:40:00
"Low-energy house, Belgium",2016-01,electricity consumption,0.08,kWh,UCI 374 - Appliances Energy Prediction,2016-01-15T13:50:00
"Low-energy house, Belgium",2016-01,electricity consumption,0.06,kWh,UCI 374 - Appliances Energy Prediction,2016-01-15T14:00:00
"Low-energy house, Belgium",2016-01,electricity consumption,0.07,kWh,UCI 374 - Appliances Energy Prediction,2016-01-15T14:10:00
"Low-energy house, Belgium",2016-01,electricity consumption,0.06,kWh,UCI 374 - Appliances Energy Prediction,2016-01-15T14:20:00
"Low-energy house, Belgium",2016-01,electricity consumption,0.07,kWh,UCI 374 - Appliances Energy Prediction,2016-01-15T14:30:00
"Low-energy house, Belgium",2016-01,electricity consumption,0.06,kWh,UCI 374 - Appliances Energy Prediction,2016-01-15T14:40:00
"Low-energy house, Belgium",2016-01,electricity consumption,0.06,kWh,UCI 374 - Appliances Energy Prediction,2016-01-15T14:50:00
"Low-energy house, Belgium",2016-01,electricity consumption,0.06,kWh,UCI 374 - Appliances Energy Prediction,2016-01-15T15:00:00
"Low-energy house, Belgium",2016-01,electricity consumption,0.06,kWh,UCI 374 - Appliances Energy Prediction,2016-01-15T15:10:00
"Low-energy house, Belgium",2016-01,electricity consumption,0.06,kWh,UCI 374 - Appliances Energy Prediction,2016-01-15T15:20:00
"Low-energy house, Belgium",2016-01,electricity consumption,0.05,kWh,UCI 374 - Appliances Energy Prediction,2016-01-15T15:30:00
"Low-energy house, Belgium",2016-01,electricity consumption,0.05,kWh,UCI 374 - Appliances Energy Prediction,2016-01-15T15:40:00
"Low-energy house, Belgium",2016-01,electricity consumption,0.06,kWh,UCI 374 - Appliances Energy Prediction,2016-01-15T15:50:00
"Low-energy house, Belgium",2016-01,electricity consumption,0.05,kWh,UCI 374 - Appliances Energy Prediction,2016-01-15T16:00:00
"Low-energy house, Belgium",2016-01,electricity consumption,0.05,kWh,UCI 374 - Appliances Energy Prediction,2016-01-15T16:10:00
"Low-energy house, Belgium",2016-01,electricity consumption,0.07,kWh,UCI 374 - Appliances Energy Prediction,2016-01-15T16:20:00
"Low-energy house, Belgium",2016-01,electricity consumption,0.05,kWh,UCI 374 - Appliances Energy Prediction,2016-01-15T16:30:00
"Low-energy house, Belgium",2016-01,electricity consumption,0.06,kWh,UCI 374 - Appliances Energy Prediction,2016-01-15T16:40:00
"Low-energy house, Belgium",2016-01,electricity consumption,0.06,kWh,UCI 374 - Appliances Energy Prediction,2016-01-15T16:50:00
"Low-energy house, Belgium",2016-01,electricity consumption,0.09,kWh,UCI 374 - Appliances Energy Prediction,2016-01-15T17:00:00
"Low-energy house, Belgium",2016-01,electricity consumption,0.1,kWh,UCI 374 - Appliances Energy Prediction,2016-01-15T17:10:00
"Low-energy house, Belgium",2016-01,electricity consumption,0.09,kWh,UCI 374 - Appliances Energy Prediction,2016-01-15T17:20:00
"Low-energy house, Belgium",2016-01,electricity consumption,0.1,kWh,UCI 374 - Appliances Energy Prediction,2016-01-15T17:30:00
"Low-energy house, Belgium",2016-01,electricity consumption,0.11,kWh,UCI 374 - Appliances Energy Prediction,2016-01-15T17:40:00
"Low-energy house, Belgium",2016-01,electricity consumption,0.1,kWh,UCI 374 - Appliances Energy Prediction,2016-01-15T17:50:00
"Low-energy house, Belgium",2016-01,electricity consumption,0.08,kWh,UCI 374 - Appliances Energy Prediction,2016-01-15T18:00:00
"Low-energy house, Belgium",2016-01,electricity consumption,0.11,kWh,UCI 374 - Appliances Energy Prediction,2016-01-15T18:10:00
"Low-energy house, Belgium",2016-01,electricity consumption,0.26,kWh,UCI 374 - Appliances Energy Prediction,2016-01-15T18:20:00
"Low-energy house, Belgium",2016-01,electricity consumption,0.35,kWh,UCI 374 - Appliances Energy Prediction,2016-01-15T18:30:00
"Low-energy house, Belgium",2016-01,electricity consumption,0.5,kWh,UCI 374 - Appliances Energy Prediction,2016-01-15T18:40:00
"Low-energy house, Belgium",2016-01,electricity consumption,0.37,kWh,UCI 374 - Appliances Energy Prediction,2016-01-15T18:50:00
"Low-energy house, Belgium",2016-01,electricity consumption,0.33,kWh,UCI 374 - Appliances Energy Prediction,2016-01-15T19:00:00
"Low-energy house, Belgium",2016-01,electricity consumption,0.1,kWh,UCI 374 - Appliances Energy Prediction,2016-01-15T19:10:00
"Low-energy house, Belgium",2016-01,electricity consumption,0.11,kWh,UCI 374 - Appliances Energy Prediction,2016-01-15T19:20:00
"Low-energy house, Belgium",2016-01,electricity consumption,0.14,kWh,UCI 374 - Appliances Energy Prediction,2016-01-15T19:30:00
"Low-energy house, Belgium",2016-01,electricity consumption,0.31,kWh,UCI 374 - Appliances Energy Prediction,2016-01-15T19:40:00
"Low-energy house, Belgium",2016-01,electricity consumption,0.33,kWh,UCI 374 - Appliances Energy Prediction,2016-01-15T19:50:00
"Low-energy house, Belgium",2016-01,electricity consumption,0.19,kWh,UCI 374 - Appliances Energy Prediction,2016-01-15T20:00:00
"Low-energy house, Belgium",2016-01,electricity consumption,0.16,kWh,UCI 374 - Appliances Energy Prediction,2016-01-15T20:10:00
"Low-energy house, Belgium",2016-01,electricity consumption,0.16,kWh,UCI 374 - Appliances Energy Prediction,2016-01-15T20:20:00
"Low-energy house, Belgium",2016-01,electricity consumption,0.48,kWh,UCI 374 - Appliances Energy Prediction,2016-01-15T20:30:00
"Low-energy house, Belgium",2016-01,electricity consumption,0.28,kWh,UCI 374 - Appliances Energy Prediction,2016-01-15T20:40:00
"Low-energy house, Belgium",2016-01,electricity consumption,0.13,kWh,UCI 374 - Appliances Energy Prediction,2016-01-15T20:50:00
"Low-energy house, Belgium",2016-01,electricity consumption,0.15,kWh,UCI 374 - Appliances Energy Prediction,2016-01-15T21:00:00
"Low-energy house, Belgium",2016-01,electricity consumption,0.14,kWh,UCI 374 - Appliances Energy Prediction,2016-01-15T21:10:00
"Low-energy house, Belgium",2016-01,electricity consumption,0.13,kWh,UCI 374 - Appliances Energy Prediction,2016-01-15T21:20:00
"Low-energy house, Belgium",2016-01,electricity consumption,0.13,kWh,UCI 374 - Appliances Energy Prediction,2016-01-15T21:30:00
"Low-energy house, Belgium",2016-01,electricity consumption,0.34,kWh,UCI 374 - Appliances Energy Prediction,2016-01-15T21:40:00
"Low-energy house, Belgium",2016-01,electricity consumption,0.49,kWh,UCI 374 - Appliances Energy Prediction,2016-01-15T21:50:00
"Low-energy house, Belgium",2016-01,electricity consumption,0.23,kWh,UCI 374 - Appliances Energy Prediction,2016-01-15T22:00:00
"Low-energy house, Belgium",2016-01,electricity consumption,0.36,kWh,UCI 374 - Appliances Energy Prediction,2016-01-15T22:10:00
"Low-energy house, Belgium",2016-01,electricity consumption,0.41,kWh,UCI 374 - Appliances Energy Prediction,2016-01-15T22:20:00
"Low-energy house, Belgium",2016-01,electricity consumption,0.15,kWh,UCI 374 - Appliances Energy Prediction,2016-01-15T22:30:00
"Low-energy house, Belgium",2016-01,electricity consumption,0.08,kWh,UCI 374 - Appliances Energy Prediction,2016-01-15T22:40:00
"Low-energy house, Belgium",2016-01,electricity consumption,0.08,kWh,UCI 374 - Appliances Energy Prediction,2016-01-15T22:50:00
"Low-energy house, Belgium",2016-01,electricity consumption,0.07,kWh,UCI 374 - Appliances Energy Prediction,2016-01-15T23:00:00
"Low-energy house, Belgium",2016-01,electricity consumption,0.07,kWh,UCI 374 - Appliances Energy Prediction,2016-01-15T23:10:00
"Low-energy house, Belgium",2016-01,electricity consumption,0.07,kWh,UCI 374 - Appliances Energy Prediction,2016-01-15T23:20:00
"Low-energy house, Belgium",2016-01,electricity consumption,0.06,kWh,UCI 374 - Appliances Energy Prediction,2016-01-15T23:30:00
"Low-energy house, Belgium",2016-01,electricity consumption,0.06,kWh,UCI 374 - Appliances Energy Prediction,2016-01-15T23:40:00
"Low-energy house, Belgium",2016-01,electricity consumption,0.05,kWh,UCI 374 - Appliances Energy Prediction,2016-01-15T23:50:00
"Low-energy house, Belgium",2016-01,electricity consumption,0.05,kWh,UCI 374 - Appliances Energy Prediction,2016-01-16T00:00:00
"Low-energy house, Belgium",2016-01,electricity consumption,0.05,kWh,UCI 374 - Appliances Energy Prediction,2016-01-16T00:10:00
"Low-energy house, Belgium",2016-01,electricity consumption,0.03,kWh,UCI 374 - Appliances Energy Prediction,2016-01-16T00:20:00
"Low-energy house, Belgium",2016-01,electricity consumption,0.02,kWh,UCI 374 - Appliances Energy Prediction,2016-01-16T00:30:00
"Low-energy house, Belgium",2016-01,electricity consumption,0.04,kWh,UCI 374 - Appliances Energy Prediction,2016-01-16T00:40:00
"Low-energy house, Belgium",2016-01,electricity consumption,0.05,kWh,UCI 374 - Appliances Energy Prediction,2016-01-16T00:50:00
"Low-energy house, Belgium",2016-01,electricity consumption,0.05,kWh,UCI 374 - Appliances Energy Prediction,2016-01-16T01:00:00
"Low-energy house, Belgium",2016-01,electricity consumption,0.05,kWh,UCI 374 - Appliances Energy Prediction,2016-01-16T01:10:00
"Low-energy house, Belgium",2016-01,electricity consumption,0.06,kWh,UCI 374 - Appliances Energy Prediction,2016-01-16T01:20:00
"Low-energy house, Belgium",2016-01,electricity consumption,0.05,kWh,UCI 374 - Appliances Energy Prediction,2016-01-16T01:30:00
"Low-energy house, Belgium",2016-01,electricity consumption,0.06,kWh,UCI 374 - Appliances Energy Prediction,2016-01-16T01:40:00
"Low-energy house, Belgium",2016-01,electricity consumption,0.05,kWh,UCI 374 - Appliances Energy Prediction,2016-01-16T01:50:00
"Low-energy house, Belgium",2016-01,electricity consumption,0.04,kWh,UCI 374 - Appliances Energy Prediction,2016-01-16T02:00:00
"Low-energy house, Belgium",2016-01,electricity consumption,0.05,kWh,UCI 374 - Appliances Energy Prediction,2016-01-16T02:10:00
"Low-energy house, Belgium",2016-01,electricity consumption,0.05,kWh,UCI 374 - Appliances Energy Prediction,2016-01-16T02:20:00
"Low-energy house, Belgium",2016-01,electricity consumption,0.05,kWh,UCI 374 - Appliances Energy Prediction,2016-01-16T02:30:00
"Low-energy house, Belgium",2016-01,electricity consumption,0.05,kWh,UCI 374 - Appliances Energy Prediction,2016-01-16T02:40:00
"Low-energy house, Belgium",2016-01,electricity consumption,0.04,kWh,UCI 374 - Appliances Energy Prediction,2016-01-16T02:50:00
"Low-energy house, Belgium",2016-01,electricity consumption,0.03,kWh,UCI 374 - Appliances Energy Prediction,2016-01-16T03:00:00
"Low-energy house, Belgium",2016-01,electricity consumption,0.03,kWh,UCI 374 - Appliances Energy Prediction,2016-01-16T03:10:00
"Low-energy house, Belgium",2016-01,electricity consumption,0.04,kWh,UCI 374 - Appliances Energy Prediction,2016-01-16T03:20:00
"Low-energy house, Belgium",2016-01,electricity consumption,0.05,kWh,UCI 374 - Appliances Energy Prediction,2016-01-16T03:30:00
"Low-energy house, Belgium",2016-01,electricity consumption,0.05,kWh,UCI 374 - Appliances Energy Prediction,2016-01-16T03:40:00
"Low-energy house, Belgium",2016-01,electricity consumption,0.05,kWh,UCI 374 - Appliances Energy Prediction,2016-01-16T03:50:00
"Low-energy house, Belgium",2016-01,electricity consumption,0.05,kWh,UCI 374 - Appliances Energy Prediction,2016-01-16T04:00:00
"Low-energy house, Belgium",2016-01,electricity consumption,0.06,kWh,UCI 374 - Appliances Energy Prediction,2016-01-16T04:10:00
"Low-energy house, Belgium",2016-01,electricity consumption,0.05,kWh,UCI 374 - Appliances Energy Prediction,2016-01-16T04:20:00
"Low-energy house, Belgium",2016-01,electricity consumption,0.05,kWh,UCI 374 - Appliances Energy Prediction,2016-01-16T04:30:00
"Low-energy house, Belgium",2016-01,electricity consumption,0.04,kWh,UCI 374 - Appliances Energy Prediction,2016-01-16T04:40:00
"Low-energy house, Belgium",2016-01,electricity consumption,0.05,kWh,UCI 374 - Appliances Energy Prediction,2016-01-16T04:50:00
"Low-energy house, Belgium",2016-01,electricity consumption,0.05,kWh,UCI 374 - Appliances Energy Prediction,2016-01-16T05:00:00
"Low-energy house, Belgium",2016-01,electricity consumption,0.05,kWh,UCI 374 - Appliances Energy Prediction,2016-01-16T05:10:00
"Low-energy house, Belgium",2016-01,electricity consumption,0.05,kWh,UCI 374 - Appliances Energy Prediction,2016-01-16T05:20:00
"Low-energy house, Belgium",2016-01,electricity consumption,0.03,kWh,UCI 374 - Appliances Energy Prediction,2016-01-16T05:30:00
"Low-energy house, Belgium",2016-01,electricity consumption,0.03,kWh,UCI 374 - Appliances Energy Prediction,2016-01-16T05:40:00
"Low-energy house, Belgium",2016-01,electricity consumption,0.03,kWh,UCI 374 - Appliances Energy Prediction,2016-01-16T05:50:00
"Low-energy house, Belgium",2016-01,electricity consumption,0.05,kWh,UCI 374 - Appliances Energy Prediction,2016-01-16T06:00:00
"Low-energy house, Belgium",2016-01,electricity consumption,0.05,kWh,UCI 374 - Appliances Energy Prediction,2016-01-16T06:10:00
"Low-energy house, Belgium",2016-01,electricity consumption,0.04,kWh,UCI 374 - Appliances Energy Prediction,2016-01-16T06:20:00
"Low-energy house, Belgium",2016-01,electricity consumption,0.06,kWh,UCI 374 - Appliances Energy Prediction,2016-01-16T06:30:00
"Low-energy house, Belgium",2016-01,electricity consumption,0.06,kWh,UCI 374 - Appliances Energy Prediction,2016-01-16T06:40:00
"Low-energy house, Belgium",2016-01,electricity consumption,0.05,kWh,UCI 374 - Appliances Energy Prediction,2016-01-16T06:50:00
"Low-energy house, Belgium",2016-01,electricity consumption,0.05,kWh,UCI 374 - Appliances Energy Prediction,2016-01-16T07:00:00
"Low-energy house, Belgium",2016-01,electricity consumption,0.05,kWh,UCI 374 - Appliances Energy Prediction,2016-01-16T07:10:00
"Low-energy house, Belgium",2016-01,electricity consumption,0.22,kWh,UCI 374 - Appliances Energy Prediction,2016-01-16T07:20:00
"Low-energy house, Belgium",2016-01,electricity consumption,0.39,kWh,UCI 374 - Appliances Energy Prediction,2016-01-16T07:30:00
"Low-energy house, Belgium",2016-01,electricity consumption,0.38,kWh,UCI 374 - Appliances Energy Prediction,2016-01-16T07:40:00
"Low-energy house, Belgium",2016-01,electricity consumption,0.39,kWh,UCI 374 - Appliances Energy Prediction,2016-01-16T07:50:00
"Low-energy house, Belgium",2016-01,electricity consumption,0.39,kWh,UCI 374 - Appliances Energy Prediction,2016-01-16T08:00:00
"Low-energy house, Belgium",2016-01,electricity consumption,0.24,kWh,UCI 374 - Appliances Energy Prediction,2016-01-16T08:10:00
"Low-energy house, Belgium",2016-01,electricity consumption,0.04,kWh,UCI 374 - Appliances Energy Prediction,2016-01-16T08:20:00
"Low-energy house, Belgium",2016-01,electricity consumption,0.07,kWh,UCI 374 - Appliances Energy Prediction,2016-01-16T08:30:00
"Low-energy house, Belgium",2016-01,electricity consumption,0.05,kWh,UCI 374 - Appliances Energy Prediction,2016-01-16T08:40:00
"Low-energy house, Belgium",2016-01,electricity consumption,0.05,kWh,UCI 374 - Appliances Energy Prediction,2016-01-16T08:50:00
"Low-energy house, Belgium",2016-01,electricity consumption,0.07,kWh,UCI 374 - Appliances Energy Prediction,2016-01-16T09:00:00
"Low-energy house, Belgium",2016-01,electricity consumption,0.06,kWh,UCI 374 - Appliances Energy Prediction,2016-01-16T09:10:00
"Low-energy house, Belgium",2016-01,electricity consumption,0.07,kWh,UCI 374 - Appliances Energy Prediction,2016-01-16T09:20:00
"Low-energy house, Belgium",2016-01,electricity consumption,0.06,kWh,UCI 374 - Appliances Energy Prediction,2016-01-16T09:30:00
"Low-energy house, Belgium",2016-01,electricity consumption,0.05,kWh,UCI 374 - Appliances Energy Prediction,2016-01-16T09:40:00
"Low-energy house, Belgium",2016-01,electricity consumption,0.06,kWh,UCI 374 - Appliances Energy Prediction,2016-01-16T09:50:00
"Low-energy house, Belgium",2016-01,electricity consumption,0.06,kWh,UCI 374 - Appliances Energy Prediction,2016-01-16T10:00:00
"Low-energy house, Belgium",2016-01,electricity consumption,0.08,kWh,UCI 374 - Appliances Energy Prediction,2016-01-16T10:10:00
"Low-energy house, Belgium",2016-01,electricity consumption,0.1,kWh,UCI 374 - Appliances Energy Prediction,2016-01-16T10:20:00
"Low-energy house, Belgium",2016-01,electricity consumption,0.06,kWh,UCI 374 - Appliances Energy Prediction,2016-01-16T10:30:00
"Low-energy house, Belgium",2016-01,electricity consumption,0.07,kWh,UCI 374 - Appliances Energy Prediction,2016-01-16T10:40:00
"Low-energy house, Belgium",2016-01,electricity consumption,0.06,kWh,UCI 374 - Appliances Energy Prediction,2016-01-16T10:50:00
"Low-energy house, Belgium",2016-01,electricity consumption,0.06,kWh,UCI 374 - Appliances Energy Prediction,2016-01-16T11:00:00
"Low-energy house, Belgium",2016-01,electricity consumption,0.05,kWh,UCI 374 - Appliances Energy Prediction,2016-01-16T11:10:00
"Low-energy house, Belgium",2016-01,electricity consumption,0.05,kWh,UCI 374 - Appliances Energy Prediction,2016-01-16T11:20:00
"Low-energy house, Belgium",2016-01,electricity consumption,0.04,kWh,UCI 374 - Appliances Energy Prediction,2016-01-16T11:30:00
"Low-energy house, Belgium",2016-01,electricity consumption,0.05,kWh,UCI 374 - Appliances Energy Prediction,2016-01-16T11:40:00
"Low-energy house, Belgium",2016-01,electricity consumption,0.07,kWh,UCI 374 - Appliances Energy Prediction,2016-01-16T11:50:00
"Low-energy house, Belgium",2016-01,electricity consumption,0.06,kWh,UCI 374 - Appliances Energy Prediction,2016-01-16T12:00:00
"Low-energy house, Belgium",2016-01,electricity consumption,0.06,kWh,UCI 374 - Appliances Energy Prediction,2016-01-16T12:10:00
"Low-energy house, Belgium",2016-01,electricity consumption,0.08,kWh,UCI 374 - Appliances Energy Prediction,2016-01-16T12:20:00
"Low-energy house, Belgium",2016-01,electricity consumption,0.08,kWh,UCI 374 - Appliances Energy Prediction,2016-01-16T12:30:00
"Low-energy house, Belgium",2016-01,electricity consumption,0.08,kWh,UCI 374 - Appliances Energy Prediction,2016-01-16T12:40:00
"Low-energy house, Belgium",2016-01,electricity consumption,0.09,kWh,UCI 374 - Appliances Energy Prediction,2016-01-16T12:50:00
"Low-energy house, Belgium",2016-01,electricity consumption,0.09,kWh,UCI 374 - Appliances Energy Prediction,2016-01-16T13:00:00
"Low-energy house, Belgium",2016-01,electricity consumption,0.1,kWh,UCI 374 - Appliances Energy Prediction,2016-01-16T13:10:00
"Low-energy house, Belgium",2016-01,electricity consumption,0.08,kWh,UCI 374 - Appliances Energy Prediction,2016-01-16T13:20:00
"Low-energy house, Belgium",2016-01,electricity consumption,0.09,kWh,UCI 374 - Appliances Energy Prediction,2016-01-16T13:30:00
"Low-energy house, Belgium",2016-01,electricity consumption,0.08,kWh,UCI 374 - Appliances Energy Prediction,2016-01-16T13:40:00
"Low-energy house, Belgium",2016-01,electricity consumption,0.08,kWh,UCI 374 - Appliances Energy Prediction,2016-01-16T13:50:00
"Low-energy house, Belgium",2016-01,electricity consumption,0.08,kWh,UCI 374 - Appliances Energy Prediction,2016-01-16T14:00:00
"Low-energy house, Belgium",2016-01,electricity consumption,0.08,kWh,UCI 374 - Appliances Energy Prediction,2016-01-16T14:10:00
"Low-energy house, Belgium",2016-01,electricity consumption,0.09,kWh,UCI 374 - Appliances Energy Prediction,2016-01-16T14:20:00
"Low-energy house, Belgium",2016-01,electricity consumption,0.07,kWh,UCI 374 - Appliances Energy Prediction,2016-01-16T14:30:00
"Low-energy house, Belgium",2016-01,electricity consumption,0.05,kWh,UCI 374 - Appliances Energy Prediction,2016-01-16T14:40:00
"Low-energy house, Belgium",2016-01,electricity consumption,0.06,kWh,UCI 374 - Appliances Energy Prediction,2016-01-16T14:50:00
"Low-energy house, Belgium",2016-01,electricity consumption,0.07,kWh,UCI 374 - Appliances Energy Prediction,2016-01-16T15:00:00
"Low-energy house, Belgium",2016-01,electricity consumption,0.08,kWh,UCI 374 - Appliances Energy Prediction,2016-01-16T15:10:00
"Low-energy house, Belgium",2016-01,electricity consumption,0.07,kWh,UCI 374 - Appliances Energy Prediction,2016-01-16T15:20:00
"Low-energy house, Belgium",2016-01,electricity consumption,0.37,kWh,UCI 374 - Appliances Energy Prediction,2016-01-16T15:30:00
"Low-energy house, Belgium",2016-01,electricity consumption,0.41,kWh,UCI 374 - Appliances Energy Prediction,2016-01-16T15:40:00
"Low-energy house, Belgium",2016-01,electricity consumption,0.25,kWh,UCI 374 - Appliances Energy Prediction,2016-01-16T15:50:00
"Low-energy house, Belgium",2016-01,electricity consumption,0.08,kWh,UCI 374 - Appliances Energy Prediction,2016-01-16T16:00:00
"Low-energy house, Belgium",2016-01,electricity consumption,0.07,kWh,UCI 374 - Appliances Energy Prediction,2016-01-16T16:10:00
"Low-energy house, Belgium",2016-01,electricity consumption,0.07,kWh,UCI 374 - Appliances Energy Prediction,2016-01-16T16:20:00
"Low-energy house, Belgium",2016-01,electricity consumption,0.08,kWh,UCI 374 - Appliances Energy Prediction,2016-01-16T16:30:00
"Low-energy house, Belgium",2016-01,electricity consumption,0.07,kWh,UCI 374 - Appliances Energy Prediction,2016-01-16T16:40:00
"Low-energy house, Belgium",2016-01,electricity consumption,0.08,kWh,UCI 374 - Appliances Energy Prediction,2016-01-16T16:50:00
"Low-energy house, Belgium",2016-01,electricity consumption,0.08,kWh,UCI 374 - Appliances Energy Prediction,2016-01-16T17:00:00
"Low-energy house, Belgium",2016-01,electricity consumption,0.15,kWh,UCI 374 - Appliances Energy Prediction,2016-01-16T17:10:00
"Low-energy house, Belgium",2016-01,electricity consumption,0.38,kWh,UCI 374 - Appliances Energy Prediction,2016-01-16T17:20:00
"Low-energy house, Belgium",2016-01,electricity consumption,0.29,kWh,UCI 374 - Appliances Energy Prediction,2016-01-16T17:30:00
"Low-energy house, Belgium",2016-01,electricity consumption,0.27,kWh,UCI 374 - Appliances Energy Prediction,2016-01-16T17:40:00
"Low-energy house, Belgium",2016-01,electricity consumption,0.42,kWh,UCI 374 - Appliances Energy Prediction,2016-01-16T17:50:00
"Low-energy house, Belgium",2016-01,electricity consumption,0.28,kWh,UCI 374 - Appliances Energy Prediction,2016-01-16T18:00:00
"Low-energy house, Belgium",2016-01,electricity consumption,0.3,kWh,UCI 374 - Appliances Energy Prediction,2016-01-16T18:10:00
"Low-energy house, Belgium",2016-01,electricity consumption,0.35,kWh,UCI 374 - Appliances Energy Prediction,2016-01-16T18:20:00
"Low-energy house, Belgium",2016-01,electricity consumption,0.27,kWh,UCI 374 - Appliances Energy Prediction,2016-01-16T18:30:00
"Low-energy house, Belgium",2016-01,electricity consumption,0.56,kWh,UCI 374 - Appliances Energy Prediction,2016-01-16T18:40:00
"Low-energy house, Belgium",2016-01,electricity consumption,1.08,kWh,UCI 374 - Appliances Energy Prediction,2016-01-16T18:50:00
"Low-energy house, Belgium",2016-01,electricity consumption,0.75,kWh,UCI 374 - Appliances Energy Prediction,2016-01-16T19:00:00
"Low-energy house, Belgium",2016-01,electricity consumption,0.39,kWh,UCI 374 - Appliances Energy Prediction,2016-01-16T19:10:00
"Low-energy house, Belgium",2016-01,electricity consumption,0.35,kWh,UCI 374 - Appliances Energy Prediction,2016-01-16T19:20:00
"Low-energy house, Belgium",2016-01,electricity consumption,0.34,kWh,UCI 374 - Appliances Energy Prediction,2016-01-16T19:30:00
"Low-energy house, Belgium",2016-01,electricity consumption,0.29,kWh,UCI 374 - Appliances Energy Prediction,2016-01-16T19:40:00
"Low-energy house, Belgium",2016-01,electricity consumption,0.23,kWh,UCI 374 - Appliances Energy Prediction,2016-01-16T19:50:00
"Low-energy house, Belgium",2016-01,electricity consumption,0.12,kWh,UCI 374 - Appliances Energy Prediction,2016-01-16T20:00:00
"Low-energy house, Belgium",2016-01,electricity consumption,0.11,kWh,UCI 374 - Appliances Energy Prediction,2016-01-16T20:10:00
"Low-energy house, Belgium",2016-01,electricity consumption,0.1,kWh,UCI 374 - Appliances Energy Prediction,2016-01-16T20:20:00
"Low-energy house, Belgium",2016-01,electricity consumption,0.11,kWh,UCI 374 - Appliances Energy Prediction,2016-01-16T20:30:00
"Low-energy house, Belgium",2016-01,electricity consumption,0.13,kWh,UCI 374 - Appliances Energy Prediction,2016-01-16T20:40:00
"Low-energy house, Belgium",2016-01,electricity consumption,0.14,kWh,UCI 374 - Appliances Energy Prediction,2016-01-16T20:50:00
"Low-energy house, Belgium",2016-01,electricity consumption,0.11,kWh,UCI 374 - Appliances Energy Prediction,2016-01-16T21:00:00
"Low-energy house, Belgium",2016-01,electricity consumption,0.1,kWh,UCI 374 - Appliances Energy Prediction,2016-01-16T21:10:00
"Low-energy house, Belgium",2016-01,electricity consumption,0.1,kWh,UCI 374 - Appliances Energy Prediction,2016-01-16T21:20:00
"Low-energy house, Belgium",2016-01,electricity consumption,0.11,kWh,UCI 374 - Appliances Energy Prediction,2016-01-16T21:30:00
"Low-energy house, Belgium",2016-01,electricity consumption,0.11,kWh,UCI 374 - Appliances Energy Prediction,2016-01-16T21:40:00
"Low-energy house, Belgium",2016-01,electricity consumption,0.19,kWh,UCI 374 - Appliances Energy Prediction,2016-01-16T21:50:00
"Low-energy house, Belgium",2016-01,electricity consumption,0.45,kWh,UCI 374 - Appliances Energy Prediction,2016-01-16T22:00:00
"Low-energy house, Belgium",2016-01,electricity consumption,0.21,kWh,UCI 374 - Appliances Energy Prediction,2016-01-16T22:10:00
"Low-energy house, Belgium",2016-01,electricity consumption,0.1,kWh,UCI 374 - Appliances Energy Prediction,2016-01-16T22:20:00
"Low-energy house, Belgium",2016-01,electricity consumption,0.09,kWh,UCI 374 - Appliances Energy Prediction,2016-01-16T22:30:00
"Low-energy house, Belgium",2016-01,electricity consumption,0.09,kWh,UCI 374 - Appliances Energy Prediction,2016-01-16T22:40:00
"Low-energy house, Belgium",2016-01,electricity consumption,0.08,kWh,UCI 374 - Appliances Energy Prediction,2016-01-16T22:50:00
"Low-energy house, Belgium",2016-01,electricity consumption,0.07,kWh,UCI 374 - Appliances Energy Prediction,2016-01-16T23:00:00
"Low-energy house, Belgium",2016-01,electricity consumption,0.07,kWh,UCI 374 - Appliances Energy Prediction,2016-01-16T23:10:00
"Low-energy house, Belgium",2016-01,electricity consumption,0.07,kWh,UCI 374 - Appliances Energy Prediction,2016-01-16T23:20:00
"Low-energy house, Belgium",2016-01,electricity consumption,0.06,kWh,UCI 374 - Appliances Energy Prediction,2016-01-16T23:30:00
"Low-energy house, Belgium",2016-01,electricity consumption,0.03,kWh,UCI 374 - Appliances Energy Prediction,2016-01-16T23:40:00
"Low-energy house, Belgium",2016-01,electricity consumption,0.03,kWh,UCI 374 - Appliances Energy Prediction,2016-01-16T23:50:00
"Low-energy house, Belgium",2016-01,electricity consumption,0.03,kWh,UCI 374 - Appliances Energy Prediction,2016-01-17T00:00:00
"Low-energy house, Belgium",2016-01,electricity consumption,0.04,kWh,UCI 374 - Appliances Energy Prediction,2016-01-17T00:10:00
"Low-energy house, Belgium",2016-01,electricity consumption,0.05,kWh,UCI 374 - Appliances Energy Prediction,2016-01-17T00:20:00
"Low-energy house, Belgium",2016-01,electricity consumption,0.06,kWh,UCI 374 - Appliances Energy Prediction,2016-01-17T00:30:00
"Low-energy house, Belgium",2016-01,electricity consumption,0.05,kWh,UCI 374 - Appliances Energy Prediction,2016-01-17T00:40:00
"Low-energy house, Belgium",2016-01,electricity consumption,0.05,kWh,UCI 374 - Appliances Energy Prediction,2016-01-17T00:50:00
"Low-energy house, Belgium",2016-01,electricity consumption,0.05,kWh,UCI 374 - Appliances Energy Prediction,2016-01-17T01:00:00
"Low-energy house, Belgium",2016-01,electricity consumption,0.05,kWh,UCI 374 - Appliances Energy Prediction,2016-01-17T01:10:00
"Low-energy house, Belgium",2016-01,electricity consumption,0.05,kWh,UCI 374 - Appliances Energy Prediction,2016-01-17T01:20:00
"Low-energy house, Belgium",2016-01,electricity consumption,0.05,kWh,UCI 374 - Appliances Energy Prediction,2016-01-17T01:30:00
"Low-energy house, Belgium",2016-01,electricity consumption,0.05,kWh,UCI 374 - Appliances Energy Prediction,2016-01-17T01:40:00
"Low-energy house, Belgium",2016-01,electricity consumption,0.06,kWh,UCI 374 - Appliances Energy Prediction,2016-01-17T01:50:00
"Low-energy house, Belgium",2016-01,electricity consumption,0.05,kWh,UCI 374 - Appliances Energy Prediction,2016-01-17T02:00:00
"Low-energy house, Belgium",2016-01,electricity consumption,0.06,kWh,UCI 374 - Appliances Energy Prediction,2016-01-17T02:10:00
"Low-energy house, Belgium",2016-01,electricity consumption,0.05,kWh,UCI 374 - Appliances Energy Prediction,2016-01-17T02:20:00
"Low-energy house, Belgium",2016-01,electricity consumption,0.04,kWh,UCI 374 - Appliances Energy Prediction,2016-01-17T02:30:00
"Low-energy house, Belgium",2016-01,electricity consumption,0.03,kWh,UCI 374 - Appliances Energy Prediction,2016-01-17T02:40:00
"Low-energy house, Belgium",2016-01,electricity consumption,0.03,kWh,UCI 374 - Appliances Energy Prediction,2016-01-17T02:50:00
"Low-energy house, Belgium",2016-01,electricity consumption,0.03,kWh,UCI 374 - Appliances Energy Prediction,2016-01-17T03:00:00
"Low-energy house, Belgium",2016-01,electricity consumption,0.06,kWh,UCI 374 - Appliances Energy Prediction,2016-01-17T03:10:00
"Low-energy house, Belgium",2016-01,electricity consumption,0.05,kWh,UCI 374 - Appliances Energy Prediction,2016-01-17T03:20:00
"Low-energy house, Belgium",2016-01,electricity consumption,0.06,kWh,UCI 374 - Appliances Energy Prediction,2016-01-17T03:30:00
"Low-energy house, Belgium",2016-01,electricity consumption,0.05,kWh,UCI 374 - Appliances Energy Prediction,2016-01-17T03:40:00
"Low-energy house, Belgium",2016-01,electricity consumption,0.05,kWh,UCI 374 - Appliances Energy Prediction,2016-01-17T03:50:00
"Low-energy house, Belgium",2016-01,electricity consumption,0.05,kWh,UCI 374 - Appliances Energy Prediction,2016-01-17T04:00:00
"Low-energy house, Belgium",2016-01,electricity consumption,0.04,kWh,UCI 374 - Appliances Energy Prediction,2016-01-17T04:10:00
"Low-energy house, Belgium",2016-01,electricity consumption,0.06,kWh,UCI 374 - Appliances Energy Prediction,2016-01-17T04:20:00
"Low-energy house, Belgium",2016-01,electricity consumption,0.05,kWh,UCI 374 - Appliances Energy Prediction,2016-01-17T04:30:00
"Low-energy house, Belgium",2016-01,electricity consumption,0.06,kWh,UCI 374 - Appliances Energy Prediction,2016-01-17T04:40:00
"Low-energy house, Belgium",2016-01,electricity consumption,0.05,kWh,UCI 374 - Appliances Energy Prediction,2016-01-17T04:50:00
"Low-energy house, Belgium",2016-01,electricity consumption,0.05,kWh,UCI 374 - Appliances Energy Prediction,2016-01-17T05:00:00
"Low-energy house, Belgium",2016-01,electricity consumption,0.04,kWh,UCI 374 - Appliances Energy Prediction,2016-01-17T05:10:00
"Low-energy house, Belgium",2016-01,electricity consumption,0.05,kWh,UCI 374 - Appliances Energy Prediction,2016-01-17T05:20:00
"Low-energy house, Belgium",2016-01,electricity consumption,0.05,kWh,UCI 374 - Appliances Energy Prediction,2016-01-17T05:30:00
"Low-energy house, Belgium",2016-01,electricity consumption,0.03,kWh,UCI 374 - Appliances Energy Prediction,2016-01-17T05:40:00
"Low-energy house, Belgium",2016-01,electricity consumption,0.04,kWh,UCI 374 - Appliances Energy Prediction,2016-01-17T05:50:00
"Low-energy house, Belgium",2016-01,electricity consumption,0.03,kWh,UCI 374 - Appliances Energy Prediction,2016-01-17T06:00:00
"Low-energy house, Belgium",2016-01,electricity consumption,0.05,kWh,UCI 374 - Appliances Energy Prediction,2016-01-17T06:10:00
"Low-energy house, Belgium",2016-01,electricity consumption,0.05,kWh,UCI 374 - Appliances Energy Prediction,2016-01-17T06:20:00
"Low-energy house, Belgium",2016-01,electricity consumption,0.04,kWh,UCI 374 - Appliances Energy Prediction,2016-01-17T06:30:00
"Low-energy house, Belgium",2016-01,electricity consumption,0.05,kWh,UCI 374 - Appliances Energy Prediction,2016-01-17T06:40:00
"Low-energy house, Belgium",2016-01,electricity consumption,0.05,kWh,UCI 374 - Appliances Energy Prediction,2016-01-17T06:50:00
"Low-energy house, Belgium",2016-01,electricity consumption,0.17,kWh,UCI 374 - Appliances Energy Prediction,2016-01-17T07:00:00
"Low-energy house, Belgium",2016-01,electricity consumption,0.4,kWh,UCI 374 - Appliances Energy Prediction,2016-01-17T07:10:00
"Low-energy house, Belgium",2016-01,electricity consumption,0.39,kWh,UCI 374 - Appliances Energy Prediction,2016-01-17T07:20:00
"Low-energy house, Belgium",2016-01,electricity consumption,0.37,kWh,UCI 374 - Appliances Energy Prediction,2016-01-17T07:30:00
"Low-energy house, Belgium",2016-01,electricity consumption,0.39,kWh,UCI 374 - Appliances Energy Prediction,2016-01-17T07:40:00
"Low-energy house, Belgium",2016-01,electricity consumption,0.37,kWh,UCI 374 - Appliances Energy Prediction,2016-01-17T07:50:00
"Low-energy house, Belgium",2016-01,electricity consumption,0.38,kWh,UCI 374 - Appliances Energy Prediction,2016-01-17T08:00:00
"Low-energy house, Belgium",2016-01,electricity consumption,0.1,kWh,UCI 374 - Appliances Energy Prediction,2016-01-17T08:10:00
"Low-energy house, Belgium",2016-01,electricity consumption,0.09,kWh,UCI 374 - Appliances Energy Prediction,2016-01-17T08:20:00
"Low-energy house, Belgium",2016-01,electricity consumption,0.47,kWh,UCI 374 - Appliances Energy Prediction,2016-01-17T08:30:00
"Low-energy house, Belgium",2016-01,electricity consumption,0.32,kWh,UCI 374 - Appliances Energy Prediction,2016-01-17T08:40:00
"Low-energy house, Belgium",2016-01,electricity consumption,0.27,kWh,UCI 374 - Appliances Energy Prediction,2016-01-17T08:50:00
"Low-energy house, Belgium",2016-01,electricity consumption,0.26,kWh,UCI 374 - Appliances Energy Prediction,2016-01-17T09:00:00
"Low-energy house, Belgium",2016-01,electricity consumption,0.23,kWh,UCI 374 - Appliances Energy Prediction,2016-01-17T09:10:00
"Low-energy house, Belgium",2016-01,electricity consumption,0.47,kWh,UCI 374 - Appliances Energy Prediction,2016-01-17T09:20:00
"Low-energy house, Belgium",2016-01,electricity consumption,0.4,kWh,UCI 374 - Appliances Energy Prediction,2016-01-17T09:30:00
"Low-energy house, Belgium",2016-01,electricity consumption,0.29,kWh,UCI 374 - Appliances Energy Prediction,2016-01-17T09:40:00
"Low-energy house, Belgium",2016-01,electricity consumption,0.1,kWh,UCI 374 - Appliances Energy Prediction,2016-01-17T09:50:00
"Low-energy house, Belgium",2016-01,electricity consumption,0.09,kWh,UCI 374 - Appliances Energy Prediction,2016-01-17T10:00:00
"Low-energy house, Belgium",2016-01,electricity consumption,0.09,kWh,UCI 374 - Appliances Energy Prediction,2016-01-17T10:10:00
"Low-energy house, Belgium",2016-01,electricity consumption,0.09,kWh,UCI 374 - Appliances Energy Prediction,2016-01-17T10:20:00
"Low-energy house, Belgium",2016-01,electricity consumption,0.09,kWh,UCI 374 - Appliances Energy Prediction,2016-01-17T10:30:00
"Low-energy house, Belgium",2016-01,electricity consumption,0.1,kWh,UCI 374 - Appliances Energy Prediction,2016-01-17T10:40:00
"Low-energy house, Belgium",2016-01,electricity consumption,0.08,kWh,UCI 374 - Appliances Energy Prediction,2016-01-17T10:50:00
"Low-energy house, Belgium",2016-01,electricity consumption,0.18,kWh,UCI 374 - Appliances Energy Prediction,2016-01-17T11:00:00
"Low-energy house, Belgium",2016-01,electricity consumption,0.44,kWh,UCI 374 - Appliances Energy Prediction,2016-01-17T11:10:00
"Low-energy house, Belgium",2016-01,electricity consumption,0.3,kWh,UCI 374 - Appliances Energy Prediction,2016-01-17T11:20:00
"Low-energy house, Belgium",2016-01,electricity consumption,0.25,kWh,UCI 374 - Appliances Energy Prediction,2016-01-17T11:30:00
"Low-energy house, Belgium",2016-01,electricity consumption,0.28,kWh,UCI 374 - Appliances Energy Prediction,2016-01-17T11:40:00
"Low-energy house, Belgium",2016-01,electricity consumption,0.46,kWh,UCI 374 - Appliances Energy Prediction,2016-01-17T11:50:00
"Low-energy house, Belgium",2016-01,electricity consumption,0.12,kWh,UCI 374 - Appliances Energy Prediction,2016-01-17T12:00:00
"Low-energy house, Belgium",2016-01,electricity consumption,0.12,kWh,UCI 374 - Appliances Energy Prediction,2016-01-17T12:10:00
"Low-energy house, Belgium",2016-01,electricity consumption,0.11,kWh,UCI 374 - Appliances Energy Prediction,2016-01-17T12:20:00
"Low-energy house, Belgium",2016-01,electricity consumption,0.13,kWh,UCI 374 - Appliances Energy Prediction,2016-01-17T12:30:00
"Low-energy house, Belgium",2016-01,electricity consumption,0.11,kWh,UCI 374 - Appliances Energy Prediction,2016-01-17T12:40:00
"Low-energy house, Belgium",2016-01,electricity consumption,0.12,kWh,UCI 374 - Appliances Energy Prediction,2016-01-17T12:50:00
"Low-energy house, Belgium",2016-01,electricity consumption,0.12,kWh,UCI 374 - Appliances Energy Prediction,2016-01-17T13:00:00
"Low-energy house, Belgium",2016-01,electricity consumption,0.12,kWh,UCI 374 - Appliances Energy Prediction,2016-01-17T13:10:00
"Low-energy house, Belgium",2016-01,electricity consumption,0.13,kWh,UCI 374 - Appliances Energy Prediction,2016-01-17T13:20:00
"Low-energy house, Belgium",2016-01,electricity consumption,0.12,kWh,UCI 374 - Appliances Energy Prediction,2016-01-17T13:30:00
"Low-energy house, Belgium",2016-01,electricity consumption,0.12,kWh,UCI 374 - Appliances Energy Prediction,2016-01-17T13:40:00
"Low-energy house, Belgium",2016-01,electricity consumption,0.41,kWh,UCI 374 - Appliances Energy Prediction,2016-01-17T13:50:00
"Low-energy house, Belgium",2016-01,electricity consumption,0.42,kWh,UCI 374 - Appliances Energy Prediction,2016-01-17T14:00:00
"Low-energy house, Belgium",2016-01,electricity consumption,0.14,kWh,UCI 374 - Appliances Energy Prediction,2016-01-17T14:10:00
"Low-energy house, Belgium",2016-01,electricity consumption,0.06,kWh,UCI 374 - Appliances Energy Prediction,2016-01-17T14:20:00
"Low-energy house, Belgium",2016-01,electricity consumption,0.06,kWh,UCI 374 - Appliances Energy Prediction,2016-01-17T14:30:00
"Low-energy house, Belgium",2016-01,electricity consumption,0.07,kWh,UCI 374 - Appliances Energy Prediction,2016-01-17T14:40:00
"Low-energy house, Belgium",2016-01,electricity consumption,0.08,kWh,UCI 374 - Appliances Energy Prediction,2016-01-17T14:50:00
"Low-energy house, Belgium",2016-01,electricity consumption,0.1,kWh,UCI 374 - Appliances Energy Prediction,2016-01-17T15:00:00
"Low-energy house, Belgium",2016-01,electricity consumption,0.08,kWh,UCI 374 - Appliances Energy Prediction,2016-01-17T15:10:00
"Low-energy house, Belgium",2016-01,electricity consumption,0.08,kWh,UCI 374 - Appliances Energy Prediction,2016-01-17T15:20:00
"Low-energy house, Belgium",2016-01,electricity consumption,0.07,kWh,UCI 374 - Appliances Energy Prediction,2016-01-17T15:30:00
"Low-energy house, Belgium",2016-01,electricity consumption,0.08,kWh,UCI 374 - Appliances Energy Prediction,2016-01-17T15:40:00
"Low-energy house, Belgium",2016-01,electricity consumption,0.08,kWh,UCI 374 - Appliances Energy Prediction,2016-01-17T15:50:00
"Low-energy house, Belgium",2016-01,electricity consumption,0.09,kWh,UCI 374 - Appliances Energy Prediction,2016-01-17T16:00:00
"Low-energy house, Belgium",2016-01,electricity consumption,0.08,kWh,UCI 374 - Appliances Energy Prediction,2016-01-17T16:10:00
"Low-energy house, Belgium",2016-01,electricity consumption,0.08,kWh,UCI 374 - Appliances Energy Prediction,2016-01-17T16:20:00
"Low-energy house, Belgium",2016-01,electricity consumption,0.08,kWh,UCI 374 - Appliances Energy Prediction,2016-01-17T16:30:00
"Low-energy house, Belgium",2016-01,electricity consumption,0.08,kWh,UCI 374 - Appliances Energy Prediction,2016-01-17T16:40:00
"Low-energy house, Belgium",2016-01,electricity consumption,0.08,kWh,UCI 374 - Appliances Energy Prediction,2016-01-17T16:50:00
"Low-energy house, Belgium",2016-01,electricity consumption,0.09,kWh,UCI 374 - Appliances Energy Prediction,2016-01-17T17:00:00
"Low-energy house, Belgium",2016-01,electricity consumption,0.13,kWh,UCI 374 - Appliances Energy Prediction,2016-01-17T17:10:00
"Low-energy house, Belgium",2016-01,electricity consumption,0.38,kWh,UCI 374 - Appliances Energy Prediction,2016-01-17T17:20:00
"Low-energy house, Belgium",2016-01,electricity consumption,0.8,kWh,UCI 374 - Appliances Energy Prediction,2016-01-17T17:30:00
"Low-energy house, Belgium",2016-01,electricity consumption,0.79,kWh,UCI 374 - Appliances Energy Prediction,2016-01-17T17:40:00
"Low-energy house, Belgium",2016-01,electricity consumption,0.54,kWh,UCI 374 - Appliances Energy Prediction,2016-01-17T17:50:00
"Low-energy house, Belgium",2016-01,electricity consumption,0.12,kWh,UCI 374 - Appliances Energy Prediction,2016-01-17T18:00:00
"Low-energy house, Belgium",2016-01,electricity consumption,0.11,kWh,UCI 374 - Appliances Energy Prediction,2016-01-17T18:10:00
"Low-energy house, Belgium",2016-01,electricity consumption,0.16,kWh,UCI 374 - Appliances Energy Prediction,2016-01-17T18:20:00
"Low-energy house, Belgium",2016-01,electricity consumption,0.14,kWh,UCI 374 - Appliances Energy Prediction,2016-01-17T18:30:00
"Low-energy house, Belgium",2016-01,electricity consumption,0.55,kWh,UCI 374 - Appliances Energy Prediction,2016-01-17T18:40:00
"Low-energy house, Belgium",2016-01,electricity consumption,0.53,kWh,UCI 374 - Appliances Energy Prediction,2016-01-17T18:50:00
"Low-energy house, Belgium",2016-01,electricity consumption,0.1,kWh,UCI 374 - Appliances Energy Prediction,2016-01-17T19:00:00
"Low-energy house, Belgium",2016-01,electricity consumption,0.1,kWh,UCI 374 - Appliances Energy Prediction,2016-01-17T19:10:00
"Low-energy house, Belgium",2016-01,electricity consumption,0.09,kWh,UCI 374 - Appliances Energy Prediction,2016-01-17T19:20:00
"Low-energy house, Belgium",2016-01,electricity consumption,0.09,kWh,UCI 374 - Appliances Energy Prediction,2016-01-17T19:30:00
"Low-energy house, Belgium",2016-01,electricity consumption,0.1,kWh,UCI 374 - Appliances Energy Prediction,2016-01-17T19:40:00
"Low-energy house, Belgium",2016-01,electricity consumption,0.13,kWh,UCI 374 - Appliances Energy Prediction,2016-01-17T19:50:00
"Low-energy house, Belgium",2016-01,electricity consumption,0.11,kWh,UCI 374 - Appliances Energy Prediction,2016-01-17T20:00:00
"Low-energy house, Belgium",2016-01,electricity consumption,0.12,kWh,UCI 374 - Appliances Energy Prediction,2016-01-17T20:10:00
"Low-energy house, Belgium",2016-01,electricity consumption,0.1,kWh,UCI 374 - Appliances Energy Prediction,2016-01-17T20:20:00
"Low-energy house, Belgium",2016-01,electricity consumption,0.11,kWh,UCI 374 - Appliances Energy Prediction,2016-01-17T20:30:00
"Low-energy house, Belgium",2016-01,electricity consumption,0.1,kWh,UCI 374 - Appliances Energy Prediction,2016-01-17T20:40:00
"Low-energy house, Belgium",2016-01,electricity consumption,0.12,kWh,UCI 374 - Appliances Energy Prediction,2016-01-17T20:50:00
"Low-energy house, Belgium",2016-01,electricity consumption,0.25,kWh,UCI 374 - Appliances Energy Prediction,2016-01-17T21:00:00
"Low-energy house, Belgium",2016-01,electricity consumption,0.11,kWh,UCI 374 - Appliances Energy Prediction,2016-01-17T21:10:00
"Low-energy house, Belgium",2016-01,electricity consumption,0.11,kWh,UCI 374 - Appliances Energy Prediction,2016-01-17T21:20:00
"Low-energy house, Belgium",2016-01,electricity consumption,0.15,kWh,UCI 374 - Appliances Energy Prediction,2016-01-17T21:30:00
"Low-energy house, Belgium",2016-01,electricity consumption,0.11,kWh,UCI 374 - Appliances Energy Prediction,2016-01-17T21:40:00
"Low-energy house, Belgium",2016-01,electricity consumption,0.05,kWh,UCI 374 - Appliances Energy Prediction,2016-01-17T21:50:00
"Low-energy house, Belgium",2016-01,electricity consumption,0.04,kWh,UCI 374 - Appliances Energy Prediction,2016-01-17T22:00:00
"Low-energy house, Belgium",2016-01,electricity consumption,0.05,kWh,UCI 374 - Appliances Energy Prediction,2016-01-17T22:10:00
"Low-energy house, Belgium",2016-01,electricity consumption,0.05,kWh,UCI 374 - Appliances Energy Prediction,2016-01-17T22:20:00
"Low-energy house, Belgium",2016-01,electricity consumption,0.07,kWh,UCI 374 - Appliances Energy Prediction,2016-01-17T22:30:00
"Low-energy house, Belgium",2016-01,electricity consumption,0.06,kWh,UCI 374 - Appliances Energy Prediction,2016-01-17T22:40:00
"Low-energy house, Belgium",2016-01,electricity consumption,0.06,kWh,UCI 374 - Appliances Energy Prediction,2016-01-17T22:50:00
"Low-energy house, Belgium",2016-01,electricity consumption,0.07,kWh,UCI 374 - Appliances Energy Prediction,2016-01-17T23:00:00
"Low-energy house, Belgium",2016-01,electricity consumption,0.05,kWh,UCI 374 - Appliances Energy Prediction,2016-01-17T23:10:00
"Low-energy house, Belgium",2016-01,electricity consumption,0.07,kWh,UCI 374 - Appliances Energy Prediction,2016-01-17T23:20:00
"Low-energy house, Belgium",2016-01,electricity consumption,0.06,kWh,UCI 374 - Appliances Energy Prediction,2016-01-17T23:30:00
"Low-energy house, Belgium",2016-01,electricity consumption,0.07,kWh,UCI 374 - Appliances Energy Prediction,2016-01-17T23:40:00
"Low-energy house, Belgium",2016-01,electricity consumption,0.06,kWh,UCI 374 - Appliances Energy Prediction,2016-01-17T23:50:00
"Low-energy house, Belgium",2016-01,electricity consumption,0.06,kWh,UCI 374 - Appliances Energy Prediction,2016-01-18T00:00:00
"Low-energy house, Belgium",2016-01,electricity consumption,0.05,kWh,UCI 374 - Appliances Energy Prediction,2016-01-18T00:10:00
"Low-energy house, Belgium",2016-01,electricity consumption,0.04,kWh,UCI 374 - Appliances Energy Prediction,2016-01-18T00:20:00
"Low-energy house, Belgium",2016-01,electricity consumption,0.03,kWh,UCI 374 - Appliances Energy Prediction,2016-01-18T00:30:00
"Low-energy house, Belgium",2016-01,electricity consumption,0.04,kWh,UCI 374 - Appliances Energy Prediction,2016-01-18T00:40:00
"Low-energy house, Belgium",2016-01,electricity consumption,0.05,kWh,UCI 374 - Appliances Energy Prediction,2016-01-18T00:50:00
"Low-energy house, Belgium",2016-01,electricity consumption,0.05,kWh,UCI 374 - Appliances Energy Prediction,2016-01-18T01:00:00
"Low-energy house, Belgium",2016-01,electricity consumption,0.04,kWh,UCI 374 - Appliances Energy Prediction,2016-01-18T01:10:00
"Low-energy house, Belgium",2016-01,electricity consumption,0.05,kWh,UCI 374 - Appliances Energy Prediction,2016-01-18T01:20:00
"Low-energy house, Belgium",2016-01,electricity consumption,0.04,kWh,UCI 374 - Appliances Energy Prediction,2016-01-18T01:30:00
"Low-energy house, Belgium",2016-01,electricity consumption,0.04,kWh,UCI 374 - Appliances Energy Prediction,2016-01-18T01:40:00
"Low-energy house, Belgium",2016-01,electricity consumption,0.04,kWh,UCI 374 - Appliances Energy Prediction,2016-01-18T01:50:00
"Low-energy house, Belgium",2016-01,electricity consumption,0.06,kWh,UCI 374 - Appliances Energy Prediction,2016-01-18T02:00:00
"Low-energy house, Belgium",2016-01,electricity consumption,0.05,kWh,UCI 374 - Appliances Energy Prediction,2016-01-18T02:10:00
"Low-energy house, Belgium",2016-01,electricity consumption,0.05,kWh,UCI 374 - Appliances Energy Prediction,2016-01-18T02:20:00
"Low-energy house, Belgium",2016-01,electricity consumption,0.04,kWh,UCI 374 - Appliances Energy Prediction,2016-01-18T02:30:00
"Low-energy house, Belgium",2016-01,electricity consumption,0.04,kWh,UCI 374 - Appliances Energy Prediction,2016-01-18T02:40:00
"Low-energy house, Belgium",2016-01,electricity consumption,0.02,kWh,UCI 374 - Appliances Energy Prediction,2016-01-18T02:50:00
"Low-energy house, Belgium",2016-01,electricity consumption,0.03,kWh,UCI 374 - Appliances Energy Prediction,2016-01-18T03:00:00
"Low-energy house, Belgium",2016-01,electricity consumption,0.02,kWh,UCI 374 - Appliances Energy Prediction,2016-01-18T03:10:00
"Low-energy house, Belgium",2016-01,electricity consumption,0.05,kWh,UCI 374 - Appliances Energy Prediction,2016-01-18T03:20:00
"Low-energy house, Belgium",2016-01,electricity consumption,0.06,kWh,UCI 374 - Appliances Energy Prediction,2016-01-18T03:30:00
"Low-energy house, Belgium",2016-01,electricity consumption,0.04,kWh,UCI 374 - Appliances Energy Prediction,2016-01-18T03:40:00
"Low-energy house, Belgium",2016-01,electricity consumption,0.05,kWh,UCI 374 - Appliances Energy Prediction,2016-01-18T03:50:00
"Low-energy house, Belgium",2016-01,electricity consumption,0.04,kWh,UCI 374 - Appliances Energy Prediction,2016-01-18T04:00:00
"Low-energy house, Belgium",2016-01,electricity consumption,0.04,kWh,UCI 374 - Appliances Energy Prediction,2016-01-18T04:10:00
"Low-energy house, Belgium",2016-01,electricity consumption,0.05,kWh,UCI 374 - Appliances Energy Prediction,2016-01-18T04:20:00
"Low-energy house, Belgium",2016-01,electricity consumption,0.05,kWh,UCI 374 - Appliances Energy Prediction,2016-01-18T04:30:00
"Low-energy house, Belgium",2016-01,electricity consumption,0.04,kWh,UCI 374 - Appliances Energy Prediction,2016-01-18T04:40:00
"Low-energy house, Belgium",2016-01,electricity consumption,0.05,kWh,UCI 374 - Appliances Energy Prediction,2016-01-18T04:50:00
"Low-energy house, Belgium",2016-01,electricity consumption,0.04,kWh,UCI 374 - Appliances Energy Prediction,2016-01-18T05:00:00
"Low-energy house, Belgium",2016-01,electricity consumption,0.05,kWh,UCI 374 - Appliances Energy Prediction,2016-01-18T05:10:00
"Low-energy house, Belgium",2016-01,electricity consumption,0.03,kWh,UCI 374 - Appliances Energy Prediction,2016-01-18T05:20:00
"Low-energy house, Belgium",2016-01,electricity consumption,0.02,kWh,UCI 374 - Appliances Energy Prediction,2016-01-18T05:30:00
"Low-energy house, Belgium",2016-01,electricity consumption,0.03,kWh,UCI 374 - Appliances Energy Prediction,2016-01-18T05:40:00
"Low-energy house, Belgium",2016-01,electricity consumption,0.03,kWh,UCI 374 - Appliances Energy Prediction,2016-01-18T05:50:00
"Low-energy house, Belgium",2016-01,electricity consumption,0.05,kWh,UCI 374 - Appliances Energy Prediction,2016-01-18T06:00:00
"Low-energy house, Belgium",2016-01,electricity consumption,0.08,kWh,UCI 374 - Appliances Energy Prediction,2016-01-18T06:10:00
"Low-energy house, Belgium",2016-01,electricity consumption,0.04,kWh,UCI 374 - Appliances Energy Prediction,2016-01-18T06:20:00
"Low-energy house, Belgium",2016-01,electricity consumption,0.05,kWh,UCI 374 - Appliances Energy Prediction,2016-01-18T06:30:00
"Low-energy house, Belgium",2016-01,electricity consumption,0.04,kWh,UCI 374 - Appliances Energy Prediction,2016-01-18T06:40:00
"Low-energy house, Belgium",2016-01,electricity consumption,0.07,kWh,UCI 374 - Appliances Energy Prediction,2016-01-18T06:50:00
"Low-energy house, Belgium",2016-01,electricity consumption,0.1,kWh,UCI 374 - Appliances Energy Prediction,2016-01-18T07:00:00
"Low-energy house, Belgium",2016-01,electricity consumption,0.06,kWh,UCI 374 - Appliances Energy Prediction,2016-01-18T07:10:00
"Low-energy house, Belgium",2016-01,electricity consumption,0.05,kWh,UCI 374 - Appliances Energy Prediction,2016-01-18T07:20:00
"Low-energy house, Belgium",2016-01,electricity consumption,0.04,kWh,UCI 374 - Appliances Energy Prediction,2016-01-18T07:30:00
"Low-energy house, Belgium",2016-01,electricity consumption,0.04,kWh,UCI 374 - Appliances Energy Prediction,2016-01-18T07:40:00
"Low-energy house, Belgium",2016-01,electricity consumption,0.04,kWh,UCI 374 - Appliances Energy Prediction,2016-01-18T07:50:00
"Low-energy house, Belgium",2016-01,electricity consumption,0.02,kWh,UCI 374 - Appliances Energy Prediction,2016-01-18T08:00:00
"Low-energy house, Belgium",2016-01,electricity consumption,0.02,kWh,UCI 374 - Appliances Energy Prediction,2016-01-18T08:10:00
"Low-energy house, Belgium",2016-01,electricity consumption,0.03,kWh,UCI 374 - Appliances Energy Prediction,2016-01-18T08:20:00
"Low-energy house, Belgium",2016-01,electricity consumption,0.05,kWh,UCI 374 - Appliances Energy Prediction,2016-01-18T08:30:00
"Low-energy house, Belgium",2016-01,electricity consumption,0.05,kWh,UCI 374 - Appliances Energy Prediction,2016-01-18T08:40:00
"Low-energy house, Belgium",2016-01,electricity consumption,0.04,kWh,UCI 374 - Appliances Energy Prediction,2016-01-18T08:50:00
"Low-energy house, Belgium",2016-01,electricity consumption,0.04,kWh,UCI 374 - Appliances Energy Prediction,2016-01-18T09:00:00
"Low-energy house, Belgium",2016-01,electricity consumption,0.04,kWh,UCI 374 - Appliances Energy Prediction,2016-01-18T09:10:00
"Low-energy house, Belgium",2016-01,electricity consumption,0.04,kWh,UCI 374 - Appliances Energy Prediction,2016-01-18T09:20:00
"Low-energy house, Belgium",2016-01,electricity consumption,0.05,kWh,UCI 374 - Appliances Energy Prediction,2016-01-18T09:30:00
"Low-energy house, Belgium",2016-01,electricity consumption,0.05,kWh,UCI 374 - Appliances Energy Prediction,2016-01-18T09:40:00
"Low-energy house, Belgium",2016-01,electricity consumption,0.05,kWh,UCI 374 - Appliances Energy Prediction,2016-01-18T09:50:00
"Low-energy house, Belgium",2016-01,electricity consumption,0.04,kWh,UCI 374 - Appliances Energy Prediction,2016-01-18T10:00:00
"Low-energy house, Belgium",2016-01,electricity consumption,0.04,kWh,UCI 374 - Appliances Energy Prediction,2016-01-18T10:10:00
"Low-energy house, Belgium",2016-01,electricity consumption,0.02,kWh,UCI 374 - Appliances Energy Prediction,2016-01-18T10:20:00
"Low-energy house, Belgium",2016-01,electricity consumption,0.02,kWh,UCI 374 - Appliances Energy Prediction,2016-01-18T10:30:00
"Low-energy house, Belgium",2016-01,electricity consumption,0.03,kWh,UCI 374 - Appliances Energy Prediction,2016-01-18T10:40:00
"Low-energy house, Belgium",2016-01,electricity consumption,0.04,kWh,UCI 374 - Appliances Energy Prediction,2016-01-18T10:50:00
"Low-energy house, Belgium",2016-01,electricity consumption,0.05,kWh,UCI 374 - Appliances Energy Prediction,2016-01-18T11:00:00
"Low-energy house, Belgium",2016-01,electricity consumption,0.05,kWh,UCI 374 - Appliances Energy Prediction,2016-01-18T11:10:00
"Low-energy house, Belgium",2016-01,electricity consumption,0.04,kWh,UCI 374 - Appliances Energy Prediction,2016-01-18T11:20:00
"Low-energy house, Belgium",2016-01,electricity consumption,0.04,kWh,UCI 374 - Appliances Energy Prediction,2016-01-18T11:30:00
"Low-energy house, Belgium",2016-01,electricity consumption,0.05,kWh,UCI 374 - Appliances Energy Prediction,2016-01-18T11:40:00
"Low-energy house, Belgium",2016-01,electricity consumption,0.04,kWh,UCI 374 - Appliances Energy Prediction,2016-01-18T11:50:00
"Low-energy house, Belgium",2016-01,electricity consumption,0.04,kWh,UCI 374 - Appliances Energy Prediction,2016-01-18T12:00:00
"Low-energy house, Belgium",2016-01,electricity consumption,0.05,kWh,UCI 374 - Appliances Energy Prediction,2016-01-18T12:10:00
"Low-energy house, Belgium",2016-01,electricity consumption,0.04,kWh,UCI 374 - Appliances Energy Prediction,2016-01-18T12:20:00
"Low-energy house, Belgium",2016-01,electricity consumption,0.05,kWh,UCI 374 - Appliances Energy Prediction,2016-01-18T12:30:00
"Low-energy house, Belgium",2016-01,electricity consumption,0.04,kWh,UCI 374 - Appliances Energy Prediction,2016-01-18T12:40:00
"Low-energy house, Belgium",2016-01,electricity consumption,0.02,kWh,UCI 374 - Appliances Energy Prediction,2016-01-18T12:50:00
"Low-energy house, Belgium",2016-01,electricity consumption,0.02,kWh,UCI 374 - Appliances Energy Prediction,2016-01-18T13:00:00
"Low-energy house, Belgium",2016-01,electricity consumption,0.03,kWh,UCI 374 - Appliances Energy Prediction,2016-01-18T13:10:00
"Low-energy house, Belgium",2016-01,electricity consumption,0.04,kWh,UCI 374 - Appliances Energy Prediction,2016-01-18T13:20:00
"Low-energy house, Belgium",2016-01,electricity consumption,0.05,kWh,UCI 374 - Appliances Energy Prediction,2016-01-18T13:30:00
"Low-energy house, Belgium",2016-01,electricity consumption,0.05,kWh,UCI 374 - Appliances Energy Prediction,2016-01-18T13:40:00
"Low-energy house, Belgium",2016-01,electricity consumption,0.05,kWh,UCI 374 - Appliances Energy Prediction,2016-01-18T13:50:00
"Low-energy house, Belgium",2016-01,electricity consumption,0.04,kWh,UCI 374 - Appliances Energy Prediction,2016-01-18T14:00:00
"Low-energy house, Belgium",2016-01,electricity consumption,0.04,kWh,UCI 374 - Appliances Energy Prediction,2016-01-18T14:10:00
"Low-energy house, Belgium",2016-01,electricity consumption,0.04,kWh,UCI 374 - Appliances Energy Prediction,2016-01-18T14:20:00
"Low-energy house, Belgium",2016-01,electricity consumption,0.04,kWh,UCI 374 - Appliances Energy Prediction,2016-01-18T14:30:00
"Low-energy house, Belgium",2016-01,electricity consumption,0.04,kWh,UCI 374 - Appliances Energy Prediction,2016-01-18T14:40:00
"Low-energy house, Belgium",2016-01,electricity consumption,0.05,kWh,UCI 374 - Appliances Energy Prediction,2016-01-18T14:50:00
"Low-energy house, Belgium",2016-01,electricity consumption,0.05,kWh,UCI 374 - Appliances Energy Prediction,2016-01-18T15:00:00
"Low-energy house, Belgium",2016-01,electricity consumption,0.03,kWh,UCI 374 - Appliances Energy Prediction,2016-01-18T15:10:00
"Low-energy house, Belgium",2016-01,electricity consumption,0.02,kWh,UCI 374 - Appliances Energy Prediction,2016-01-18T15:20:00
"Low-energy house, Belgium",2016-01,electricity consumption,0.03,kWh,UCI 374 - Appliances Energy Prediction,2016-01-18T15:30:00
"Low-energy house, Belgium",2016-01,electricity consumption,0.03,kWh,UCI 374 - Appliances Energy Prediction,2016-01-18T15:40:00
"Low-energy house, Belgium",2016-01,electricity consumption,0.04,kWh,UCI 374 - Appliances Energy Prediction,2016-01-18T15:50:00
"Low-energy house, Belgium",2016-01,electricity consumption,0.05,kWh,UCI 374 - Appliances Energy Prediction,2016-01-18T16:00:00
"Low-energy house, Belgium",2016-01,electricity consumption,0.05,kWh,UCI 374 - Appliances Energy Prediction,2016-01-18T16:10:00
"Low-energy house, Belgium",2016-01,electricity consumption,0.05,kWh,UCI 374 - Appliances Energy Prediction,2016-01-18T16:20:00
"Low-energy house, Belgium",2016-01,electricity consumption,0.04,kWh,UCI 374 - Appliances Energy Prediction,2016-01-18T16:30:00
"Low-energy house, Belgium",2016-01,electricity consumption,0.04,kWh,UCI 374 - Appliances Energy Prediction,2016-01-18T16:40:00
"Low-energy house, Belgium",2016-01,electricity consumption,0.05,kWh,UCI 374 - Appliances Energy Prediction,2016-01-18T16:50:00
"Low-energy house, Belgium",2016-01,electricity consumption,0.04,kWh,UCI 374 - Appliances Energy Prediction,2016-01-18T17:00:00
"Low-energy house, Belgium",2016-01,electricity consumption,0.04,kWh,UCI 374 - Appliances Energy Prediction,2016-01-18T17:10:00
"Low-energy house, Belgium",2016-01,electricity consumption,0.04,kWh,UCI 374 - Appliances Energy Prediction,2016-01-18T17:20:00
"Low-energy house, Belgium",2016-01,electricity consumption,0.04,kWh,UCI 374 - Appliances Energy Prediction,2016-01-18T17:30:00
"Low-energy house, Belgium",2016-01,electricity consumption,0.02,kWh,UCI 374 - Appliances Energy Prediction,2016-01-18T17:40:00
"Low-energy house, Belgium",2016-01,electricity consumption,0.03,kWh,UCI 374 - Appliances Energy Prediction,2016-01-18T17:50:00
"Low-energy house, Belgium",2016-01,electricity consumption,0.03,kWh,UCI 374 - Appliances Energy Prediction,2016-01-18T18:00:00
"Low-energy house, Belgium",2016-01,electricity consumption,0.07,kWh,UCI 374 - Appliances Energy Prediction,2016-01-18T18:10:00
"Low-energy house, Belgium",2016-01,electricity consumption,0.23,kWh,UCI 374 - Appliances Energy Prediction,2016-01-18T18:20:00
"Low-energy house, Belgium",2016-01,electricity consumption,0.66,kWh,UCI 374 - Appliances Energy Prediction,2016-01-18T18:30:00
"Low-energy house, Belgium",2016-01,electricity consumption,0.51,kWh,UCI 374 - Appliances Energy Prediction,2016-01-18T18:40:00
"Low-energy house, Belgium",2016-01,electricity consumption,0.3,kWh,UCI 374 - Appliances Energy Prediction,2016-01-18T18:50:00
"Low-energy house, Belgium",2016-01,electricity consumption,0.3,kWh,UCI 374 - Appliances Energy Prediction,2016-01-18T19:00:00
"Low-energy house, Belgium",2016-01,electricity consumption,0.35,kWh,UCI 374 - Appliances Energy Prediction,2016-01-18T19:10:00
"Low-energy house, Belgium",2016-01,electricity consumption,0.09,kWh,UCI 374 - Appliances Energy Prediction,2016-01-18T19:20:00
"Low-energy house, Belgium",2016-01,electricity consumption,0.1,kWh,UCI 374 - Appliances Energy Prediction,2016-01-18T19:30:00
"Low-energy house, Belgium",2016-01,electricity consumption,0.13,kWh,UCI 374 - Appliances Energy Prediction,2016-01-18T19:40:00
"Low-energy house, Belgium",2016-01,electricity consumption,0.2,kWh,UCI 374 - Appliances Energy Prediction,2016-01-18T19:50:00
"Low-energy house, Belgium",2016-01,electricity consumption,0.48,kWh,UCI 374 - Appliances Energy Prediction,2016-01-18T20:00:00
"Low-energy house, Belgium",2016-01,electricity consumption,0.43,kWh,UCI 374 - Appliances Energy Prediction,2016-01-18T20:10:00
"Low-energy house, Belgium",2016-01,electricity consumption,0.63,kWh,UCI 374 - Appliances Energy Prediction,2016-01-18T20:20:00
"Low-energy house, Belgium",2016-01,electricity consumption,0.6,kWh,UCI 374 - Appliances Energy Prediction,2016-01-18T20:30:00
"Low-energy house, Belgium",2016-01,electricity consumption,0.47,kWh,UCI 374 - Appliances Energy Prediction,2016-01-18T20:40:00
"Low-energy house, Belgium",2016-01,electricity consumption,0.74,kWh,UCI 374 - Appliances Energy Prediction,2016-01-18T20:50:00
"Low-energy house, Belgium",2016-01,electricity consumption,0.6,kWh,UCI 374 - Appliances Energy Prediction,2016-01-18T21:00:00
"Low-energy house, Belgium",2016-01,electricity consumption,0.56,kWh,UCI 374 - Appliances Energy Prediction,2016-01-18T21:10:00
"Low-energy house, Belgium",2016-01,electricity consumption,0.44,kWh,UCI 374 - Appliances Energy Prediction,2016-01-18T21:20:00
"Low-energy house, Belgium",2016-01,electricity consumption,0.28,kWh,UCI 374 - Appliances Energy Prediction,2016-01-18T21:30:00
"Low-energy house, Belgium",2016-01,electricity consumption,0.11,kWh,UCI 374 - Appliances Energy Prediction,2016-01-18T21:40:00
"Low-energy house, Belgium",2016-01,electricity consumption,0.08,kWh,UCI 374 - Appliances Energy Prediction,2016-01-18T21:50:00
"Low-energy house, Belgium",2016-01,electricity consumption,0.07,kWh,UCI 374 - Appliances Energy Prediction,2016-01-18T22:00:00
"Low-energy house, Belgium",2016-01,electricity consumption,0.05,kWh,UCI 374 - Appliances Energy Prediction,2016-01-18T22:10:00
"Low-energy house, Belgium",2016-01,electricity consumption,0.05,kWh,UCI 374 - Appliances Energy Prediction,2016-01-18T22:20:00
"Low-energy house, Belgium",2016-01,electricity consumption,0.06,kWh,UCI 374 - Appliances Energy Prediction,2016-01-18T22:30:00
"Low-energy house, Belgium",2016-01,electricity consumption,0.06,kWh,UCI 374 - Appliances Energy Prediction,2016-01-18T22:40:00
"Low-energy house, Belgium",2016-01,electricity consumption,0.05,kWh,UCI 374 - Appliances Energy Prediction,2016-01-18T22:50:00
"Low-energy house, Belgium",2016-01,electricity consumption,0.06,kWh,UCI 374 - Appliances Energy Prediction,2016-01-18T23:00:00
"Low-energy house, Belgium",2016-01,electricity consumption,0.05,kWh,UCI 374 - Appliances Energy Prediction,2016-01-18T23:10:00
"Low-energy house, Belgium",2016-01,electricity consumption,0.05,kWh,UCI 374 - Appliances Energy Prediction,2016-01-18T23:20:00
"Low-energy house, Belgium",2016-01,electricity consumption,0.04,kWh,UCI 374 - Appliances Energy Prediction,2016-01-18T23:30:00
"Low-energy house, Belgium",2016-01,electricity consumption,0.03,kWh,UCI 374 - Appliances Energy Prediction,2016-01-18T23:40:00
"Low-energy house, Belgium",2016-01,electricity consumption,0.04,kWh,UCI 374 - Appliances Energy Prediction,2016-01-18T23:50:00
"Low-energy house, Belgium",2016-01,electricity consumption,0.05,kWh,UCI 374 - Appliances Energy Prediction,2016-01-19T00:00:00
"Low-energy house, Belgium",2016-01,electricity consumption,0.05,kWh,UCI 374 - Appliances Energy Prediction,2016-01-19T00:10:00
"Low-energy house, Belgium",2016-01,electricity consumption,0.05,kWh,UCI 374 - Appliances Energy Prediction,2016-01-19T00:20:00
"Low-energy house, Belgium",2016-01,electricity consumption,0.04,kWh,UCI 374 - Appliances Energy Prediction,2016-01-19T00:30:00
"Low-energy house, Belgium",2016-01,electricity consumption,0.05,kWh,UCI 374 - Appliances Energy Prediction,2016-01-19T00:40:00
"Low-energy house, Belgium",2016-01,electricity consumption,0.04,kWh,UCI 374 - Appliances Energy Prediction,2016-01-19T00:50:00
"Low-energy house, Belgium",2016-01,electricity consumption,0.05,kWh,UCI 374 - Appliances Energy Prediction,2016-01-19T01:00:00
"Low-energy house, Belgium",2016-01,electricity consumption,0.04,kWh,UCI 374 - Appliances Energy Prediction,2016-01-19T01:10:00
"Low-energy house, Belgium",2016-01,electricity consumption,0.05,kWh,UCI 374 - Appliances Energy Prediction,2016-01-19T01:20:00
"Low-energy house, Belgium",2016-01,electricity consumption,0.05,kWh,UCI 374 - Appliances Energy Prediction,2016-01-19T01:30:00
"Low-energy house, Belgium",2016-01,electricity consumption,0.04,kWh,UCI 374 - Appliances Energy Prediction,2016-01-19T01:40:00
"Low-energy house, Belgium",2016-01,electricity consumption,0.04,kWh,UCI 374 - Appliances Energy Prediction,2016-01-19T01:50:00
"Low-energy house, Belgium",2016-01,electricity consumption,0.03,kWh,UCI 374 - Appliances Energy Prediction,2016-01-19T02:00:00
"Low-energy house, Belgium",2016-01,electricity consumption,0.02,kWh,UCI 374 - Appliances Energy Prediction,2016-01-19T02:10:00
"Low-energy house, Belgium",2016-01,electricity consumption,0.02,kWh,UCI 374 - Appliances Energy Prediction,2016-01-19T02:20:00
"Low-energy house, Belgium",2016-01,electricity consumption,0.04,kWh,UCI 374 - Appliances Energy Prediction,2016-01-19T02:30:00
"Low-energy house, Belgium",2016-01,electricity consumption,0.05,kWh,UCI 374 - Appliances Energy Prediction,2016-01-19T02:40:00
"Low-energy house, Belgium",2016-01,electricity consumption,0.04,kWh,UCI 374 - Appliances Energy Prediction,2016-01-19T02:50:00
"Low-energy house, Belgium",2016-01,electricity consumption,0.05,kWh,UCI 374 - Appliances Energy Prediction,2016-01-19T03:00:00
"Low-energy house, Belgium",2016-01,electricity consumption,0.05,kWh,UCI 374 - Appliances Energy Prediction,2016-01-19T03:10:00
"Low-energy house, Belgium",2016-01,electricity consumption,0.04,kWh,UCI 374 - Appliances Energy Prediction,2016-01-19T03:20:00
"Low-energy house, Belgium",2016-01,electricity consumption,0.04,kWh,UCI 374 - Appliances Energy Prediction,2016-01-19T03:30:00
"Low-energy house, Belgium",2016-01,electricity consumption,0.05,kWh,UCI 374 - Appliances Energy Prediction,2016-01-19T03:40:00
"Low-energy house, Belgium",2016-01,electricity consumption,0.05,kWh,UCI 374 - Appliances Energy Prediction,2016-01-19T03:50:00
"Low-energy house, Belgium",2016-01,electricity consumption,0.05,kWh,UCI 374 - Appliances Energy Prediction,2016-01-19T04:00:00
"Low-energy house, Belgium",2016-01,electricity consumption,0.04,kWh,UCI 374 - Appliances Energy Prediction,2016-01-19T04:10:00
"Low-energy house, Belgium",2016-01,electricity consumption,0.05,kWh,UCI 374 - Appliances Energy Prediction,2016-01-19T04:20:00
"Low-energy house, Belgium",2016-01,electricity consumption,0.02,kWh,UCI 374 - Appliances Energy Prediction,2016-01-19T04:30:00
"Low-energy house, Belgium",2016-01,electricity consumption,0.03,kWh,UCI 374 - Appliances Energy Prediction,2016-01-19T04:40:00
"Low-energy house, Belgium",2016-01,electricity consumption,0.01,kWh,UCI 374 - Appliances Energy Prediction,2016-01-19T04:50:00
"Low-energy house, Belgium",2016-01,electricity consumption,0.04,kWh,UCI 374 - Appliances Energy Prediction,2016-01-19T05:00:00
"Low-energy house, Belgium",2016-01,electricity consumption,0.06,kWh,UCI 374 - Appliances Energy Prediction,2016-01-19T05:10:00
"Low-energy house, Belgium",2016-01,electricity consumption,0.04,kWh,UCI 374 - Appliances Energy Prediction,2016-01-19T05:20:00
"Low-energy house, Belgium",2016-01,electricity consumption,0.05,kWh,UCI 374 - Appliances Energy Prediction,2016-01-19T05:30:00
"Low-energy house, Belgium",2016-01,electricity consumption,0.04,kWh,UCI 374 - Appliances Energy Prediction,2016-01-19T05:40:00
"Low-energy house, Belgium",2016-01,electricity consumption,0.04,kWh,UCI 374 - Appliances Energy Prediction,2016-01-19T05:50:00
"Low-energy house, Belgium",2016-01,electricity consumption,0.04,kWh,UCI 374 - Appliances Energy Prediction,2016-01-19T06:00:00
"Low-energy house, Belgium",2016-01,electricity consumption,0.07,kWh,UCI 374 - Appliances Energy Prediction,2016-01-19T06:10:00
"Low-energy house, Belgium",2016-01,electricity consumption,0.05,kWh,UCI 374 - Appliances Energy Prediction,2016-01-19T06:20:00
"Low-energy house, Belgium",2016-01,electricity consumption,0.05,kWh,UCI 374 - Appliances Energy Prediction,2016-01-19T06:30:00
"Low-energy house, Belgium",2016-01,electricity consumption,0.04,kWh,UCI 374 - Appliances Energy Prediction,2016-01-19T06:40:00
"Low-energy house, Belgium",2016-01,electricity consumption,0.03,kWh,UCI 374 - Appliances Energy Prediction,2016-01-19T06:50:00
"Low-energy house, Belgium",2016-01,electricity consumption,0.03,kWh,UCI 374 - Appliances Energy Prediction,2016-01-19T07:00:00
"Low-energy house, Belgium",2016-01,electricity consumption,0.02,kWh,UCI 374 - Appliances Energy Prediction,2016-01-19T07:10:00
"Low-energy house, Belgium",2016-01,electricity consumption,0.05,kWh,UCI 374 - Appliances Energy Prediction,2016-01-19T07:20:00
"Low-energy house, Belgium",2016-01,electricity consumption,0.05,kWh,UCI 374 - Appliances Energy Prediction,2016-01-19T07:30:00
"Low-energy house, Belgium",2016-01,electricity consumption,0.05,kWh,UCI 374 - Appliances Energy Prediction,2016-01-19T07:40:00
"Low-energy house, Belgium",2016-01,electricity consumption,0.05,kWh,UCI 374 - Appliances Energy Prediction,2016-01-19T07:50:00
"Low-energy house, Belgium",2016-01,electricity consumption,0.04,kWh,UCI 374 - Appliances Energy Prediction,2016-01-19T08:00:00
"Low-energy house, Belgium",2016-01,electricity consumption,0.04,kWh,UCI 374 - Appliances Energy Prediction,2016-01-19T08:10:00
"Low-energy house, Belgium",2016-01,electricity consumption,0.05,kWh,UCI 374 - Appliances Energy Prediction,2016-01-19T08:20:00
"Low-energy house, Belgium",2016-01,electricity consumption,0.04,kWh,UCI 374 - Appliances Energy Prediction,2016-01-19T08:30:00
"Low-energy house, Belgium",2016-01,electricity consumption,0.04,kWh,UCI 374 - Appliances Energy Prediction,2016-01-19T08:40:00
"Low-energy house, Belgium",2016-01,electricity consumption,0.04,kWh,UCI 374 - Appliances Energy Prediction,2016-01-19T08:50:00
"Low-energy house, Belgium",2016-01,electricity consumption,0.04,kWh,UCI 374 - Appliances Energy Prediction,2016-01-19T09:00:00
"Low-energy house, Belgium",2016-01,electricity consumption,0.02,kWh,UCI 374 - Appliances Energy Prediction,2016-01-19T09:10:00
"Low-energy house, Belgium",2016-01,electricity consumption,0.03,kWh,UCI 374 - Appliances Energy Prediction,2016-01-19T09:20:00
"Low-energy house, Belgium",2016-01,electricity consumption,0.03,kWh,UCI 374 - Appliances Energy Prediction,2016-01-19T09:30:00
"Low-energy house, Belgium",2016-01,electricity consumption,0.04,kWh,UCI 374 - Appliances Energy Prediction,2016-01-19T09:40:00
"Low-energy house, Belgium",2016-01,electricity consumption,0.04,kWh,UCI 374 - Appliances Energy Prediction,2016-01-19T09:50:00
"Low-energy house, Belgium",2016-01,electricity consumption,0.04,kWh,UCI 374 - Appliances Energy Prediction,2016-01-19T10:00:00
"Low-energy house, Belgium",2016-01,electricity consumption,0.05,kWh,UCI 374 - Appliances Energy Prediction,2016-01-19T10:10:00
"Low-energy house, Belgium",2016-01,electricity consumption,0.05,kWh,UCI 374 - Appliances Energy Prediction,2016-01-19T10:20:00
"Low-energy house, Belgium",2016-01,electricity consumption,0.05,kWh,UCI 374 - Appliances Energy Prediction,2016-01-19T10:30:00
"Low-energy house, Belgium",2016-01,electricity consumption,0.04,kWh,UCI 374 - Appliances Energy Prediction,2016-01-19T10:40:00
"Low-energy house, Belgium",2016-01,electricity consumption,0.04,kWh,UCI 374 - Appliances Energy Prediction,2016-01-19T10:50:00
"Low-energy house, Belgium",2016-01,electricity consumption,0.04,kWh,UCI 374 - Appliances Energy Prediction,2016-01-19T11:00:00
"Low-energy house, Belgium",2016-01,electricity consumption,0.02,kWh,UCI 374 - Appliances Energy Prediction,2016-01-19T11:10:00
"Low-energy house, Belgium",2016-01,electricity consumption,0.02,kWh,UCI 374 - Appliances Energy Prediction,2016-01-19T11:20:00
"Low-energy house, Belgium",2016-01,electricity consumption,0.03,kWh,UCI 374 - Appliances Energy Prediction,2016-01-19T11:30:00
"Low-energy house, Belgium",2016-01,electricity consumption,0.05,kWh,UCI 374 - Appliances Energy Prediction,2016-01-19T11:40:00
"Low-energy house, Belgium",2016-01,electricity consumption,0.04,kWh,UCI 374 - Appliances Energy Prediction,2016-01-19T11:50:00
"Low-energy house, Belgium",2016-01,electricity consumption,0.05,kWh,UCI 374 - Appliances Energy Prediction,2016-01-19T12:00:00
"Low-energy house, Belgium",2016-01,electricity consumption,0.04,kWh,UCI 374 - Appliances Energy Prediction,2016-01-19T12:10:00
"Low-energy house, Belgium",2016-01,electricity consumption,0.04,kWh,UCI 374 - Appliances Energy Prediction,2016-01-19T12:20:00
"Low-energy house, Belgium",2016-01,electricity consumption,0.04,kWh,UCI 374 - Appliances Energy Prediction,2016-01-19T12:30:00
"Low-energy house, Belgium",2016-01,electricity consumption,0.04,kWh,UCI 374 - Appliances Energy Prediction,2016-01-19T12:40:00
"Low-energy house, Belgium",2016-01,electricity consumption,0.05,kWh,UCI 374 - Appliances Energy Prediction,2016-01-19T12:50:00
"Low-energy house, Belgium",2016-01,electricity consumption,0.05,kWh,UCI 374 - Appliances Energy Prediction,2016-01-19T13:00:00
"Low-energy house, Belgium",2016-01,electricity consumption,0.05,kWh,UCI 374 - Appliances Energy Prediction,2016-01-19T13:10:00
"Low-energy house, Belgium",2016-01,electricity consumption,0.03,kWh,UCI 374 - Appliances Energy Prediction,2016-01-19T13:20:00
"Low-energy house, Belgium",2016-01,electricity consumption,0.03,kWh,UCI 374 - Appliances Energy Prediction,2016-01-19T13:30:00
"Low-energy house, Belgium",2016-01,electricity consumption,0.02,kWh,UCI 374 - Appliances Energy Prediction,2016-01-19T13:40:00
"Low-energy house, Belgium",2016-01,electricity consumption,0.02,kWh,UCI 374 - Appliances Energy Prediction,2016-01-19T13:50:00
"Low-energy house, Belgium",2016-01,electricity consumption,0.05,kWh,UCI 374 - Appliances Energy Prediction,2016-01-19T14:00:00
"Low-energy house, Belgium",2016-01,electricity consumption,0.05,kWh,UCI 374 - Appliances Energy Prediction,2016-01-19T14:10:00
"Low-energy house, Belgium",2016-01,electricity consumption,0.05,kWh,UCI 374 - Appliances Energy Prediction,2016-01-19T14:20:00
"Low-energy house, Belgium",2016-01,electricity consumption,0.04,kWh,UCI 374 - Appliances Energy Prediction,2016-01-19T14:30:00
"Low-energy house, Belgium",2016-01,electricity consumption,0.04,kWh,UCI 374 - Appliances Energy Prediction,2016-01-19T14:40:00
"Low-energy house, Belgium",2016-01,electricity consumption,0.04,kWh,UCI 374 - Appliances Energy Prediction,2016-01-19T14:50:00
"Low-energy house, Belgium",2016-01,electricity consumption,0.04,kWh,UCI 374 - Appliances Energy Prediction,2016-01-19T15:00:00
"Low-energy house, Belgium",2016-01,electricity consumption,0.04,kWh,UCI 374 - Appliances Energy Prediction,2016-01-19T15:10:00
"Low-energy house, Belgium",2016-01,electricity consumption,0.05,kWh,UCI 374 - Appliances Energy Prediction,2016-01-19T15:20:00
"Low-energy house, Belgium",2016-01,electricity consumption,0.06,kWh,UCI 374 - Appliances Energy Prediction,2016-01-19T15:30:00
"Low-energy house, Belgium",2016-01,electricity consumption,0.02,kWh,UCI 374 - Appliances Energy Prediction,2016-01-19T15:40:00
"Low-energy house, Belgium",2016-01,electricity consumption,0.02,kWh,UCI 374 - Appliances Energy Prediction,2016-01-19T15:50:00
"Low-energy house, Belgium",2016-01,electricity consumption,0.03,kWh,UCI 374 - Appliances Energy Prediction,2016-01-19T16:00:00
"Low-energy house, Belgium",2016-01,electricity consumption,0.04,kWh,UCI 374 - Appliances Energy Prediction,2016-01-19T16:10:00
"Low-energy house, Belgium",2016-01,electricity consumption,0.04,kWh,UCI 374 - Appliances Energy Prediction,2016-01-19T16:20:00
"Low-energy house, Belgium",2016-01,electricity consumption,0.05,kWh,UCI 374 - Appliances Energy Prediction,2016-01-19T16:30:00
"Low-energy house, Belgium",2016-01,electricity consumption,0.04,kWh,UCI 374 - Appliances Energy Prediction,2016-01-19T16:40:00
"Low-energy house, Belgium",2016-01,electricity consumption,0.05,kWh,UCI 374 - Appliances Energy Prediction,2016-01-19T16:50:00
"Low-energy house, Belgium",2016-01,electricity consumption,0.05,kWh,UCI 374 - Appliances Energy Prediction,2016-01-19T17:00:00
"Low-energy house, Belgium",2016-01,electricity consumption,0.04,kWh,UCI 374 - Appliances Energy Prediction,2016-01-19T17:10:00
"Low-energy house, Belgium",2016-01,electricity consumption,0.04,kWh,UCI 374 - Appliances Energy Prediction,2016-01-19T17:20:00
"Low-energy house, Belgium",2016-01,electricity consumption,0.05,kWh,UCI 374 - Appliances Energy Prediction,2016-01-19T17:30:00
"Low-energy house, Belgium",2016-01,electricity consumption,0.06,kWh,UCI 374 - Appliances Energy Prediction,2016-01-19T17:40:00
"Low-energy house, Belgium",2016-01,electricity consumption,0.19,kWh,UCI 374 - Appliances Energy Prediction,2016-01-19T17:50:00
"Low-energy house, Belgium",2016-01,electricity consumption,0.35,kWh,UCI 374 - Appliances Energy Prediction,2016-01-19T18:00:00
"Low-energy house, Belgium",2016-01,electricity consumption,0.21,kWh,UCI 374 - Appliances Energy Prediction,2016-01-19T18:10:00
"Low-energy house, Belgium",2016-01,electricity consumption,0.14,kWh,UCI 374 - Appliances Energy Prediction,2016-01-19T18:20:00
"Low-energy house, Belgium",2016-01,electricity consumption,0.11,kWh,UCI 374 - Appliances Energy Prediction,2016-01-19T18:30:00
"Low-energy house, Belgium",2016-01,electricity consumption,0.12,kWh,UCI 374 - Appliances Energy Prediction,2016-01-19T18:40:00
"Low-energy house, Belgium",2016-01,electricity consumption,0.12,kWh,UCI 374 - Appliances Energy Prediction,2016-01-19T18:50:00
"Low-energy house, Belgium",2016-01,electricity consumption,0.11,kWh,UCI 374 - Appliances Energy Prediction,2016-01-19T19:00:00
"Low-energy house, Belgium",2016-01,electricity consumption,0.26,kWh,UCI 374 - Appliances Energy Prediction,2016-01-19T19:10:00
"Low-energy house, Belgium",2016-01,electricity consumption,0.55,kWh,UCI 374 - Appliances Energy Prediction,2016-01-19T19:20:00
"Low-energy house, Belgium",2016-01,electricity consumption,0.48,kWh,UCI 374 - Appliances Energy Prediction,2016-01-19T19:30:00
"Low-energy house, Belgium",2016-01,electricity consumption,0.36,kWh,UCI 374 - Appliances Energy Prediction,2016-01-19T19:40:00
"Low-energy house, Belgium",2016-01,electricity consumption,0.36,kWh,UCI 374 - Appliances Energy Prediction,2016-01-19T19:50:00
"Low-energy house, Belgium",2016-01,electricity consumption,0.29,kWh,UCI 374 - Appliances Energy Prediction,2016-01-19T20:00:00
"Low-energy house, Belgium",2016-01,electricity consumption,0.46,kWh,UCI 374 - Appliances Energy Prediction,2016-01-19T20:10:00
"Low-energy house, Belgium",2016-01,electricity consumption,0.57,kWh,UCI 374 - Appliances Energy Prediction,2016-01-19T20:20:00
"Low-energy house, Belgium",2016-01,electricity consumption,0.47,kWh,UCI 374 - Appliances Energy Prediction,2016-01-19T20:30:00
"Low-energy house, Belgium",2016-01,electricity consumption,0.45,kWh,UCI 374 - Appliances Energy Prediction,2016-01-19T20:40:00
"Low-energy house, Belgium",2016-01,electricity consumption,0.45,kWh,UCI 374 - Appliances Energy Prediction,2016-01-19T20:50:00
"Low-energy house, Belgium",2016-01,electricity consumption,0.38,kWh,UCI 374 - Appliances Energy Prediction,2016-01-19T21:00:00
"Low-energy house, Belgium",2016-01,electricity consumption,0.11,kWh,UCI 374 - Appliances Energy Prediction,2016-01-19T21:10:00
"Low-energy house, Belgium",2016-01,electricity consumption,0.11,kWh,UCI 374 - Appliances Energy Prediction,2016-01-19T21:20:00
"Low-energy house, Belgium",2016-01,electricity consumption,0.11,kWh,UCI 374 - Appliances Energy Prediction,2016-01-19T21:30:00
"Low-energy house, Belgium",2016-01,electricity consumption,0.1,kWh,UCI 374 - Appliances Energy Prediction,2016-01-19T21:40:00
"Low-energy house, Belgium",2016-01,electricity consumption,0.11,kWh,UCI 374 - Appliances Energy Prediction,2016-01-19T21:50:00
"Low-energy house, Belgium",2016-01,electricity consumption,0.12,kWh,UCI 374 - Appliances Energy Prediction,2016-01-19T22:00:00
"Low-energy house, Belgium",2016-01,electricity consumption,0.07,kWh,UCI 374 - Appliances Energy Prediction,2016-01-19T22:10:00
"Low-energy house, Belgium",2016-01,electricity consumption,0.05,kWh,UCI 374 - Appliances Energy Prediction,2016-01-19T22:20:00
"Low-energy house, Belgium",2016-01,electricity consumption,0.04,kWh,UCI 374 - Appliances Energy Prediction,2016-01-19T22:30:00
"Low-energy house, Belgium",2016-01,electricity consumption,0.03,kWh,UCI 374 - Appliances Energy Prediction,2016-01-19T22:40:00
"Low-energy house, Belgium",2016-01,electricity consumption,0.03,kWh,UCI 374 - Appliances Energy Prediction,2016-01-19T22:50:00
"Low-energy house, Belgium",2016-01,electricity consumption,0.05,kWh,UCI 374 - Appliances Energy Prediction,2016-01-19T23:00:00
"Low-energy house, Belgium",2016-01,electricity consumption,0.05,kWh,UCI 374 - Appliances Energy Prediction,2016-01-19T23:10:00
"Low-energy house, Belgium",2016-01,electricity consumption,0.05,kWh,UCI 374 - Appliances Energy Prediction,2016-01-19T23:20:00
"Low-energy house, Belgium",2016-01,electricity consumption,0.04,kWh,UCI 374 - Appliances Energy Prediction,2016-01-19T23:30:00
"Low-energy house, Belgium",2016-01,electricity consumption,0.05,kWh,UCI 374 - Appliances Energy Prediction,2016-01-19T23:40:00
"Low-energy house, Belgium",2016-01,electricity consumption,0.04,kWh,UCI 374 - Appliances Energy Prediction,2016-01-19T23:50:00
"Low-energy house, Belgium",2016-01,electricity consumption,0.04,kWh,UCI 374 - Appliances Energy Prediction,2016-01-20T00:00:00
"Low-energy house, Belgium",2016-01,electricity consumption,0.05,kWh,UCI 374 - Appliances Energy Prediction,2016-01-20T00:10:00
"Low-energy house, Belgium",2016-01,electricity consumption,0.04,kWh,UCI 374 - Appliances Energy Prediction,2016-01-20T00:20:00
"Low-energy house, Belgium",2016-01,electricity consumption,0.03,kWh,UCI 374 - Appliances Energy Prediction,2016-01-20T00:30:00
"Low-energy house, Belgium",2016-01,electricity consumption,0.03,kWh,UCI 374 - Appliances Energy Prediction,2016-01-20T00:40:00
"Low-energy house, Belgium",2016-01,electricity consumption,0.03,kWh,UCI 374 - Appliances Energy Prediction,2016-01-20T00:50:00
"Low-energy house, Belgium",2016-01,electricity consumption,0.03,kWh,UCI 374 - Appliances Energy Prediction,2016-01-20T01:00:00
"Low-energy house, Belgium",2016-01,electricity consumption,0.05,kWh,UCI 374 - Appliances Energy Prediction,2016-01-20T01:10:00
"Low-energy house, Belgium",2016-01,electricity consumption,0.04,kWh,UCI 374 - Appliances Energy Prediction,2016-01-20T01:20:00
"Low-energy house, Belgium",2016-01,electricity consumption,0.05,kWh,UCI 374 - Appliances Energy Prediction,2016-01-20T01:30:00
"Low-energy house, Belgium",2016-01,electricity consumption,0.05,kWh,UCI 374 - Appliances Energy Prediction,2016-01-20T01:40:00
"Low-energy house, Belgium",2016-01,electricity consumption,0.05,kWh,UCI 374 - Appliances Energy Prediction,2016-01-20T01:50:00
"Low-energy house, Belgium",2016-01,electricity consumption,0.04,kWh,UCI 374 - Appliances Energy Prediction,2016-01-20T02:00:00
"Low-energy house, Belgium",2016-01,electricity consumption,0.04,kWh,UCI 374 - Appliances Energy Prediction,2016-01-20T02:10:00
"Low-energy house, Belgium",2016-01,electricity consumption,0.04,kWh,UCI 374 - Appliances Energy Prediction,2016-01-20T02:20:00
"Low-energy house, Belgium",2016-01,electricity consumption,0.03,kWh,UCI 374 - Appliances Energy Prediction,2016-01-20T02:30:00
"Low-energy house, Belgium",2016-01,electricity consumption,0.02,kWh,UCI 374 - Appliances Energy Prediction,2016-01-20T02:40:00
"Low-energy house, Belgium",2016-01,electricity consumption,0.02,kWh,UCI 374 - Appliances Energy Prediction,2016-01-20T02:50:00
"Low-energy house, Belgium",2016-01,electricity consumption,0.03,kWh,UCI 374 - Appliances Energy Prediction,2016-01-20T03:00:00
"Low-energy house, Belgium",2016-01,electricity consumption,0.05,kWh,UCI 374 - Appliances Energy Prediction,2016-01-20T03:10:00
"Low-energy house, Belgium",2016-01,electricity consumption,0.05,kWh,UCI 374 - Appliances Energy Prediction,2016-01-20T03:20:00
"Low-energy house, Belgium",2016-01,electricity consumption,0.04,kWh,UCI 374 - Appliances Energy Prediction,2016-01-20T03:30:00
"Low-energy house, Belgium",2016-01,electricity consumption,0.05,kWh,UCI 374 - Appliances Energy Prediction,2016-01-20T03:40:00
"Low-energy house, Belgium",2016-01,electricity consumption,0.04,kWh,UCI 374 - Appliances Energy Prediction,2016-01-20T03:50:00
"Low-energy house, Belgium",2016-01,electricity consumption,0.04,kWh,UCI 374 - Appliances Energy Prediction,2016-01-20T04:00:00
"Low-energy house, Belgium",2016-01,electricity consumption,0.05,kWh,UCI 374 - Appliances Energy Prediction,2016-01-20T04:10:00
"Low-energy house, Belgium",2016-01,electricity consumption,0.05,kWh,UCI 374 - Appliances Energy Prediction,2016-01-20T04:20:00
"Low-energy house, Belgium",2016-01,electricity consumption,0.05,kWh,UCI 374 - Appliances Energy Prediction,2016-01-20T04:30:00
"Low-energy house, Belgium",2016-01,electricity consumption,0.03,kWh,UCI 374 - Appliances Energy Prediction,2016-01-20T04:40:00
"Low-energy house, Belgium",2016-01,electricity consumption,0.03,kWh,UCI 374 - Appliances Energy Prediction,2016-01-20T04:50:00
"Low-energy house, Belgium",2016-01,electricity consumption,0.02,kWh,UCI 374 - Appliances Energy Prediction,2016-01-20T05:00:00
"Low-energy house, Belgium",2016-01,electricity consumption,0.02,kWh,UCI 374 - Appliances Energy Prediction,2016-01-20T05:10:00
"Low-energy house, Belgium",2016-01,electricity consumption,0.04,kWh,UCI 374 - Appliances Energy Prediction,2016-01-20T05:20:00
"Low-energy house, Belgium",2016-01,electricity consumption,0.05,kWh,UCI 374 - Appliances Energy Prediction,2016-01-20T05:30:00
"Low-energy house, Belgium",2016-01,electricity consumption,0.05,kWh,UCI 374 - Appliances Energy Prediction,2016-01-20T05:40:00
"Low-energy house, Belgium",2016-01,electricity consumption,0.05,kWh,UCI 374 - Appliances Energy Prediction,2016-01-20T05:50:00
"Low-energy house, Belgium",2016-01,electricity consumption,0.04,kWh,UCI 374 - Appliances Energy Prediction,2016-01-20T06:00:00
"Low-energy house, Belgium",2016-01,electricity consumption,0.08,kWh,UCI 374 - Appliances Energy Prediction,2016-01-20T06:10:00
"Low-energy house, Belgium",2016-01,electricity consumption,0.04,kWh,UCI 374 - Appliances Energy Prediction,2016-01-20T06:20:00
"Low-energy house, Belgium",2016-01,electricity consumption,0.05,kWh,UCI 374 - Appliances Energy Prediction,2016-01-20T06:30:00
"Low-energy house, Belgium",2016-01,electricity consumption,0.34,kWh,UCI 374 - Appliances Energy Prediction,2016-01-20T06:40:00
"Low-energy house, Belgium",2016-01,electricity consumption,0.15,kWh,UCI 374 - Appliances Energy Prediction,2016-01-20T06:50:00
"Low-energy house, Belgium",2016-01,electricity consumption,0.05,kWh,UCI 374 - Appliances Energy Prediction,2016-01-20T07:00:00
"Low-energy house, Belgium",2016-01,electricity consumption,0.04,kWh,UCI 374 - Appliances Energy Prediction,2016-01-20T07:10:00
"Low-energy house, Belgium",2016-01,electricity consumption,0.06,kWh,UCI 374 - Appliances Energy Prediction,2016-01-20T07:20:00
"Low-energy house, Belgium",2016-01,electricity consumption,0.06,kWh,UCI 374 - Appliances Energy Prediction,2016-01-20T07:30:00
"Low-energy house, Belgium",2016-01,electricity consumption,0.06,kWh,UCI 374 - Appliances Energy Prediction,2016-01-20T07:40:00
"Low-energy house, Belgium",2016-01,electricity consumption,0.05,kWh,UCI 374 - Appliances Energy Prediction,2016-01-20T07:50:00
"Low-energy house, Belgium",2016-01,electricity consumption,0.07,kWh,UCI 374 - Appliances Energy Prediction,2016-01-20T08:00:00
"Low-energy house, Belgium",2016-01,electricity consumption,0.06,kWh,UCI 374 - Appliances Energy Prediction,2016-01-20T08:10:00
"Low-energy house, Belgium",2016-01,electricity consumption,0.06,kWh,UCI 374 - Appliances Energy Prediction,2016-01-20T08:20:00
"Low-energy house, Belgium",2016-01,electricity consumption,0.06,kWh,UCI 374 - Appliances Energy Prediction,2016-01-20T08:30:00
"Low-energy house, Belgium",2016-01,electricity consumption,0.35,kWh,UCI 374 - Appliances Energy Prediction,2016-01-20T08:40:00
"Low-energy house, Belgium",2016-01,electricity consumption,0.36,kWh,UCI 374 - Appliances Energy Prediction,2016-01-20T08:50:00
"Low-energy house, Belgium",2016-01,electricity consumption,0.08,kWh,UCI 374 - Appliances Energy Prediction,2016-01-20T09:00:00
"Low-energy house, Belgium",2016-01,electricity consumption,0.05,kWh,UCI 374 - Appliances Energy Prediction,2016-01-20T09:10:00
"Low-energy house, Belgium",2016-01,electricity consumption,0.06,kWh,UCI 374 - Appliances Energy Prediction,2016-01-20T09:20:00
"Low-energy house, Belgium",2016-01,electricity consumption,0.08,kWh,UCI 374 - Appliances Energy Prediction,2016-01-20T09:30:00
"Low-energy house, Belgium",2016-01,electricity consumption,0.05,kWh,UCI 374 - Appliances Energy Prediction,2016-01-20T09:40:00
"Low-energy house, Belgium",2016-01,electricity consumption,0.08,kWh,UCI 374 - Appliances Energy Prediction,2016-01-20T09:50:00
"Low-energy house, Belgium",2016-01,electricity consumption,0.09,kWh,UCI 374 - Appliances Energy Prediction,2016-01-20T10:00:00
"Low-energy house, Belgium",2016-01,electricity consumption,0.09,kWh,UCI 374 - Appliances Energy Prediction,2016-01-20T10:10:00
"Low-energy house, Belgium",2016-01,electricity consumption,0.07,kWh,UCI 374 - Appliances Energy Prediction,2016-01-20T10:20:00
"Low-energy house, Belgium",2016-01,electricity consumption,0.09,kWh,UCI 374 - Appliances Energy Prediction,2016-01-20T10:30:00
"Low-energy house, Belgium",2016-01,electricity consumption,0.06,kWh,UCI 374 - Appliances Energy Prediction,2016-01-20T10:40:00
"Low-energy house, Belgium",2016-01,electricity consumption,0.07,kWh,UCI 374 - Appliances Energy Prediction,2016-01-20T10:50:00
"Low-energy house, Belgium",2016-01,electricity consumption,0.09,kWh,UCI 374 - Appliances Energy Prediction,2016-01-20T11:00:00
"Low-energy house, Belgium",2016-01,electricity consumption,0.07,kWh,UCI 374 - Appliances Energy Prediction,2016-01-20T11:10:00
"Low-energy house, Belgium",2016-01,electricity consumption,0.11,kWh,UCI 374 - Appliances Energy Prediction,2016-01-20T11:20:00
"Low-energy house, Belgium",2016-01,electricity consumption,0.07,kWh,UCI 374 - Appliances Energy Prediction,2016-01-20T11:30:00
"Low-energy house, Belgium",2016-01,electricity consumption,0.07,kWh,UCI 374 - Appliances Energy Prediction,2016-01-20T11:40:00
"Low-energy house, Belgium",2016-01,electricity consumption,0.08,kWh,UCI 374 - Appliances Energy Prediction,2016-01-20T11:50:00
"Low-energy house, Belgium",2016-01,electricity consumption,0.33,kWh,UCI 374 - Appliances Energy Prediction,2016-01-20T12:00:00
"Low-energy house, Belgium",2016-01,electricity consumption,0.22,kWh,UCI 374 - Appliances Energy Prediction,2016-01-20T12:10:00
"Low-energy house, Belgium",2016-01,electricity consumption,0.07,kWh,UCI 374 - Appliances Energy Prediction,2016-01-20T12:20:00
"Low-energy house, Belgium",2016-01,electricity consumption,0.06,kWh,UCI 374 - Appliances Energy Prediction,2016-01-20T12:30:00
"Low-energy house, Belgium",2016-01,electricity consumption,0.05,kWh,UCI 374 - Appliances Energy Prediction,2016-01-20T12:40:00
"Low-energy house, Belgium",2016-01,electricity consumption,0.06,kWh,UCI 374 - Appliances Energy Prediction,2016-01-20T12:50:00
"Low-energy house, Belgium",2016-01,electricity consumption,0.08,kWh,UCI 374 - Appliances Energy Prediction,2016-01-20T13:00:00
"Low-energy house, Belgium",2016-01,electricity consumption,0.07,kWh,UCI 374 - Appliances Energy Prediction,2016-01-20T13:10:00
"Low-energy house, Belgium",2016-01,electricity consumption,0.08,kWh,UCI 374 - Appliances Energy Prediction,2016-01-20T13:20:00
"Low-energy house, Belgium",2016-01,electricity consumption,0.07,kWh,UCI 374 - Appliances Energy Prediction,2016-01-20T13:30:00
"Low-energy house, Belgium",2016-01,electricity consumption,0.08,kWh,UCI 374 - Appliances Energy Prediction,2016-01-20T13:40:00
"Low-energy house, Belgium",2016-01,electricity consumption,0.07,kWh,UCI 374 - Appliances Energy Prediction,2016-01-20T13:50:00
"Low-energy house, Belgium",2016-01,electricity consumption,0.08,kWh,UCI 374 - Appliances Energy Prediction,2016-01-20T14:00:00
"Low-energy house, Belgium",2016-01,electricity consumption,0.05,kWh,UCI 374 - Appliances Energy Prediction,2016-01-20T14:10:00
"Low-energy house, Belgium",2016-01,electricity consumption,0.04,kWh,UCI 374 - Appliances Energy Prediction,2016-01-20T14:20:00
"Low-energy house, Belgium",2016-01,electricity consumption,0.03,kWh,UCI 374 - Appliances Energy Prediction,2016-01-20T14:30:00
"Low-energy house, Belgium",2016-01,electricity consumption,0.05,kWh,UCI 374 - Appliances Energy Prediction,2016-01-20T14:40:00
"Low-energy house, Belgium",2016-01,electricity consumption,0.08,kWh,UCI 374 - Appliances Energy Prediction,2016-01-20T14:50:00
"Low-energy house, Belgium",2016-01,electricity consumption,0.08,kWh,UCI 374 - Appliances Energy Prediction,2016-01-20T15:00:00
"Low-energy house, Belgium",2016-01,electricity consumption,0.08,kWh,UCI 374 - Appliances Energy Prediction,2016-01-20T15:10:00
"Low-energy house, Belgium",2016-01,electricity consumption,0.07,kWh,UCI 374 - Appliances Energy Prediction,2016-01-20T15:20:00
"Low-energy house, Belgium",2016-01,electricity consumption,0.09,kWh,UCI 374 - Appliances Energy Prediction,2016-01-20T15:30:00
"Low-energy house, Belgium",2016-01,electricity consumption,0.08,kWh,UCI 374 - Appliances Energy Prediction,2016-01-20T15:40:00
"Low-energy house, Belgium",2016-01,electricity consumption,0.08,kWh,UCI 374 - Appliances Energy Prediction,2016-01-20T15:50:00
"Low-energy house, Belgium",2016-01,electricity consumption,0.08,kWh,UCI 374 - Appliances Energy Prediction,2016-01-20T16:00:00
"Low-energy house, Belgium",2016-01,electricity consumption,0.07,kWh,UCI 374 - Appliances Energy Prediction,2016-01-20T16:10:00
"Low-energy house, Belgium",2016-01,electricity consumption,0.06,kWh,UCI 374 - Appliances Energy Prediction,2016-01-20T16:20:00
"Low-energy house, Belgium",2016-01,electricity consumption,0.05,kWh,UCI 374 - Appliances Energy Prediction,2016-01-20T16:30:00
"Low-energy house, Belgium",2016-01,electricity consumption,0.08,kWh,UCI 374 - Appliances Energy Prediction,2016-01-20T16:40:00
"Low-energy house, Belgium",2016-01,electricity consumption,0.08,kWh,UCI 374 - Appliances Energy Prediction,2016-01-20T16:50:00
"Low-energy house, Belgium",2016-01,electricity consumption,0.06,kWh,UCI 374 - Appliances Energy Prediction,2016-01-20T17:00:00
"Low-energy house, Belgium",2016-01,electricity consumption,0.07,kWh,UCI 374 - Appliances Energy Prediction,2016-01-20T17:10:00
"Low-energy house, Belgium",2016-01,electricity consumption,0.34,kWh,UCI 374 - Appliances Energy Prediction,2016-01-20T17:20:00
"Low-energy house, Belgium",2016-01,electricity consumption,0.36,kWh,UCI 374 - Appliances Energy Prediction,2016-01-20T17:30:00
"Low-energy house, Belgium",2016-01,electricity consumption,0.16,kWh,UCI 374 - Appliances Energy Prediction,2016-01-20T17:40:00
"Low-energy house, Belgium",2016-01,electricity consumption,0.12,kWh,UCI 374 - Appliances Energy Prediction,2016-01-20T17:50:00
"Low-energy house, Belgium",2016-01,electricity consumption,0.09,kWh,UCI 374 - Appliances Energy Prediction,2016-01-20T18:00:00
"Low-energy house, Belgium",2016-01,electricity consumption,0.09,kWh,UCI 374 - Appliances Energy Prediction,2016-01-20T18:10:00
"Low-energy house, Belgium",2016-01,electricity consumption,0.09,kWh,UCI 374 - Appliances Energy Prediction,2016-01-20T18:20:00
"Low-energy house, Belgium",2016-01,electricity consumption,0.08,kWh,UCI 374 - Appliances Energy Prediction,2016-01-20T18:30:00
"Low-energy house, Belgium",2016-01,electricity consumption,0.17,kWh,UCI 374 - Appliances Energy Prediction,2016-01-20T18:40:00
"Low-energy house, Belgium",2016-01,electricity consumption,0.83,kWh,UCI 374 - Appliances Energy Prediction,2016-01-20T18:50:00
"Low-energy house, Belgium",2016-01,electricity consumption,0.54,kWh,UCI 374 - Appliances Energy Prediction,2016-01-20T19:00:00
"Low-energy house, Belgium",2016-01,electricity consumption,0.34,kWh,UCI 374 - Appliances Energy Prediction,2016-01-20T19:10:00
"Low-energy house, Belgium",2016-01,electricity consumption,0.41,kWh,UCI 374 - Appliances Energy Prediction,2016-01-20T19:20:00
"Low-energy house, Belgium",2016-01,electricity consumption,0.39,kWh,UCI 374 - Appliances Energy Prediction,2016-01-20T19:30:00
"Low-energy house, Belgium",2016-01,electricity consumption,0.36,kWh,UCI 374 - Appliances Energy Prediction,2016-01-20T19:40:00
"Low-energy house, Belgium",2016-01,electricity consumption,0.33,kWh,UCI 374 - Appliances Energy Prediction,2016-01-20T19:50:00
"Low-energy house, Belgium",2016-01,electricity consumption,0.21,kWh,UCI 374 - Appliances Energy Prediction,2016-01-20T20:00:00
"Low-energy house, Belgium",2016-01,electricity consumption,0.1,kWh,UCI 374 - Appliances Energy Prediction,2016-01-20T20:10:00
"Low-energy house, Belgium",2016-01,electricity consumption,0.16,kWh,UCI 374 - Appliances Energy Prediction,2016-01-20T20:20:00
"Low-energy house, Belgium",2016-01,electricity consumption,0.39,kWh,UCI 374 - Appliances Energy Prediction,2016-01-20T20:30:00
"Low-energy house, Belgium",2016-01,electricity consumption,0.44,kWh,UCI 374 - Appliances Energy Prediction,2016-01-20T20:40:00
"Low-energy house, Belgium",2016-01,electricity consumption,0.4,kWh,UCI 374 - Appliances Energy Prediction,2016-01-20T20:50:00
"Low-energy house, Belgium",2016-01,electricity consumption,0.42,kWh,UCI 374 - Appliances Energy Prediction,2016-01-20T21:00:00
"Low-energy house, Belgium",2016-01,electricity consumption,0.39,kWh,UCI 374 - Appliances Energy Prediction,2016-01-20T21:10:00
"Low-energy house, Belgium",2016-01,electricity consumption,0.41,kWh,UCI 374 - Appliances Energy Prediction,2016-01-20T21:20:00
"Low-energy house, Belgium",2016-01,electricity consumption,0.21,kWh,UCI 374 - Appliances Energy Prediction,2016-01-20T21:30:00
"Low-energy house, Belgium",2016-01,electricity consumption,0.07,kWh,UCI 374 - Appliances Energy Prediction,2016-01-20T21:40:00
"Low-energy house, Belgium",2016-01,electricity consumption,0.06,kWh,UCI 374 - Appliances Energy Prediction,2016-01-20T21:50:00
"Low-energy house, Belgium",2016-01,electricity consumption,0.05,kWh,UCI 374 - Appliances Energy Prediction,2016-01-20T22:00:00
"Low-energy house, Belgium",2016-01,electricity consumption,0.07,kWh,UCI 374 - Appliances Energy Prediction,2016-01-20T22:10:00
"Low-energy house, Belgium",2016-01,electricity consumption,0.16,kWh,UCI 374 - Appliances Energy Prediction,2016-01-20T22:20:00
"Low-energy house, Belgium",2016-01,electricity consumption,0.36,kWh,UCI 374 - Appliances Energy Prediction,2016-01-20T22:30:00
"Low-energy house, Belgium",2016-01,electricity consumption,0.15,kWh,UCI 374 - Appliances Energy Prediction,2016-01-20T22:40:00
"Low-energy house, Belgium",2016-01,electricity consumption,0.06,kWh,UCI 374 - Appliances Energy Prediction,2016-01-20T22:50:00
"Low-energy house, Belgium",2016-01,electricity consumption,0.06,kWh,UCI 374 - Appliances Energy Prediction,2016-01-20T23:00:00
"Low-energy house, Belgium",2016-01,electricity consumption,0.05,kWh,UCI 374 - Appliances Energy Prediction,2016-01-20T23:10:00
"Low-energy house, Belgium",2016-01,electricity consumption,0.05,kWh,UCI 374 - Appliances Energy Prediction,2016-01-20T23:20:00
"Low-energy house, Belgium",2016-01,electricity consumption,0.05,kWh,UCI 374 - Appliances Energy Prediction,2016-01-20T23:30:00
"Low-energy house, Belgium",2016-01,electricity consumption,0.05,kWh,UCI 374 - Appliances Energy Prediction,2016-01-20T23:40:00
"Low-energy house, Belgium",2016-01,electricity consumption,0.05,kWh,UCI 374 - Appliances Energy Prediction,2016-01-20T23:50:00
"Low-energy house, Belgium",2016-01,electricity consumption,0.06,kWh,UCI 374 - Appliances Energy Prediction,2016-01-21T00:00:00
"Low-energy house, Belgium",2016-01,electricity consumption,0.05,kWh,UCI 374 - Appliances Energy Prediction,2016-01-21T00:10:00
"Low-energy house, Belgium",2016-01,electricity consumption,0.04,kWh,UCI 374 - Appliances Energy Prediction,2016-01-21T00:20:00
"Low-energy house, Belgium",2016-01,electricity consumption,0.02,kWh,UCI 374 - Appliances Energy Prediction,2016-01-21T00:30:00
"Low-energy house, Belgium",2016-01,electricity consumption,0.03,kWh,UCI 374 - Appliances Energy Prediction,2016-01-21T00:40:00
"Low-energy house, Belgium",2016-01,electricity consumption,0.05,kWh,UCI 374 - Appliances Energy Prediction,2016-01-21T00:50:00
"Low-energy house, Belgium",2016-01,electricity consumption,0.05,kWh,UCI 374 - Appliances Energy Prediction,2016-01-21T01:00:00
"Low-energy house, Belgium",2016-01,electricity consumption,0.06,kWh,UCI 374 - Appliances Energy Prediction,2016-01-21T01:10:00
"Low-energy house, Belgium",2016-01,electricity consumption,0.06,kWh,UCI 374 - Appliances Energy Prediction,2016-01-21T01:20:00
"Low-energy house, Belgium",2016-01,electricity consumption,0.06,kWh,UCI 374 - Appliances Energy Prediction,2016-01-21T01:30:00
"Low-energy house, Belgium",2016-01,electricity consumption,0.04,kWh,UCI 374 - Appliances Energy Prediction,2016-01-21T01:40:00
"Low-energy house, Belgium",2016-01,electricity consumption,0.06,kWh,UCI 374 - Appliances Energy Prediction,2016-01-21T01:50:00
"Low-energy house, Belgium",2016-01,electricity consumption,0.04,kWh,UCI 374 - Appliances Energy Prediction,2016-01-21T02:00:00
"Low-energy house, Belgium",2016-01,electricity consumption,0.04,kWh,UCI 374 - Appliances Energy Prediction,2016-01-21T02:10:00
"Low-energy house, Belgium",2016-01,electricity consumption,0.04,kWh,UCI 374 - Appliances Energy Prediction,2016-01-21T02:20:00
"Low-energy house, Belgium",2016-01,electricity consumption,0.03,kWh,UCI 374 - Appliances Energy Prediction,2016-01-21T02:30:00
"Low-energy house, Belgium",2016-01,electricity consumption,0.04,kWh,UCI 374 - Appliances Energy Prediction,2016-01-21T02:40:00
"Low-energy house, Belgium",2016-01,electricity consumption,0.06,kWh,UCI 374 - Appliances Energy Prediction,2016-01-21T02:50:00
"Low-energy house, Belgium",2016-01,electricity consumption,0.05,kWh,UCI 374 - Appliances Energy Prediction,2016-01-21T03:00:00
"Low-energy house, Belgium",2016-01,electricity consumption,0.05,kWh,UCI 374 - Appliances Energy Prediction,2016-01-21T03:10:00
"Low-energy house, Belgium",2016-01,electricity consumption,0.04,kWh,UCI 374 - Appliances Energy Prediction,2016-01-21T03:20:00
"Low-energy house, Belgium",2016-01,electricity consumption,0.05,kWh,UCI 374 - Appliances Energy Prediction,2016-01-21T03:30:00
"Low-energy house, Belgium",2016-01,electricity consumption,0.05,kWh,UCI 374 - Appliances Energy Prediction,2016-01-21T03:40:00
"Low-energy house, Belgium",2016-01,electricity consumption,0.06,kWh,UCI 374 - Appliances Energy Prediction,2016-01-21T03:50:00
"Low-energy house, Belgium",2016-01,electricity consumption,0.05,kWh,UCI 374 - Appliances Energy Prediction,2016-01-21T04:00:00
"Low-energy house, Belgium",2016-01,electricity consumption,0.04,kWh,UCI 374 - Appliances Energy Prediction,2016-01-21T04:10:00
"Low-energy house, Belgium",2016-01,electricity consumption,0.03,kWh,UCI 374 - Appliances Energy Prediction,2016-01-21T04:20:00
"Low-energy house, Belgium",2016-01,electricity consumption,0.03,kWh,UCI 374 - Appliances Energy Prediction,2016-01-21T04:30:00
"Low-energy house, Belgium",2016-01,electricity consumption,0.04,kWh,UCI 374 - Appliances Energy Prediction,2016-01-21T04:40:00
"Low-energy house, Belgium",2016-01,electricity consumption,0.05,kWh,UCI 374 - Appliances Energy Prediction,2016-01-21T04:50:00
"Low-energy house, Belgium",2016-01,electricity consumption,0.05,kWh,UCI 374 - Appliances Energy Prediction,2016-01-21T05:00:00
"Low-energy house, Belgium",2016-01,electricity consumption,0.06,kWh,UCI 374 - Appliances Energy Prediction,2016-01-21T05:10:00
"Low-energy house, Belgium",2016-01,electricity consumption,0.06,kWh,UCI 374 - Appliances Energy Prediction,2016-01-21T05:20:00
"Low-energy house, Belgium",2016-01,electricity consumption,0.05,kWh,UCI 374 - Appliances Energy Prediction,2016-01-21T05:30:00
"Low-energy house, Belgium",2016-01,electricity consumption,0.04,kWh,UCI 374 - Appliances Energy Prediction,2016-01-21T05:40:00
"Low-energy house, Belgium",2016-01,electricity consumption,0.05,kWh,UCI 374 - Appliances Energy Prediction,2016-01-21T05:50:00
"Low-energy house, Belgium",2016-01,electricity consumption,0.05,kWh,UCI 374 - Appliances Energy Prediction,2016-01-21T06:00:00
"Low-energy house, Belgium",2016-01,electricity consumption,0.06,kWh,UCI 374 - Appliances Energy Prediction,2016-01-21T06:10:00
"Low-energy house, Belgium",2016-01,electricity consumption,0.03,kWh,UCI 374 - Appliances Energy Prediction,2016-01-21T06:20:00
"Low-energy house, Belgium",2016-01,electricity consumption,0.03,kWh,UCI 374 - Appliances Energy Prediction,2016-01-21T06:30:00
"Low-energy house, Belgium",2016-01,electricity consumption,0.05,kWh,UCI 374 - Appliances Energy Prediction,2016-01-21T06:40:00
"Low-energy house, Belgium",2016-01,electricity consumption,0.05,kWh,UCI 374 - Appliances Energy Prediction,2016-01-21T06:50:00
"Low-energy house, Belgium",2016-01,electricity consumption,0.05,kWh,UCI 374 - Appliances Energy Prediction,2016-01-21T07:00:00
"Low-energy house, Belgium",2016-01,electricity consumption,0.04,kWh,UCI 374 - Appliances Energy Prediction,2016-01-21T07:10:00
"Low-energy house, Belgium",2016-01,electricity consumption,0.06,kWh,UCI 374 - Appliances Energy Prediction,2016-01-21T07:20:00
"Low-energy house, Belgium",2016-01,electricity consumption,0.04,kWh,UCI 374 - Appliances Energy Prediction,2016-01-21T07:30:00
"Low-energy house, Belgium",2016-01,electricity consumption,0.05,kWh,UCI 374 - Appliances Energy Prediction,2016-01-21T07:40:00
"Low-energy house, Belgium",2016-01,electricity consumption,0.04,kWh,UCI 374 - Appliances Energy Prediction,2016-01-21T07:50:00
"Low-energy house, Belgium",2016-01,electricity consumption,0.03,kWh,UCI 374 - Appliances Energy Prediction,2016-01-21T08:00:00
"Low-energy house, Belgium",2016-01,electricity consumption,0.02,kWh,UCI 374 - Appliances Energy Prediction,2016-01-21T08:10:00
"Low-energy house, Belgium",2016-01,electricity consumption,0.02,kWh,UCI 374 - Appliances Energy Prediction,2016-01-21T08:20:00
"Low-energy house, Belgium",2016-01,electricity consumption,0.04,kWh,UCI 374 - Appliances Energy Prediction,2016-01-21T08:30:00
"Low-energy house, Belgium",2016-01,electricity consumption,0.04,kWh,UCI 374 - Appliances Energy Prediction,2016-01-21T08:40:00
"Low-energy house, Belgium",2016-01,electricity consumption,0.04,kWh,UCI 374 - Appliances Energy Prediction,2016-01-21T08:50:00
"Low-energy house, Belgium",2016-01,electricity consumption,0.05,kWh,UCI 374 - Appliances Energy Prediction,2016-01-21T09:00:00
"Low-energy house, Belgium",2016-01,electricity consumption,0.06,kWh,UCI 374 - Appliances Energy Prediction,2016-01-21T09:10:00
"Low-energy house, Belgium",2016-01,electricity consumption,0.06,kWh,UCI 374 - Appliances Energy Prediction,2016-01-21T09:20:00
"Low-energy house, Belgium",2016-01,electricity consumption,0.06,kWh,UCI 374 - Appliances Energy Prediction,2016-01-21T09:30:00
"Low-energy house, Belgium",2016-01,electricity consumption,0.05,kWh,UCI 374 - Appliances Energy Prediction,2016-01-21T09:40:00
"Low-energy house, Belgium",2016-01,electricity consumption,0.04,kWh,UCI 374 - Appliances Energy Prediction,2016-01-21T09:50:00
"Low-energy house, Belgium",2016-01,electricity consumption,0.03,kWh,UCI 374 - Appliances Energy Prediction,2016-01-21T10:00:00
"Low-energy house, Belgium",2016-01,electricity consumption,0.05,kWh,UCI 374 - Appliances Energy Prediction,2016-01-21T10:10:00
"Low-energy house, Belgium",2016-01,electricity consumption,0.07,kWh,UCI 374 - Appliances Energy Prediction,2016-01-21T10:20:00
"Low-energy house, Belgium",2016-01,electricity consumption,0.06,kWh,UCI 374 - Appliances Energy Prediction,2016-01-21T10:30:00
"Low-energy house, Belgium",2016-01,electricity consumption,0.06,kWh,UCI 374 - Appliances Energy Prediction,2016-01-21T10:40:00
"Low-energy house, Belgium",2016-01,electricity consumption,0.06,kWh,UCI 374 - Appliances Energy Prediction,2016-01-21T10:50:00
"Low-energy house, Belgium",2016-01,electricity consumption,0.06,kWh,UCI 374 - Appliances Energy Prediction,2016-01-21T11:00:00
"Low-energy house, Belgium",2016-01,electricity consumption,0.06,kWh,UCI 374 - Appliances Energy Prediction,2016-01-21T11:10:00
"Low-energy house, Belgium",2016-01,electricity consumption,0.05,kWh,UCI 374 - Appliances Energy Prediction,2016-01-21T11:20:00
"Low-energy house, Belgium",2016-01,electricity consumption,0.05,kWh,UCI 374 - Appliances Energy Prediction,2016-01-21T11:30:00
"Low-energy house, Belgium",2016-01,electricity consumption,0.04,kWh,UCI 374 - Appliances Energy Prediction,2016-01-21T11:40:00
"Low-energy house, Belgium",2016-01,electricity consumption,0.05,kWh,UCI 374 - Appliances Energy Prediction,2016-01-21T11:50:00
"Low-energy house, Belgium",2016-01,electricity consumption,0.05,kWh,UCI 374 - Appliances Energy Prediction,2016-01-21T12:00:00
"Low-energy house, Belgium",2016-01,electricity consumption,0.06,kWh,UCI 374 - Appliances Energy Prediction,2016-01-21T12:10:00
"Low-energy house, Belgium",2016-01,electricity consumption,0.06,kWh,UCI 374 - Appliances Energy Prediction,2016-01-21T12:20:00
"Low-energy house, Belgium",2016-01,electricity consumption,0.05,kWh,UCI 374 - Appliances Energy Prediction,2016-01-21T12:30:00
"Low-energy house, Belgium",2016-01,electricity consumption,0.05,kWh,UCI 374 - Appliances Energy Prediction,2016-01-21T12:40:00
"Low-energy house, Belgium",2016-01,electricity consumption,0.05,kWh,UCI 374 - Appliances Energy Prediction,2016-01-21T12:50:00
"Low-energy house, Belgium",2016-01,electricity consumption,0.05,kWh,UCI 374 - Appliances Energy Prediction,2016-01-21T13:00:00
"Low-energy house, Belgium",2016-01,electricity consumption,0.05,kWh,UCI 374 - Appliances Energy Prediction,2016-01-21T13:10:00
"Low-energy house, Belgium",2016-01,electricity consumption,0.29,kWh,UCI 374 - Appliances Energy Prediction,2016-01-21T13:20:00
"Low-energy house, Belgium",2016-01,electricity consumption,0.36,kWh,UCI 374 - Appliances Energy Prediction,2016-01-21T13:30:00
"Low-energy house, Belgium",2016-01,electricity consumption,0.23,kWh,UCI 374 - Appliances Energy Prediction,2016-01-21T13:40:00
"Low-energy house, Belgium",2016-01,electricity consumption,0.06,kWh,UCI 374 - Appliances Energy Prediction,2016-01-21T13:50:00
"Low-energy house, Belgium",2016-01,electricity consumption,0.07,kWh,UCI 374 - Appliances Energy Prediction,2016-01-21T14:00:00
"Low-energy house, Belgium",2016-01,electricity consumption,0.07,kWh,UCI 374 - Appliances Energy Prediction,2016-01-21T14:10:00
"Low-energy house, Belgium",2016-01,electricity consumption,0.08,kWh,UCI 374 - Appliances Energy Prediction,2016-01-21T14:20:00
"Low-energy house, Belgium",2016-01,electricity consumption,0.06,kWh,UCI 374 - Appliances Energy Prediction,2016-01-21T14:30:00
"Low-energy house, Belgium",2016-01,electricity consumption,0.06,kWh,UCI 374 - Appliances Energy Prediction,2016-01-21T14:40:00
"Low-energy house, Belgium",2016-01,electricity consumption,0.04,kWh,UCI 374 - Appliances Energy Prediction,2016-01-21T14:50:00
"Low-energy house, Belgium",2016-01,electricity consumption,0.05,kWh,UCI 374 - Appliances Energy Prediction,2016-01-21T15:00:00
"Low-energy house, Belgium",2016-01,electricity consumption,0.05,kWh,UCI 374 - Appliances Energy Prediction,2016-01-21T15:10:00
"Low-energy house, Belgium",2016-01,electricity consumption,0.04,kWh,UCI 374 - Appliances Energy Prediction,2016-01-21T15:20:00
"Low-energy house, Belgium",2016-01,electricity consumption,0.04,kWh,UCI 374 - Appliances Energy Prediction,2016-01-21T15:30:00
"Low-energy house, Belgium",2016-01,electricity consumption,0.04,kWh,UCI 374 - Appliances Energy Prediction,2016-01-21T15:40:00
"Low-energy house, Belgium",2016-01,electricity consumption,0.05,kWh,UCI 374 - Appliances Energy Prediction,2016-01-21T15:50:00
"Low-energy house, Belgium",2016-01,electricity consumption,0.04,kWh,UCI 374 - Appliances Energy Prediction,2016-01-21T16:00:00
"Low-energy house, Belgium",2016-01,electricity consumption,0.05,kWh,UCI 374 - Appliances Energy Prediction,2016-01-21T16:10:00
"Low-energy house, Belgium",2016-01,electricity consumption,0.04,kWh,UCI 374 - Appliances Energy Prediction,2016-01-21T16:20:00
"Low-energy house, Belgium",2016-01,electricity consumption,0.04,kWh,UCI 374 - Appliances Energy Prediction,2016-01-21T16:30:00
"Low-energy house, Belgium",2016-01,electricity consumption,0.04,kWh,UCI 374 - Appliances Energy Prediction,2016-01-21T16:40:00
"Low-energy house, Belgium",2016-01,electricity consumption,0.04,kWh,UCI 374 - Appliances Energy Prediction,2016-01-21T16:50:00
"Low-energy house, Belgium",2016-01,electricity consumption,0.05,kWh,UCI 374 - Appliances Energy Prediction,2016-01-21T17:00:00
"Low-energy house, Belgium",2016-01,electricity consumption,0.04,kWh,UCI 374 - Appliances Energy Prediction,2016-01-21T17:10:00
"Low-energy house, Belgium",2016-01,electricity consumption,0.02,kWh,UCI 374 - Appliances Energy Prediction,2016-01-21T17:20:00
"Low-energy house, Belgium",2016-01,electricity consumption,0.02,kWh,UCI 374 - Appliances Energy Prediction,2016-01-21T17:30:00
"Low-energy house, Belgium",2016-01,electricity consumption,0.03,kWh,UCI 374 - Appliances Energy Prediction,2016-01-21T17:40:00
"Low-energy house, Belgium",2016-01,electricity consumption,0.05,kWh,UCI 374 - Appliances Energy Prediction,2016-01-21T17:50:00
"Low-energy house, Belgium",2016-01,electricity consumption,0.07,kWh,UCI 374 - Appliances Energy Prediction,2016-01-21T18:00:00
"Low-energy house, Belgium",2016-01,electricity consumption,0.09,kWh,UCI 374 - Appliances Energy Prediction,2016-01-21T18:10:00
"Low-energy house, Belgium",2016-01,electricity consumption,0.11,kWh,UCI 374 - Appliances Energy Prediction,2016-01-21T18:20:00
"Low-energy house, Belgium",2016-01,electricity consumption,0.2,kWh,UCI 374 - Appliances Energy Prediction,2016-01-21T18:30:00
"Low-energy house, Belgium",2016-01,electricity consumption,0.43,kWh,UCI 374 - Appliances Energy Prediction,2016-01-21T18:40:00
"Low-energy house, Belgium",2016-01,electricity consumption,1.07,kWh,UCI 374 - Appliances Energy Prediction,2016-01-21T18:50:00
"Low-energy house, Belgium",2016-01,electricity consumption,0.89,kWh,UCI 374 - Appliances Energy Prediction,2016-01-21T19:00:00
"Low-energy house, Belgium",2016-01,electricity consumption,0.59,kWh,UCI 374 - Appliances Energy Prediction,2016-01-21T19:10:00
"Low-energy house, Belgium",2016-01,electricity consumption,0.1,kWh,UCI 374 - Appliances Energy Prediction,2016-01-21T19:20:00
"Low-energy house, Belgium",2016-01,electricity consumption,0.1,kWh,UCI 374 - Appliances Energy Prediction,2016-01-21T19:30:00
"Low-energy house, Belgium",2016-01,electricity consumption,0.12,kWh,UCI 374 - Appliances Energy Prediction,2016-01-21T19:40:00
"Low-energy house, Belgium",2016-01,electricity consumption,0.15,kWh,UCI 374 - Appliances Energy Prediction,2016-01-21T19:50:00
"Low-energy house, Belgium",2016-01,electricity consumption,0.12,kWh,UCI 374 - Appliances Energy Prediction,2016-01-21T20:00:00
"Low-energy house, Belgium",2016-01,electricity consumption,0.12,kWh,UCI 374 - Appliances Energy Prediction,2016-01-21T20:10:00
"Low-energy house, Belgium",2016-01,electricity consumption,0.16,kWh,UCI 374 - Appliances Energy Prediction,2016-01-21T20:20:00
"Low-energy house, Belgium",2016-01,electricity consumption,0.48,kWh,UCI 374 - Appliances Energy Prediction,2016-01-21T20:30:00
"Low-energy house, Belgium",2016-01,electricity consumption,0.46,kWh,UCI 374 - Appliances Energy Prediction,2016-01-21T20:40:00
"Low-energy house, Belgium",2016-01,electricity consumption,0.36,kWh,UCI 374 - Appliances Energy Prediction,2016-01-21T20:50:00
"Low-energy house, Belgium",2016-01,electricity consumption,0.33,kWh,UCI 374 - Appliances Energy Prediction,2016-01-21T21:00:00
"Low-energy house, Belgium",2016-01,electricity consumption,0.31,kWh,UCI 374 - Appliances Energy Prediction,2016-01-21T21:10:00
"Low-energy house, Belgium",2016-01,electricity consumption,0.25,kWh,UCI 374 - Appliances Energy Prediction,2016-01-21T21:20:00
"Low-energy house, Belgium",2016-01,electricity consumption,0.22,kWh,UCI 374 - Appliances Energy Prediction,2016-01-21T21:30:00
"Low-energy house, Belgium",2016-01,electricity consumption,0.09,kWh,UCI 374 - Appliances Energy Prediction,2016-01-21T21:40:00
"Low-energy house, Belgium",2016-01,electricity consumption,0.08,kWh,UCI 374 - Appliances Energy Prediction,2016-01-21T21:50:00
"Low-energy house, Belgium",2016-01,electricity consumption,0.08,kWh,UCI 374 - Appliances Energy Prediction,2016-01-21T22:00:00
"Low-energy house, Belgium",2016-01,electricity consumption,0.07,kWh,UCI 374 - Appliances Energy Prediction,2016-01-21T22:10:00
"Low-energy house, Belgium",2016-01,electricity consumption,0.05,kWh,UCI 374 - Appliances Energy Prediction,2016-01-21T22:20:00
"Low-energy house, Belgium",2016-01,electricity consumption,0.05,kWh,UCI 374 - Appliances Energy Prediction,2016-01-21T22:30:00
"Low-energy house, Belgium",2016-01,electricity consumption,0.04,kWh,UCI 374 - Appliances Energy Prediction,2016-01-21T22:40:00
"Low-energy house, Belgium",2016-01,electricity consumption,0.04,kWh,UCI 374 - Appliances Energy Prediction,2016-01-21T22:50:00
"Low-energy house, Belgium",2016-01,electricity consumption,0.04,kWh,UCI 374 - Appliances Energy Prediction,2016-01-21T23:00:00
"Low-energy house, Belgium",2016-01,electricity consumption,0.03,kWh,UCI 374 - Appliances Energy Prediction,2016-01-21T23:10:00
"Low-energy house, Belgium",2016-01,electricity consumption,0.05,kWh,UCI 374 - Appliances Energy Prediction,2016-01-21T23:20:00
"Low-energy house, Belgium",2016-01,electricity consumption,0.05,kWh,UCI 374 - Appliances Energy Prediction,2016-01-21T23:30:00
"Low-energy house, Belgium",2016-01,electricity consumption,0.04,kWh,UCI 374 - Appliances Energy Prediction,2016-01-21T23:40:00
"Low-energy house, Belgium",2016-01,electricity consumption,0.05,kWh,UCI 374 - Appliances Energy Prediction,2016-01-21T23:50:00
"Low-energy house, Belgium",2016-01,electricity consumption,0.04,kWh,UCI 374 - Appliances Energy Prediction,2016-01-22T00:00:00
"Low-energy house, Belgium",2016-01,electricity consumption,0.04,kWh,UCI 374 - Appliances Energy Prediction,2016-01-22T00:10:00
"Low-energy house, Belgium",2016-01,electricity consumption,0.04,kWh,UCI 374 - Appliances Energy Prediction,2016-01-22T00:20:00
"Low-energy house, Belgium",2016-01,electricity consumption,0.04,kWh,UCI 374 - Appliances Energy Prediction,2016-01-22T00:30:00
"Low-energy house, Belgium",2016-01,electricity consumption,0.05,kWh,UCI 374 - Appliances Energy Prediction,2016-01-22T00:40:00
"Low-energy house, Belgium",2016-01,electricity consumption,0.03,kWh,UCI 374 - Appliances Energy Prediction,2016-01-22T00:50:00
"Low-energy house, Belgium",2016-01,electricity consumption,0.03,kWh,UCI 374 - Appliances Energy Prediction,2016-01-22T01:00:00
"Low-energy house, Belgium",2016-01,electricity consumption,0.02,kWh,UCI 374 - Appliances Energy Prediction,2016-01-22T01:10:00
"Low-energy house, Belgium",2016-01,electricity consumption,0.04,kWh,UCI 374 - Appliances Energy Prediction,2016-01-22T01:20:00
"Low-energy house, Belgium",2016-01,electricity consumption,0.04,kWh,UCI 374 - Appliances Energy Prediction,2016-01-22T01:30:00
"Low-energy house, Belgium",2016-01,electricity consumption,0.05,kWh,UCI 374 - Appliances Energy Prediction,2016-01-22T01:40:00
"Low-energy house, Belgium",2016-01,electricity consumption,0.04,kWh,UCI 374 - Appliances Energy Prediction,2016-01-22T01:50:00
"Low-energy house, Belgium",2016-01,electricity consumption,0.05,kWh,UCI 374 - Appliances Energy Prediction,2016-01-22T02:00:00
"Low-energy house, Belgium",2016-01,electricity consumption,0.05,kWh,UCI 374 - Appliances Energy Prediction,2016-01-22T02:10:00
"Low-energy house, Belgium",2016-01,electricity consumption,0.04,kWh,UCI 374 - Appliances Energy Prediction,2016-01-22T02:20:00
"Low-energy house, Belgium",2016-01,electricity consumption,0.04,kWh,UCI 374 - Appliances Energy Prediction,2016-01-22T02:30:00
"Low-energy house, Belgium",2016-01,electricity consumption,0.03,kWh,UCI 374 - Appliances Energy Prediction,2016-01-22T02:40:00
"Low-energy house, Belgium",2016-01,electricity consumption,0.02,kWh,UCI 374 - Appliances Energy Prediction,2016-01-22T02:50:00
