facility,reporting_period,zip_code,activity_name,quantity,unit
"Massena Primary Aluminum Smelter","2025-01","13662","Steel production - basic oxygen furnace","257.70","kg"
"Massena Primary Aluminum Smelter","2025-01","13662","Electricity generation - grid average","11126.60","kWh"
"Massena Primary Aluminum Smelter","2025-01","13662","Natural gas combustion - industrial","1112.70","m3"
"Massena Primary Aluminum Smelter","2025-01","13662","Diesel fuel combustion - mobile sources","2108.20","L"
"Massena Primary Aluminum Smelter","2025-01","13662","Gasoline fuel combustion - mobile sources","562.20","L"
"Massena Primary Aluminum Smelter","2025-01","13662","Concrete production - ready-mixed","9955.40","kg"
"Massena Primary Aluminum Smelter","2025-01","13662","Aluminum production - primary","19325.10","kg"
"Massena Primary Aluminum Smelter","2025-01","13662","Paper production - virgin fiber","84327.90","kg"
"Massena Primary Aluminum Smelter","2025-01","13662","Plastic production - general polymers","491.90","kg"
"Massena Primary Aluminum Smelter","2025-01","13662","Road freight transport - heavy truck","363078.40","t-km"
"Massena Primary Aluminum Smelter","2025-01","13662","Air travel - short haul","4450.60","passenger-km"
"Massena Primary Aluminum Smelter","2025-01","13662","Rail freight transport","169827.00","t-km"
"Massena Primary Aluminum Smelter","2025-01","13662","Water consumption - municipal supply","4919.10","m3"
"Massena Primary Aluminum Smelter","2025-01","13662","Waste to landfill - mixed municipal","8432.80","kg"
"Massena Primary Aluminum Smelter","2025-01","13662","Copper production - primary","13117.70","kg"
"Massena Primary Aluminum Smelter","2025-01","13662","Glass production - container glass","29280.50","kg"
"Massena Primary Aluminum Smelter","2025-01","13662","Cotton textile production","1639.70","kg"
"Massena Primary Aluminum Smelter","2025-01","13662","District heating - natural gas boiler","3630.80","kWh"
"Massena Primary Aluminum Smelter","2025-01","13662","Refrigerant use - HFC leakage","0.53","kg"
"Massena Primary Aluminum Smelter","2025-01","13662","General industrial activity","995.50","unit"
"Massena Primary Aluminum Smelter","2025-02","13662","Steel production - basic oxygen furnace","254.00","kg"
"Massena Primary Aluminum Smelter","2025-02","13662","Electricity generation - grid average","10969.50","kWh"
"Massena Primary Aluminum Smelter","2025-02","13662","Natural gas combustion - industrial","1097.00","m3"
"Massena Primary Aluminum Smelter","2025-02","13662","Diesel fuel combustion - mobile sources","2078.40","L"
"Massena Primary Aluminum Smelter","2025-02","13662","Gasoline fuel combustion - mobile sources","554.30","L"
"Massena Primary Aluminum Smelter","2025-02","13662","Concrete production - ready-mixed","9814.90","kg"
"Massena Primary Aluminum Smelter","2025-02","13662","Aluminum production - primary","19052.40","kg"
"Massena Primary Aluminum Smelter","2025-02","13662","Paper production - virgin fiber","83137.60","kg"
"Massena Primary Aluminum Smelter","2025-02","13662","Plastic production - general polymers","485.00","kg"
"Massena Primary Aluminum Smelter","2025-02","13662","Road freight transport - heavy truck","357953.60","t-km"
"Massena Primary Aluminum Smelter","2025-02","13662","Air travel - short haul","4387.80","passenger-km"
"Massena Primary Aluminum Smelter","2025-02","13662","Rail freight transport","167429.90","t-km"
"Massena Primary Aluminum Smelter","2025-02","13662","Water consumption - municipal supply","4849.70","m3"
"Massena Primary Aluminum Smelter","2025-02","13662","Waste to landfill - mixed municipal","8313.80","kg"
"Massena Primary Aluminum Smelter","2025-02","13662","Copper production - primary","12932.50","kg"
"Massena Primary Aluminum Smelter","2025-02","13662","Glass production - container glass","28867.20","kg"
"Massena Primary Aluminum Smelter","2025-02","13662","Cotton textile production","1616.60","kg"
"Massena Primary Aluminum Smelter","2025-02","13662","District heating - natural gas boiler","3579.50","kWh"
"Massena Primary Aluminum Smelter","2025-02","13662","Refrigerant use - HFC leakage","0.52","kg"
"Massena Primary Aluminum Smelter","2025-02","13662","General industrial activity","981.50","unit"
"Massena Primary Aluminum Smelter","2025-03","13662","Steel production - basic oxygen furnace","257.90","kg"
"Massena Primary Aluminum Smelter","2025-03","13662","Electricity generation - grid average","11135.80","kWh"
"Massena Primary Aluminum Smelter","2025-03","13662","Natural gas combustion - industrial","1113.60","m3"
"Massena Primary Aluminum Smelter","2025-03","13662","Diesel fuel combustion - mobile sources","2109.90","L"
"Massena Primary Aluminum Smelter","2025-03","13662","Gasoline fuel combustion - mobile sources","562.60","L"
"Massena Primary Aluminum Smelter","2025-03","13662","Concrete production - ready-mixed","9963.60","kg"
"Massena Primary Aluminum Smelter","2025-03","13662","Aluminum production - primary","19341.10","kg"
"Massena Primary Aluminum Smelter","2025-03","13662","Paper production - virgin fiber","84397.30","kg"
"Massena Primary Aluminum Smelter","2025-03","13662","Plastic production - general polymers","492.30","kg"
"Massena Primary Aluminum Smelter","2025-03","13662","Road freight transport - heavy truck","363377.40","t-km"
"Massena Primary Aluminum Smelter","2025-03","13662","Air travel - short haul","4454.30","passenger-km"
"Massena Primary Aluminum Smelter","2025-03","13662","Rail freight transport","169966.80","t-km"
"Massena Primary Aluminum Smelter","2025-03","13662","Water consumption - municipal supply","4923.20","m3"
"Massena Primary Aluminum Smelter","2025-03","13662","Waste to landfill - mixed municipal","8439.70","kg"
"Massena Primary Aluminum Smelter","2025-03","13662","Copper production - primary","13128.50","kg"
"Massena Primary Aluminum Smelter","2025-03","13662","Glass production - container glass","29304.60","kg"
"Massena Primary Aluminum Smelter","2025-03","13662","Cotton textile production","1641.10","kg"
"Massena Primary Aluminum Smelter","2025-03","13662","District heating - natural gas boiler","3633.80","kWh"
"Massena Primary Aluminum Smelter","2025-03","13662","Refrigerant use - HFC leakage","0.53","kg"
"Massena Primary Aluminum Smelter","2025-03","13662","General industrial activity","996.40","unit"
"Massena Primary Aluminum Smelter","2025-04","13662","Steel production - basic oxygen furnace","269.70","kg"
"Massena Primary Aluminum Smelter","2025-04","13662","Electricity generation - grid average","11646.20","kWh"
"Massena Primary Aluminum Smelter","2025-04","13662","Natural gas combustion - industrial","1164.60","m3"
"Massena Primary Aluminum Smelter","2025-04","13662","Diesel fuel combustion - mobile sources","2206.70","L"
"Massena Primary Aluminum Smelter","2025-04","13662","Gasoline fuel combustion - mobile sources","588.40","L"
"Massena Primary Aluminum Smelter","2025-04","13662","Concrete production - ready-mixed","10420.30","kg"
"Massena Primary Aluminum Smelter","2025-04","13662","Aluminum production - primary","20227.70","kg"
"Massena Primary Aluminum Smelter","2025-04","13662","Paper production - virgin fiber","88266.20","kg"
"Massena Primary Aluminum Smelter","2025-04","13662","Plastic production - general polymers","514.90","kg"
"Massena Primary Aluminum Smelter","2025-04","13662","Road freight transport - heavy truck","380034.90","t-km"
"Massena Primary Aluminum Smelter","2025-04","13662","Air travel - short haul","4658.50","passenger-km"
"Massena Primary Aluminum Smelter","2025-04","13662","Rail freight transport","177758.30","t-km"
"Massena Primary Aluminum Smelter","2025-04","13662","Water consumption - municipal supply","5148.90","m3"
"Massena Primary Aluminum Smelter","2025-04","13662","Waste to landfill - mixed municipal","8826.60","kg"
"Massena Primary Aluminum Smelter","2025-04","13662","Copper production - primary","13730.30","kg"
"Massena Primary Aluminum Smelter","2025-04","13662","Glass production - container glass","30648.00","kg"
"Massena Primary Aluminum Smelter","2025-04","13662","Cotton textile production","1716.30","kg"
"Massena Primary Aluminum Smelter","2025-04","13662","District heating - natural gas boiler","3800.30","kWh"
"Massena Primary Aluminum Smelter","2025-04","13662","Refrigerant use - HFC leakage","0.55","kg"
"Massena Primary Aluminum Smelter","2025-04","13662","General industrial activity","1042.00","unit"
"Massena Primary Aluminum Smelter","2025-05","13662","Steel production - basic oxygen furnace","271.70","kg"
"Massena Primary Aluminum Smelter","2025-05","13662","Electricity generation - grid average","11733.30","kWh"
"Massena Primary Aluminum Smelter","2025-05","13662","Natural gas combustion - industrial","1173.30","m3"
"Massena Primary Aluminum Smelter","2025-05","13662","Diesel fuel combustion - mobile sources","2223.20","L"
"Massena Primary Aluminum Smelter","2025-05","13662","Gasoline fuel combustion - mobile sources","592.80","L"
"Massena Primary Aluminum Smelter","2025-05","13662","Concrete production - ready-mixed","10498.20","kg"
"Massena Primary Aluminum Smelter","2025-05","13662","Aluminum production - primary","20378.90","kg"
"Massena Primary Aluminum Smelter","2025-05","13662","Paper production - virgin fiber","88926.10","kg"
"Massena Primary Aluminum Smelter","2025-05","13662","Plastic production - general polymers","518.70","kg"
"Massena Primary Aluminum Smelter","2025-05","13662","Road freight transport - heavy truck","382876.20","t-km"
"Massena Primary Aluminum Smelter","2025-05","13662","Air travel - short haul","4693.30","passenger-km"
"Massena Primary Aluminum Smelter","2025-05","13662","Rail freight transport","179087.30","t-km"
"Massena Primary Aluminum Smelter","2025-05","13662","Water consumption - municipal supply","5187.40","m3"
"Massena Primary Aluminum Smelter","2025-05","13662","Waste to landfill - mixed municipal","8892.60","kg"
"Massena Primary Aluminum Smelter","2025-05","13662","Copper production - primary","13832.90","kg"
"Massena Primary Aluminum Smelter","2025-05","13662","Glass production - container glass","30877.10","kg"
"Massena Primary Aluminum Smelter","2025-05","13662","Cotton textile production","1729.10","kg"
"Massena Primary Aluminum Smelter","2025-05","13662","District heating - natural gas boiler","3828.80","kWh"
"Massena Primary Aluminum Smelter","2025-05","13662","Refrigerant use - HFC leakage","0.56","kg"
"Massena Primary Aluminum Smelter","2025-05","13662","General industrial activity","1049.80","unit"
"Massena Primary Aluminum Smelter","2025-06","13662","Steel production - basic oxygen furnace","268.10","kg"
"Massena Primary Aluminum Smelter","2025-06","13662","Electricity generation - grid average","11576.60","kWh"
"Massena Primary Aluminum Smelter","2025-06","13662","Natural gas combustion - industrial","1157.70","m3"
"Massena Primary Aluminum Smelter","2025-06","13662","Diesel fuel combustion - mobile sources","2193.50","L"
"Massena Primary Aluminum Smelter","2025-06","13662","Gasoline fuel combustion - mobile sources","584.90","L"
"Massena Primary Aluminum Smelter","2025-06","13662","Concrete production - ready-mixed","10358.00","kg"
"Massena Primary Aluminum Smelter","2025-06","13662","Aluminum production - primary","20106.70","kg"
"Massena Primary Aluminum Smelter","2025-06","13662","Paper production - virgin fiber","87738.30","kg"
"Massena Primary Aluminum Smelter","2025-06","13662","Plastic production - general polymers","511.80","kg"
"Massena Primary Aluminum Smelter","2025-06","13662","Road freight transport - heavy truck","377762.20","t-km"
"Massena Primary Aluminum Smelter","2025-06","13662","Air travel - short haul","4630.60","passenger-km"
"Massena Primary Aluminum Smelter","2025-06","13662","Rail freight transport","176695.20","t-km"
"Massena Primary Aluminum Smelter","2025-06","13662","Water consumption - municipal supply","5118.10","m3"
"Massena Primary Aluminum Smelter","2025-06","13662","Waste to landfill - mixed municipal","8773.80","kg"
"Massena Primary Aluminum Smelter","2025-06","13662","Copper production - primary","13648.20","kg"
"Massena Primary Aluminum Smelter","2025-06","13662","Glass production - container glass","30464.70","kg"
"Massena Primary Aluminum Smelter","2025-06","13662","Cotton textile production","1706.00","kg"
"Massena Primary Aluminum Smelter","2025-06","13662","District heating - natural gas boiler","3777.60","kWh"
"Massena Primary Aluminum Smelter","2025-06","13662","Refrigerant use - HFC leakage","0.55","kg"
"Massena Primary Aluminum Smelter","2025-06","13662","General industrial activity","1035.80","unit"
"Massena Primary Aluminum Smelter","2025-07","13662","Steel production - basic oxygen furnace","276.00","kg"
"Massena Primary Aluminum Smelter","2025-07","13662","Electricity generation - grid average","11919.70","kWh"
"Massena Primary Aluminum Smelter","2025-07","13662","Natural gas combustion - industrial","1192.00","m3"
"Massena Primary Aluminum Smelter","2025-07","13662","Diesel fuel combustion - mobile sources","2258.50","L"
"Massena Primary Aluminum Smelter","2025-07","13662","Gasoline fuel combustion - mobile sources","602.30","L"
"Massena Primary Aluminum Smelter","2025-07","13662","Concrete production - ready-mixed","10665.00","kg"
"Massena Primary Aluminum Smelter","2025-07","13662","Aluminum production - primary","20702.70","kg"
"Massena Primary Aluminum Smelter","2025-07","13662","Paper production - virgin fiber","90339.10","kg"
"Massena Primary Aluminum Smelter","2025-07","13662","Plastic production - general polymers","527.00","kg"
"Massena Primary Aluminum Smelter","2025-07","13662","Road freight transport - heavy truck","388960.00","t-km"
"Massena Primary Aluminum Smelter","2025-07","13662","Air travel - short haul","4767.90","passenger-km"
"Massena Primary Aluminum Smelter","2025-07","13662","Rail freight transport","181932.90","t-km"
"Massena Primary Aluminum Smelter","2025-07","13662","Water consumption - municipal supply","5269.80","m3"
"Massena Primary Aluminum Smelter","2025-07","13662","Waste to landfill - mixed municipal","9033.90","kg"
"Massena Primary Aluminum Smelter","2025-07","13662","Copper production - primary","14052.80","kg"
"Massena Primary Aluminum Smelter","2025-07","13662","Glass production - container glass","31367.70","kg"
"Massena Primary Aluminum Smelter","2025-07","13662","Cotton textile production","1756.60","kg"
"Massena Primary Aluminum Smelter","2025-07","13662","District heating - natural gas boiler","3889.60","kWh"
"Massena Primary Aluminum Smelter","2025-07","13662","Refrigerant use - HFC leakage","0.56","kg"
"Massena Primary Aluminum Smelter","2025-07","13662","General industrial activity","1066.50","unit"
"Massena Primary Aluminum Smelter","2025-08","13662","Steel production - basic oxygen furnace","286.80","kg"
"Massena Primary Aluminum Smelter","2025-08","13662","Electricity generation - grid average","12383.00","kWh"
"Massena Primary Aluminum Smelter","2025-08","13662","Natural gas combustion - industrial","1238.30","m3"
"Massena Primary Aluminum Smelter","2025-08","13662","Diesel fuel combustion - mobile sources","2346.30","L"
"Massena Primary Aluminum Smelter","2025-08","13662","Gasoline fuel combustion - mobile sources","625.70","L"
"Massena Primary Aluminum Smelter","2025-08","13662","Concrete production - ready-mixed","11079.50","kg"
"Massena Primary Aluminum Smelter","2025-08","13662","Aluminum production - primary","21507.30","kg"
"Massena Primary Aluminum Smelter","2025-08","13662","Paper production - virgin fiber","93850.10","kg"
"Massena Primary Aluminum Smelter","2025-08","13662","Plastic production - general polymers","547.50","kg"
"Massena Primary Aluminum Smelter","2025-08","13662","Road freight transport - heavy truck","404076.80","t-km"
"Massena Primary Aluminum Smelter","2025-08","13662","Air travel - short haul","4953.20","passenger-km"
"Massena Primary Aluminum Smelter","2025-08","13662","Rail freight transport","189003.70","t-km"
"Massena Primary Aluminum Smelter","2025-08","13662","Water consumption - municipal supply","5474.60","m3"
"Massena Primary Aluminum Smelter","2025-08","13662","Waste to landfill - mixed municipal","9385.00","kg"
"Massena Primary Aluminum Smelter","2025-08","13662","Copper production - primary","14598.90","kg"
"Massena Primary Aluminum Smelter","2025-08","13662","Glass production - container glass","32586.80","kg"
"Massena Primary Aluminum Smelter","2025-08","13662","Cotton textile production","1824.90","kg"
"Massena Primary Aluminum Smelter","2025-08","13662","District heating - natural gas boiler","4040.80","kWh"
"Massena Primary Aluminum Smelter","2025-08","13662","Refrigerant use - HFC leakage","0.59","kg"
"Massena Primary Aluminum Smelter","2025-08","13662","General industrial activity","1108.00","unit"
"Massena Primary Aluminum Smelter","2025-09","13662","Steel production - basic oxygen furnace","284.90","kg"
"Massena Primary Aluminum Smelter","2025-09","13662","Electricity generation - grid average","12300.50","kWh"
"Massena Primary Aluminum Smelter","2025-09","13662","Natural gas combustion - industrial","1230.00","m3"
"Massena Primary Aluminum Smelter","2025-09","13662","Diesel fuel combustion - mobile sources","2330.60","L"
"Massena Primary Aluminum Smelter","2025-09","13662","Gasoline fuel combustion - mobile sources","621.50","L"
"Massena Primary Aluminum Smelter","2025-09","13662","Concrete production - ready-mixed","11005.70","kg"
"Massena Primary Aluminum Smelter","2025-09","13662","Aluminum production - primary","21363.90","kg"
"Massena Primary Aluminum Smelter","2025-09","13662","Paper production - virgin fiber","93224.50","kg"
"Massena Primary Aluminum Smelter","2025-09","13662","Plastic production - general polymers","543.80","kg"
"Massena Primary Aluminum Smelter","2025-09","13662","Road freight transport - heavy truck","401383.20","t-km"
"Massena Primary Aluminum Smelter","2025-09","13662","Air travel - short haul","4920.20","passenger-km"
"Massena Primary Aluminum Smelter","2025-09","13662","Rail freight transport","187743.80","t-km"
"Massena Primary Aluminum Smelter","2025-09","13662","Water consumption - municipal supply","5438.10","m3"
"Massena Primary Aluminum Smelter","2025-09","13662","Waste to landfill - mixed municipal","9322.40","kg"
"Massena Primary Aluminum Smelter","2025-09","13662","Copper production - primary","14501.60","kg"
"Massena Primary Aluminum Smelter","2025-09","13662","Glass production - container glass","32369.60","kg"
"Massena Primary Aluminum Smelter","2025-09","13662","Cotton textile production","1812.70","kg"
"Massena Primary Aluminum Smelter","2025-09","13662","District heating - natural gas boiler","4013.80","kWh"
"Massena Primary Aluminum Smelter","2025-09","13662","Refrigerant use - HFC leakage","0.58","kg"
"Massena Primary Aluminum Smelter","2025-09","13662","General industrial activity","1100.60","unit"
"Massena Primary Aluminum Smelter","2025-10","13662","Steel production - basic oxygen furnace","283.40","kg"
"Massena Primary Aluminum Smelter","2025-10","13662","Electricity generation - grid average","12237.20","kWh"
"Massena Primary Aluminum Smelter","2025-10","13662","Natural gas combustion - industrial","1223.70","m3"
"Massena Primary Aluminum Smelter","2025-10","13662","Diesel fuel combustion - mobile sources","2318.60","L"
"Massena Primary Aluminum Smelter","2025-10","13662","Gasoline fuel combustion - mobile sources","618.30","L"
"Massena Primary Aluminum Smelter","2025-10","13662","Concrete production - ready-mixed","10949.10","kg"
"Massena Primary Aluminum Smelter","2025-10","13662","Aluminum production - primary","21254.10","kg"
"Massena Primary Aluminum Smelter","2025-10","13662","Paper production - virgin fiber","92745.10","kg"
"Massena Primary Aluminum Smelter","2025-10","13662","Plastic production - general polymers","541.00","kg"
"Massena Primary Aluminum Smelter","2025-10","13662","Road freight transport - heavy truck","399319.20","t-km"
"Massena Primary Aluminum Smelter","2025-10","13662","Air travel - short haul","4894.90","passenger-km"
"Massena Primary Aluminum Smelter","2025-10","13662","Rail freight transport","186778.30","t-km"
"Massena Primary Aluminum Smelter","2025-10","13662","Water consumption - municipal supply","5410.10","m3"
"Massena Primary Aluminum Smelter","2025-10","13662","Waste to landfill - mixed municipal","9274.50","kg"
"Massena Primary Aluminum Smelter","2025-10","13662","Copper production - primary","14427.00","kg"
"Massena Primary Aluminum Smelter","2025-10","13662","Glass production - container glass","32203.20","kg"
"Massena Primary Aluminum Smelter","2025-10","13662","Cotton textile production","1803.40","kg"
"Massena Primary Aluminum Smelter","2025-10","13662","District heating - natural gas boiler","3993.20","kWh"
"Massena Primary Aluminum Smelter","2025-10","13662","Refrigerant use - HFC leakage","0.58","kg"
"Massena Primary Aluminum Smelter","2025-10","13662","General industrial activity","1094.90","unit"
"Savannah Containerboard & Pulp","2025-01","31415","Steel production - basic oxygen furnace","243.60","kg"
"Savannah Containerboard & Pulp","2025-01","31415","Electricity generation - grid average","10520.40","kWh"
"Savannah Containerboard & Pulp","2025-01","31415","Natural gas combustion - industrial","1052.00","m3"
"Savannah Containerboard & Pulp","2025-01","31415","Diesel fuel combustion - mobile sources","1993.30","L"
"Savannah Containerboard & Pulp","2025-01","31415","Gasoline fuel combustion - mobile sources","531.60","L"
"Savannah Containerboard & Pulp","2025-01","31415","Concrete production - ready-mixed","9412.90","kg"
"Savannah Containerboard & Pulp","2025-01","31415","Aluminum production - primary","18272.20","kg"
"Savannah Containerboard & Pulp","2025-01","31415","Paper production - virgin fiber","79733.20","kg"
"Savannah Containerboard & Pulp","2025-01","31415","Plastic production - general polymers","465.10","kg"
"Savannah Containerboard & Pulp","2025-01","31415","Road freight transport - heavy truck","343295.80","t-km"
"Savannah Containerboard & Pulp","2025-01","31415","Air travel - short haul","4208.10","passenger-km"
"Savannah Containerboard & Pulp","2025-01","31415","Rail freight transport","160573.90","t-km"
"Savannah Containerboard & Pulp","2025-01","31415","Water consumption - municipal supply","4651.10","m3"
"Savannah Containerboard & Pulp","2025-01","31415","Waste to landfill - mixed municipal","7973.30","kg"
"Savannah Containerboard & Pulp","2025-01","31415","Copper production - primary","12402.90","kg"
"Savannah Containerboard & Pulp","2025-01","31415","Glass production - container glass","27685.10","kg"
"Savannah Containerboard & Pulp","2025-01","31415","Cotton textile production","1550.40","kg"
"Savannah Containerboard & Pulp","2025-01","31415","District heating - natural gas boiler","3433.00","kWh"
"Savannah Containerboard & Pulp","2025-01","31415","Refrigerant use - HFC leakage","0.50","kg"
"Savannah Containerboard & Pulp","2025-01","31415","General industrial activity","941.30","unit"
"Savannah Containerboard & Pulp","2025-02","31415","Steel production - basic oxygen furnace","251.40","kg"
"Savannah Containerboard & Pulp","2025-02","31415","Electricity generation - grid average","10856.40","kWh"
"Savannah Containerboard & Pulp","2025-02","31415","Natural gas combustion - industrial","1085.60","m3"
"Savannah Containerboard & Pulp","2025-02","31415","Diesel fuel combustion - mobile sources","2057.00","L"
"Savannah Containerboard & Pulp","2025-02","31415","Gasoline fuel combustion - mobile sources","548.50","L"
"Savannah Containerboard & Pulp","2025-02","31415","Concrete production - ready-mixed","9713.60","kg"
"Savannah Containerboard & Pulp","2025-02","31415","Aluminum production - primary","18855.80","kg"
"Savannah Containerboard & Pulp","2025-02","31415","Paper production - virgin fiber","82279.90","kg"
"Savannah Containerboard & Pulp","2025-02","31415","Plastic production - general polymers","480.00","kg"
"Savannah Containerboard & Pulp","2025-02","31415","Road freight transport - heavy truck","354260.60","t-km"
"Savannah Containerboard & Pulp","2025-02","31415","Air travel - short haul","4342.50","passenger-km"
"Savannah Containerboard & Pulp","2025-02","31415","Rail freight transport","165702.60","t-km"
"Savannah Containerboard & Pulp","2025-02","31415","Water consumption - municipal supply","4799.70","m3"
"Savannah Containerboard & Pulp","2025-02","31415","Waste to landfill - mixed municipal","8228.00","kg"
"Savannah Containerboard & Pulp","2025-02","31415","Copper production - primary","12799.10","kg"
"Savannah Containerboard & Pulp","2025-02","31415","Glass production - container glass","28569.40","kg"
"Savannah Containerboard & Pulp","2025-02","31415","Cotton textile production","1599.90","kg"
"Savannah Containerboard & Pulp","2025-02","31415","District heating - natural gas boiler","3542.60","kWh"
"Savannah Containerboard & Pulp","2025-02","31415","Refrigerant use - HFC leakage","0.51","kg"
"Savannah Containerboard & Pulp","2025-02","31415","General industrial activity","971.40","unit"
"Savannah Containerboard & Pulp","2025-03","31415","Steel production - basic oxygen furnace","248.50","kg"
"Savannah Containerboard & Pulp","2025-03","31415","Electricity generation - grid average","10728.90","kWh"
"Savannah Containerboard & Pulp","2025-03","31415","Natural gas combustion - industrial","1072.90","m3"
"Savannah Containerboard & Pulp","2025-03","31415","Diesel fuel combustion - mobile sources","2032.80","L"
"Savannah Containerboard & Pulp","2025-03","31415","Gasoline fuel combustion - mobile sources","542.10","L"
"Savannah Containerboard & Pulp","2025-03","31415","Concrete production - ready-mixed","9599.50","kg"
"Savannah Containerboard & Pulp","2025-03","31415","Aluminum production - primary","18634.40","kg"
"Savannah Containerboard & Pulp","2025-03","31415","Paper production - virgin fiber","81313.60","kg"
"Savannah Containerboard & Pulp","2025-03","31415","Plastic production - general polymers","474.30","kg"
"Savannah Containerboard & Pulp","2025-03","31415","Road freight transport - heavy truck","350100.10","t-km"
"Savannah Containerboard & Pulp","2025-03","31415","Air travel - short haul","4291.60","passenger-km"
"Savannah Containerboard & Pulp","2025-03","31415","Rail freight transport","163756.50","t-km"
"Savannah Containerboard & Pulp","2025-03","31415","Water consumption - municipal supply","4743.30","m3"
"Savannah Containerboard & Pulp","2025-03","31415","Waste to landfill - mixed municipal","8131.40","kg"
"Savannah Containerboard & Pulp","2025-03","31415","Copper production - primary","12648.80","kg"
"Savannah Containerboard & Pulp","2025-03","31415","Glass production - container glass","28233.90","kg"
"Savannah Containerboard & Pulp","2025-03","31415","Cotton textile production","1581.10","kg"
"Savannah Containerboard & Pulp","2025-03","31415","District heating - natural gas boiler","3501.00","kWh"
"Savannah Containerboard & Pulp","2025-03","31415","Refrigerant use - HFC leakage","0.51","kg"
"Savannah Containerboard & Pulp","2025-03","31415","General industrial activity","960.00","unit"
"Savannah Containerboard & Pulp","2025-04","31415","Steel production - basic oxygen furnace","249.90","kg"
"Savannah Containerboard & Pulp","2025-04","31415","Electricity generation - grid average","10791.60","kWh"
"Savannah Containerboard & Pulp","2025-04","31415","Natural gas combustion - industrial","1079.20","m3"
"Savannah Containerboard & Pulp","2025-04","31415","Diesel fuel combustion - mobile sources","2044.70","L"
"Savannah Containerboard & Pulp","2025-04","31415","Gasoline fuel combustion - mobile sources","545.30","L"
"Savannah Containerboard & Pulp","2025-04","31415","Concrete production - ready-mixed","9655.60","kg"
"Savannah Containerboard & Pulp","2025-04","31415","Aluminum production - primary","18743.20","kg"
"Savannah Containerboard & Pulp","2025-04","31415","Paper production - virgin fiber","81788.70","kg"
"Savannah Containerboard & Pulp","2025-04","31415","Plastic production - general polymers","477.10","kg"
"Savannah Containerboard & Pulp","2025-04","31415","Road freight transport - heavy truck","352145.60","t-km"
"Savannah Containerboard & Pulp","2025-04","31415","Air travel - short haul","4316.60","passenger-km"
"Savannah Containerboard & Pulp","2025-04","31415","Rail freight transport","164713.30","t-km"
"Savannah Containerboard & Pulp","2025-04","31415","Water consumption - municipal supply","4771.00","m3"
"Savannah Containerboard & Pulp","2025-04","31415","Waste to landfill - mixed municipal","8178.90","kg"
"Savannah Containerboard & Pulp","2025-04","31415","Copper production - primary","12722.70","kg"
"Savannah Containerboard & Pulp","2025-04","31415","Glass production - container glass","28398.80","kg"
"Savannah Containerboard & Pulp","2025-04","31415","Cotton textile production","1590.30","kg"
"Savannah Containerboard & Pulp","2025-04","31415","District heating - natural gas boiler","3521.50","kWh"
"Savannah Containerboard & Pulp","2025-04","31415","Refrigerant use - HFC leakage","0.51","kg"
"Savannah Containerboard & Pulp","2025-04","31415","General industrial activity","965.60","unit"
"Savannah Containerboard & Pulp","2025-05","31415","Steel production - basic oxygen furnace","261.30","kg"
"Savannah Containerboard & Pulp","2025-05","31415","Electricity generation - grid average","11282.20","kWh"
"Savannah Containerboard & Pulp","2025-05","31415","Natural gas combustion - industrial","1128.20","m3"
"Savannah Containerboard & Pulp","2025-05","31415","Diesel fuel combustion - mobile sources","2137.70","L"
"Savannah Containerboard & Pulp","2025-05","31415","Gasoline fuel combustion - mobile sources","570.00","L"
"Savannah Containerboard & Pulp","2025-05","31415","Concrete production - ready-mixed","10094.60","kg"
"Savannah Containerboard & Pulp","2025-05","31415","Aluminum production - primary","19595.40","kg"
"Savannah Containerboard & Pulp","2025-05","31415","Paper production - virgin fiber","85507.10","kg"
"Savannah Containerboard & Pulp","2025-05","31415","Plastic production - general polymers","498.80","kg"
"Savannah Containerboard & Pulp","2025-05","31415","Road freight transport - heavy truck","368155.80","t-km"
"Savannah Containerboard & Pulp","2025-05","31415","Air travel - short haul","4512.90","passenger-km"
"Savannah Containerboard & Pulp","2025-05","31415","Rail freight transport","172201.90","t-km"
"Savannah Containerboard & Pulp","2025-05","31415","Water consumption - municipal supply","4987.90","m3"
"Savannah Containerboard & Pulp","2025-05","31415","Waste to landfill - mixed municipal","8550.70","kg"
"Savannah Containerboard & Pulp","2025-05","31415","Copper production - primary","13301.10","kg"
"Savannah Containerboard & Pulp","2025-05","31415","Glass production - container glass","29690.00","kg"
"Savannah Containerboard & Pulp","2025-05","31415","Cotton textile production","1662.60","kg"
"Savannah Containerboard & Pulp","2025-05","31415","District heating - natural gas boiler","3681.60","kWh"
"Savannah Containerboard & Pulp","2025-05","31415","Refrigerant use - HFC leakage","0.53","kg"
"Savannah Containerboard & Pulp","2025-05","31415","General industrial activity","1009.50","unit"
"Savannah Containerboard & Pulp","2025-06","31415","Steel production - basic oxygen furnace","265.50","kg"
"Savannah Containerboard & Pulp","2025-06","31415","Electricity generation - grid average","11464.80","kWh"
"Savannah Containerboard & Pulp","2025-06","31415","Natural gas combustion - industrial","1146.50","m3"
"Savannah Containerboard & Pulp","2025-06","31415","Diesel fuel combustion - mobile sources","2172.30","L"
"Savannah Containerboard & Pulp","2025-06","31415","Gasoline fuel combustion - mobile sources","579.30","L"
"Savannah Containerboard & Pulp","2025-06","31415","Concrete production - ready-mixed","10258.00","kg"
"Savannah Containerboard & Pulp","2025-06","31415","Aluminum production - primary","19912.50","kg"
"Savannah Containerboard & Pulp","2025-06","31415","Paper production - virgin fiber","86891.00","kg"
"Savannah Containerboard & Pulp","2025-06","31415","Plastic production - general polymers","506.90","kg"
"Savannah Containerboard & Pulp","2025-06","31415","Road freight transport - heavy truck","374114.20","t-km"
"Savannah Containerboard & Pulp","2025-06","31415","Air travel - short haul","4585.90","passenger-km"
"Savannah Containerboard & Pulp","2025-06","31415","Rail freight transport","174988.90","t-km"
"Savannah Containerboard & Pulp","2025-06","31415","Water consumption - municipal supply","5068.60","m3"
"Savannah Containerboard & Pulp","2025-06","31415","Waste to landfill - mixed municipal","8689.10","kg"
"Savannah Containerboard & Pulp","2025-06","31415","Copper production - primary","13516.40","kg"
"Savannah Containerboard & Pulp","2025-06","31415","Glass production - container glass","30170.50","kg"
"Savannah Containerboard & Pulp","2025-06","31415","Cotton textile production","1689.50","kg"
"Savannah Containerboard & Pulp","2025-06","31415","District heating - natural gas boiler","3741.10","kWh"
"Savannah Containerboard & Pulp","2025-06","31415","Refrigerant use - HFC leakage","0.54","kg"
"Savannah Containerboard & Pulp","2025-06","31415","General industrial activity","1025.80","unit"
"Savannah Containerboard & Pulp","2025-07","31415","Steel production - basic oxygen furnace","261.40","kg"
"Savannah Containerboard & Pulp","2025-07","31415","Electricity generation - grid average","11287.30","kWh"
"Savannah Containerboard & Pulp","2025-07","31415","Natural gas combustion - industrial","1128.70","m3"
"Savannah Containerboard & Pulp","2025-07","31415","Diesel fuel combustion - mobile sources","2138.70","L"
"Savannah Containerboard & Pulp","2025-07","31415","Gasoline fuel combustion - mobile sources","570.30","L"
"Savannah Containerboard & Pulp","2025-07","31415","Concrete production - ready-mixed","10099.20","kg"
"Savannah Containerboard & Pulp","2025-07","31415","Aluminum production - primary","19604.30","kg"
"Savannah Containerboard & Pulp","2025-07","31415","Paper production - virgin fiber","85546.00","kg"
"Savannah Containerboard & Pulp","2025-07","31415","Plastic production - general polymers","499.00","kg"
"Savannah Containerboard & Pulp","2025-07","31415","Road freight transport - heavy truck","368323.30","t-km"
"Savannah Containerboard & Pulp","2025-07","31415","Air travel - short haul","4514.90","passenger-km"
"Savannah Containerboard & Pulp","2025-07","31415","Rail freight transport","172280.20","t-km"
"Savannah Containerboard & Pulp","2025-07","31415","Water consumption - municipal supply","4990.20","m3"
"Savannah Containerboard & Pulp","2025-07","31415","Waste to landfill - mixed municipal","8554.60","kg"
"Savannah Containerboard & Pulp","2025-07","31415","Copper production - primary","13307.20","kg"
"Savannah Containerboard & Pulp","2025-07","31415","Glass production - container glass","29703.50","kg"
"Savannah Containerboard & Pulp","2025-07","31415","Cotton textile production","1663.40","kg"
"Savannah Containerboard & Pulp","2025-07","31415","District heating - natural gas boiler","3683.20","kWh"
"Savannah Containerboard & Pulp","2025-07","31415","Refrigerant use - HFC leakage","0.53","kg"
"Savannah Containerboard & Pulp","2025-07","31415","General industrial activity","1009.90","unit"
"Savannah Containerboard & Pulp","2025-08","31415","Steel production - basic oxygen furnace","266.80","kg"
"Savannah Containerboard & Pulp","2025-08","31415","Electricity generation - grid average","11521.20","kWh"
"Savannah Containerboard & Pulp","2025-08","31415","Natural gas combustion - industrial","1152.10","m3"
"Savannah Containerboard & Pulp","2025-08","31415","Diesel fuel combustion - mobile sources","2183.00","L"
"Savannah Containerboard & Pulp","2025-08","31415","Gasoline fuel combustion - mobile sources","582.10","L"
"Savannah Containerboard & Pulp","2025-08","31415","Concrete production - ready-mixed","10308.50","kg"
"Savannah Containerboard & Pulp","2025-08","31415","Aluminum production - primary","20010.50","kg"
"Savannah Containerboard & Pulp","2025-08","31415","Paper production - virgin fiber","87318.70","kg"
"Savannah Containerboard & Pulp","2025-08","31415","Plastic production - general polymers","509.40","kg"
"Savannah Containerboard & Pulp","2025-08","31415","Road freight transport - heavy truck","375955.60","t-km"
"Savannah Containerboard & Pulp","2025-08","31415","Air travel - short haul","4608.50","passenger-km"
"Savannah Containerboard & Pulp","2025-08","31415","Rail freight transport","175850.20","t-km"
"Savannah Containerboard & Pulp","2025-08","31415","Water consumption - municipal supply","5093.60","m3"
"Savannah Containerboard & Pulp","2025-08","31415","Waste to landfill - mixed municipal","8731.90","kg"
"Savannah Containerboard & Pulp","2025-08","31415","Copper production - primary","13582.90","kg"
"Savannah Containerboard & Pulp","2025-08","31415","Glass production - container glass","30319.00","kg"
"Savannah Containerboard & Pulp","2025-08","31415","Cotton textile production","1697.90","kg"
"Savannah Containerboard & Pulp","2025-08","31415","District heating - natural gas boiler","3759.60","kWh"
"Savannah Containerboard & Pulp","2025-08","31415","Refrigerant use - HFC leakage","0.55","kg"
"Savannah Containerboard & Pulp","2025-08","31415","General industrial activity","1030.80","unit"
"Savannah Containerboard & Pulp","2025-09","31415","Steel production - basic oxygen furnace","278.30","kg"
"Savannah Containerboard & Pulp","2025-09","31415","Electricity generation - grid average","12017.90","kWh"
"Savannah Containerboard & Pulp","2025-09","31415","Natural gas combustion - industrial","1201.80","m3"
"Savannah Containerboard & Pulp","2025-09","31415","Diesel fuel combustion - mobile sources","2277.10","L"
"Savannah Containerboard & Pulp","2025-09","31415","Gasoline fuel combustion - mobile sources","607.20","L"
"Savannah Containerboard & Pulp","2025-09","31415","Concrete production - ready-mixed","10752.90","kg"
"Savannah Containerboard & Pulp","2025-09","31415","Aluminum production - primary","20873.30","kg"
"Savannah Containerboard & Pulp","2025-09","31415","Paper production - virgin fiber","91083.40","kg"
"Savannah Containerboard & Pulp","2025-09","31415","Plastic production - general polymers","531.30","kg"
"Savannah Containerboard & Pulp","2025-09","31415","Road freight transport - heavy truck","392164.50","t-km"
"Savannah Containerboard & Pulp","2025-09","31415","Air travel - short haul","4807.20","passenger-km"
"Savannah Containerboard & Pulp","2025-09","31415","Rail freight transport","183431.80","t-km"
"Savannah Containerboard & Pulp","2025-09","31415","Water consumption - municipal supply","5313.20","m3"
"Savannah Containerboard & Pulp","2025-09","31415","Waste to landfill - mixed municipal","9108.30","kg"
"Savannah Containerboard & Pulp","2025-09","31415","Copper production - primary","14168.50","kg"
"Savannah Containerboard & Pulp","2025-09","31415","Glass production - container glass","31626.20","kg"
"Savannah Containerboard & Pulp","2025-09","31415","Cotton textile production","1771.10","kg"
"Savannah Containerboard & Pulp","2025-09","31415","District heating - natural gas boiler","3921.60","kWh"
"Savannah Containerboard & Pulp","2025-09","31415","Refrigerant use - HFC leakage","0.57","kg"
"Savannah Containerboard & Pulp","2025-09","31415","General industrial activity","1075.30","unit"
"Savannah Containerboard & Pulp","2025-10","31415","Steel production - basic oxygen furnace","278.40","kg"
"Savannah Containerboard & Pulp","2025-10","31415","Electricity generation - grid average","12022.80","kWh"
"Savannah Containerboard & Pulp","2025-10","31415","Natural gas combustion - industrial","1202.30","m3"
"Savannah Containerboard & Pulp","2025-10","31415","Diesel fuel combustion - mobile sources","2278.00","L"
"Savannah Containerboard & Pulp","2025-10","31415","Gasoline fuel combustion - mobile sources","607.50","L"
"Savannah Containerboard & Pulp","2025-10","31415","Concrete production - ready-mixed","10757.20","kg"
"Savannah Containerboard & Pulp","2025-10","31415","Aluminum production - primary","20881.70","kg"
"Savannah Containerboard & Pulp","2025-10","31415","Paper production - virgin fiber","91120.10","kg"
"Savannah Containerboard & Pulp","2025-10","31415","Plastic production - general polymers","531.50","kg"
"Savannah Containerboard & Pulp","2025-10","31415","Road freight transport - heavy truck","392322.50","t-km"
"Savannah Containerboard & Pulp","2025-10","31415","Air travel - short haul","4809.10","passenger-km"
"Savannah Containerboard & Pulp","2025-10","31415","Rail freight transport","183505.70","t-km"
"Savannah Containerboard & Pulp","2025-10","31415","Water consumption - municipal supply","5315.30","m3"
"Savannah Containerboard & Pulp","2025-10","31415","Waste to landfill - mixed municipal","9112.00","kg"
"Savannah Containerboard & Pulp","2025-10","31415","Copper production - primary","14174.20","kg"
"Savannah Containerboard & Pulp","2025-10","31415","Glass production - container glass","31638.90","kg"
"Savannah Containerboard & Pulp","2025-10","31415","Cotton textile production","1771.80","kg"
"Savannah Containerboard & Pulp","2025-10","31415","District heating - natural gas boiler","3923.20","kWh"
"Savannah Containerboard & Pulp","2025-10","31415","Refrigerant use - HFC leakage","0.57","kg"
"Savannah Containerboard & Pulp","2025-10","31415","General industrial activity","1075.70","unit"
"Chicago Interstate Logistics Hub","2025-01","60609","Steel production - basic oxygen furnace","236.20","kg"
"Chicago Interstate Logistics Hub","2025-01","60609","Electricity generation - grid average","10199.40","kWh"
"Chicago Interstate Logistics Hub","2025-01","60609","Natural gas combustion - industrial","1019.90","m3"
"Chicago Interstate Logistics Hub","2025-01","60609","Diesel fuel combustion - mobile sources","1932.50","L"
"Chicago Interstate Logistics Hub","2025-01","60609","Gasoline fuel combustion - mobile sources","515.30","L"
"Chicago Interstate Logistics Hub","2025-01","60609","Concrete production - ready-mixed","9125.80","kg"
"Chicago Interstate Logistics Hub","2025-01","60609","Aluminum production - primary","17714.70","kg"
"Chicago Interstate Logistics Hub","2025-01","60609","Paper production - virgin fiber","77300.60","kg"
"Chicago Interstate Logistics Hub","2025-01","60609","Plastic production - general polymers","450.90","kg"
"Chicago Interstate Logistics Hub","2025-01","60609","Road freight transport - heavy truck","332821.80","t-km"
"Chicago Interstate Logistics Hub","2025-01","60609","Air travel - short haul","4079.80","passenger-km"
"Chicago Interstate Logistics Hub","2025-01","60609","Rail freight transport","155674.70","t-km"
"Chicago Interstate Logistics Hub","2025-01","60609","Water consumption - municipal supply","4509.20","m3"
"Chicago Interstate Logistics Hub","2025-01","60609","Waste to landfill - mixed municipal","7730.10","kg"
"Chicago Interstate Logistics Hub","2025-01","60609","Copper production - primary","12024.50","kg"
"Chicago Interstate Logistics Hub","2025-01","60609","Glass production - container glass","26840.50","kg"
"Chicago Interstate Logistics Hub","2025-01","60609","Cotton textile production","1503.10","kg"
"Chicago Interstate Logistics Hub","2025-01","60609","District heating - natural gas boiler","3328.20","kWh"
"Chicago Interstate Logistics Hub","2025-01","60609","Refrigerant use - HFC leakage","0.48","kg"
"Chicago Interstate Logistics Hub","2025-01","60609","General industrial activity","912.60","unit"
"Chicago Interstate Logistics Hub","2025-02","60609","Steel production - basic oxygen furnace","232.90","kg"
"Chicago Interstate Logistics Hub","2025-02","60609","Electricity generation - grid average","10055.40","kWh"
"Chicago Interstate Logistics Hub","2025-02","60609","Natural gas combustion - industrial","1005.50","m3"
"Chicago Interstate Logistics Hub","2025-02","60609","Diesel fuel combustion - mobile sources","1905.20","L"
"Chicago Interstate Logistics Hub","2025-02","60609","Gasoline fuel combustion - mobile sources","508.10","L"
"Chicago Interstate Logistics Hub","2025-02","60609","Concrete production - ready-mixed","8997.00","kg"
"Chicago Interstate Logistics Hub","2025-02","60609","Aluminum production - primary","17464.70","kg"
"Chicago Interstate Logistics Hub","2025-02","60609","Paper production - virgin fiber","76209.50","kg"
"Chicago Interstate Logistics Hub","2025-02","60609","Plastic production - general polymers","444.60","kg"
"Chicago Interstate Logistics Hub","2025-02","60609","Road freight transport - heavy truck","328124.10","t-km"
"Chicago Interstate Logistics Hub","2025-02","60609","Air travel - short haul","4022.20","passenger-km"
"Chicago Interstate Logistics Hub","2025-02","60609","Rail freight transport","153477.40","t-km"
"Chicago Interstate Logistics Hub","2025-02","60609","Water consumption - municipal supply","4445.60","m3"
"Chicago Interstate Logistics Hub","2025-02","60609","Waste to landfill - mixed municipal","7620.90","kg"
"Chicago Interstate Logistics Hub","2025-02","60609","Copper production - primary","11854.80","kg"
"Chicago Interstate Logistics Hub","2025-02","60609","Glass production - container glass","26461.60","kg"
"Chicago Interstate Logistics Hub","2025-02","60609","Cotton textile production","1481.90","kg"
"Chicago Interstate Logistics Hub","2025-02","60609","District heating - natural gas boiler","3281.20","kWh"
"Chicago Interstate Logistics Hub","2025-02","60609","Refrigerant use - HFC leakage","0.48","kg"
"Chicago Interstate Logistics Hub","2025-02","60609","General industrial activity","899.70","unit"
"Chicago Interstate Logistics Hub","2025-03","60609","Steel production - basic oxygen furnace","236.40","kg"
"Chicago Interstate Logistics Hub","2025-03","60609","Electricity generation - grid average","10207.80","kWh"
"Chicago Interstate Logistics Hub","2025-03","60609","Natural gas combustion - industrial","1020.80","m3"
"Chicago Interstate Logistics Hub","2025-03","60609","Diesel fuel combustion - mobile sources","1934.10","L"
"Chicago Interstate Logistics Hub","2025-03","60609","Gasoline fuel combustion - mobile sources","515.80","L"
"Chicago Interstate Logistics Hub","2025-03","60609","Concrete production - ready-mixed","9133.30","kg"
"Chicago Interstate Logistics Hub","2025-03","60609","Aluminum production - primary","17729.30","kg"
"Chicago Interstate Logistics Hub","2025-03","60609","Paper production - virgin fiber","77364.20","kg"
"Chicago Interstate Logistics Hub","2025-03","60609","Plastic production - general polymers","451.30","kg"
"Chicago Interstate Logistics Hub","2025-03","60609","Road freight transport - heavy truck","333095.90","t-km"
"Chicago Interstate Logistics Hub","2025-03","60609","Air travel - short haul","4083.10","passenger-km"
"Chicago Interstate Logistics Hub","2025-03","60609","Rail freight transport","155802.90","t-km"
"Chicago Interstate Logistics Hub","2025-03","60609","Water consumption - municipal supply","4512.90","m3"
"Chicago Interstate Logistics Hub","2025-03","60609","Waste to landfill - mixed municipal","7736.40","kg"
"Chicago Interstate Logistics Hub","2025-03","60609","Copper production - primary","12034.40","kg"
"Chicago Interstate Logistics Hub","2025-03","60609","Glass production - container glass","26862.60","kg"
"Chicago Interstate Logistics Hub","2025-03","60609","Cotton textile production","1504.30","kg"
"Chicago Interstate Logistics Hub","2025-03","60609","District heating - natural gas boiler","3331.00","kWh"
"Chicago Interstate Logistics Hub","2025-03","60609","Refrigerant use - HFC leakage","0.48","kg"
"Chicago Interstate Logistics Hub","2025-03","60609","General industrial activity","913.30","unit"
"Chicago Interstate Logistics Hub","2025-04","60609","Steel production - basic oxygen furnace","247.20","kg"
"Chicago Interstate Logistics Hub","2025-04","60609","Electricity generation - grid average","10675.70","kWh"
"Chicago Interstate Logistics Hub","2025-04","60609","Natural gas combustion - industrial","1067.60","m3"
"Chicago Interstate Logistics Hub","2025-04","60609","Diesel fuel combustion - mobile sources","2022.80","L"
"Chicago Interstate Logistics Hub","2025-04","60609","Gasoline fuel combustion - mobile sources","539.40","L"
"Chicago Interstate Logistics Hub","2025-04","60609","Concrete production - ready-mixed","9552.00","kg"
"Chicago Interstate Logistics Hub","2025-04","60609","Aluminum production - primary","18542.00","kg"
"Chicago Interstate Logistics Hub","2025-04","60609","Paper production - virgin fiber","80910.70","kg"
"Chicago Interstate Logistics Hub","2025-04","60609","Plastic production - general polymers","472.00","kg"
"Chicago Interstate Logistics Hub","2025-04","60609","Road freight transport - heavy truck","348365.40","t-km"
"Chicago Interstate Logistics Hub","2025-04","60609","Air travel - short haul","4270.30","passenger-km"
"Chicago Interstate Logistics Hub","2025-04","60609","Rail freight transport","162945.10","t-km"
"Chicago Interstate Logistics Hub","2025-04","60609","Water consumption - municipal supply","4719.80","m3"
"Chicago Interstate Logistics Hub","2025-04","60609","Waste to landfill - mixed municipal","8091.10","kg"
"Chicago Interstate Logistics Hub","2025-04","60609","Copper production - primary","12586.10","kg"
"Chicago Interstate Logistics Hub","2025-04","60609","Glass production - container glass","28094.00","kg"
"Chicago Interstate Logistics Hub","2025-04","60609","Cotton textile production","1573.30","kg"
"Chicago Interstate Logistics Hub","2025-04","60609","District heating - natural gas boiler","3483.70","kWh"
"Chicago Interstate Logistics Hub","2025-04","60609","Refrigerant use - HFC leakage","0.51","kg"
"Chicago Interstate Logistics Hub","2025-04","60609","General industrial activity","955.20","unit"
"Chicago Interstate Logistics Hub","2025-05","60609","Steel production - basic oxygen furnace","249.10","kg"
"Chicago Interstate Logistics Hub","2025-05","60609","Electricity generation - grid average","10755.50","kWh"
"Chicago Interstate Logistics Hub","2025-05","60609","Natural gas combustion - industrial","1075.60","m3"
"Chicago Interstate Logistics Hub","2025-05","60609","Diesel fuel combustion - mobile sources","2037.90","L"
"Chicago Interstate Logistics Hub","2025-05","60609","Gasoline fuel combustion - mobile sources","543.40","L"
"Chicago Interstate Logistics Hub","2025-05","60609","Concrete production - ready-mixed","9623.40","kg"
"Chicago Interstate Logistics Hub","2025-05","60609","Aluminum production - primary","18680.70","kg"
"Chicago Interstate Logistics Hub","2025-05","60609","Paper production - virgin fiber","81515.60","kg"
"Chicago Interstate Logistics Hub","2025-05","60609","Plastic production - general polymers","475.50","kg"
"Chicago Interstate Logistics Hub","2025-05","60609","Road freight transport - heavy truck","350969.90","t-km"
"Chicago Interstate Logistics Hub","2025-05","60609","Air travel - short haul","4302.20","passenger-km"
"Chicago Interstate Logistics Hub","2025-05","60609","Rail freight transport","164163.30","t-km"
"Chicago Interstate Logistics Hub","2025-05","60609","Water consumption - municipal supply","4755.10","m3"
"Chicago Interstate Logistics Hub","2025-05","60609","Waste to landfill - mixed municipal","8151.60","kg"
"Chicago Interstate Logistics Hub","2025-05","60609","Copper production - primary","12680.20","kg"
"Chicago Interstate Logistics Hub","2025-05","60609","Glass production - container glass","28304.00","kg"
"Chicago Interstate Logistics Hub","2025-05","60609","Cotton textile production","1585.00","kg"
"Chicago Interstate Logistics Hub","2025-05","60609","District heating - natural gas boiler","3509.70","kWh"
"Chicago Interstate Logistics Hub","2025-05","60609","Refrigerant use - HFC leakage","0.51","kg"
"Chicago Interstate Logistics Hub","2025-05","60609","General industrial activity","962.30","unit"
"Chicago Interstate Logistics Hub","2025-06","60609","Steel production - basic oxygen furnace","245.70","kg"
"Chicago Interstate Logistics Hub","2025-06","60609","Electricity generation - grid average","10611.90","kWh"
"Chicago Interstate Logistics Hub","2025-06","60609","Natural gas combustion - industrial","1061.20","m3"
"Chicago Interstate Logistics Hub","2025-06","60609","Diesel fuel combustion - mobile sources","2010.70","L"
"Chicago Interstate Logistics Hub","2025-06","60609","Gasoline fuel combustion - mobile sources","536.20","L"
"Chicago Interstate Logistics Hub","2025-06","60609","Concrete production - ready-mixed","9494.80","kg"
"Chicago Interstate Logistics Hub","2025-06","60609","Aluminum production - primary","18431.10","kg"
"Chicago Interstate Logistics Hub","2025-06","60609","Paper production - virgin fiber","80426.80","kg"
"Chicago Interstate Logistics Hub","2025-06","60609","Plastic production - general polymers","469.20","kg"
"Chicago Interstate Logistics Hub","2025-06","60609","Road freight transport - heavy truck","346282.00","t-km"
"Chicago Interstate Logistics Hub","2025-06","60609","Air travel - short haul","4244.70","passenger-km"
"Chicago Interstate Logistics Hub","2025-06","60609","Rail freight transport","161970.60","t-km"
"Chicago Interstate Logistics Hub","2025-06","60609","Water consumption - municipal supply","4691.60","m3"
"Chicago Interstate Logistics Hub","2025-06","60609","Waste to landfill - mixed municipal","8042.70","kg"
"Chicago Interstate Logistics Hub","2025-06","60609","Copper production - primary","12510.80","kg"
"Chicago Interstate Logistics Hub","2025-06","60609","Glass production - container glass","27926.00","kg"
"Chicago Interstate Logistics Hub","2025-06","60609","Cotton textile production","1563.90","kg"
"Chicago Interstate Logistics Hub","2025-06","60609","District heating - natural gas boiler","3462.80","kWh"
"Chicago Interstate Logistics Hub","2025-06","60609","Refrigerant use - HFC leakage","0.50","kg"
"Chicago Interstate Logistics Hub","2025-06","60609","General industrial activity","949.50","unit"
"Chicago Interstate Logistics Hub","2025-07","60609","Steel production - basic oxygen furnace","253.00","kg"
"Chicago Interstate Logistics Hub","2025-07","60609","Electricity generation - grid average","10926.40","kWh"
"Chicago Interstate Logistics Hub","2025-07","60609","Natural gas combustion - industrial","1092.60","m3"
"Chicago Interstate Logistics Hub","2025-07","60609","Diesel fuel combustion - mobile sources","2070.30","L"
"Chicago Interstate Logistics Hub","2025-07","60609","Gasoline fuel combustion - mobile sources","552.10","L"
"Chicago Interstate Logistics Hub","2025-07","60609","Concrete production - ready-mixed","9776.30","kg"
"Chicago Interstate Logistics Hub","2025-07","60609","Aluminum production - primary","18977.50","kg"
"Chicago Interstate Logistics Hub","2025-07","60609","Paper production - virgin fiber","82810.80","kg"
"Chicago Interstate Logistics Hub","2025-07","60609","Plastic production - general polymers","483.10","kg"
"Chicago Interstate Logistics Hub","2025-07","60609","Road freight transport - heavy truck","356546.70","t-km"
"Chicago Interstate Logistics Hub","2025-07","60609","Air travel - short haul","4370.60","passenger-km"
"Chicago Interstate Logistics Hub","2025-07","60609","Rail freight transport","166771.80","t-km"
"Chicago Interstate Logistics Hub","2025-07","60609","Water consumption - municipal supply","4830.60","m3"
"Chicago Interstate Logistics Hub","2025-07","60609","Waste to landfill - mixed municipal","8281.10","kg"
"Chicago Interstate Logistics Hub","2025-07","60609","Copper production - primary","12881.70","kg"
"Chicago Interstate Logistics Hub","2025-07","60609","Glass production - container glass","28753.80","kg"
"Chicago Interstate Logistics Hub","2025-07","60609","Cotton textile production","1610.20","kg"
"Chicago Interstate Logistics Hub","2025-07","60609","District heating - natural gas boiler","3565.50","kWh"
"Chicago Interstate Logistics Hub","2025-07","60609","Refrigerant use - HFC leakage","0.52","kg"
"Chicago Interstate Logistics Hub","2025-07","60609","General industrial activity","977.60","unit"
"Chicago Interstate Logistics Hub","2025-08","60609","Steel production - basic oxygen furnace","262.90","kg"
"Chicago Interstate Logistics Hub","2025-08","60609","Electricity generation - grid average","11351.10","kWh"
"Chicago Interstate Logistics Hub","2025-08","60609","Natural gas combustion - industrial","1135.10","m3"
"Chicago Interstate Logistics Hub","2025-08","60609","Diesel fuel combustion - mobile sources","2150.70","L"
"Chicago Interstate Logistics Hub","2025-08","60609","Gasoline fuel combustion - mobile sources","573.50","L"
"Chicago Interstate Logistics Hub","2025-08","60609","Concrete production - ready-mixed","10156.20","kg"
"Chicago Interstate Logistics Hub","2025-08","60609","Aluminum production - primary","19715.00","kg"
"Chicago Interstate Logistics Hub","2025-08","60609","Paper production - virgin fiber","86029.30","kg"
"Chicago Interstate Logistics Hub","2025-08","60609","Plastic production - general polymers","501.80","kg"
"Chicago Interstate Logistics Hub","2025-08","60609","Road freight transport - heavy truck","370403.70","t-km"
"Chicago Interstate Logistics Hub","2025-08","60609","Air travel - short haul","4540.40","passenger-km"
"Chicago Interstate Logistics Hub","2025-08","60609","Rail freight transport","173253.40","t-km"
"Chicago Interstate Logistics Hub","2025-08","60609","Water consumption - municipal supply","5018.40","m3"
"Chicago Interstate Logistics Hub","2025-08","60609","Waste to landfill - mixed municipal","8602.90","kg"
"Chicago Interstate Logistics Hub","2025-08","60609","Copper production - primary","13382.30","kg"
"Chicago Interstate Logistics Hub","2025-08","60609","Glass production - container glass","29871.30","kg"
"Chicago Interstate Logistics Hub","2025-08","60609","Cotton textile production","1672.80","kg"
"Chicago Interstate Logistics Hub","2025-08","60609","District heating - natural gas boiler","3704.00","kWh"
"Chicago Interstate Logistics Hub","2025-08","60609","Refrigerant use - HFC leakage","0.54","kg"
"Chicago Interstate Logistics Hub","2025-08","60609","General industrial activity","1015.60","unit"
"Chicago Interstate Logistics Hub","2025-09","60609","Steel production - basic oxygen furnace","261.10","kg"
"Chicago Interstate Logistics Hub","2025-09","60609","Electricity generation - grid average","11275.40","kWh"
"Chicago Interstate Logistics Hub","2025-09","60609","Natural gas combustion - industrial","1127.50","m3"
"Chicago Interstate Logistics Hub","2025-09","60609","Diesel fuel combustion - mobile sources","2136.40","L"
"Chicago Interstate Logistics Hub","2025-09","60609","Gasoline fuel combustion - mobile sources","569.70","L"
"Chicago Interstate Logistics Hub","2025-09","60609","Concrete production - ready-mixed","10088.50","kg"
"Chicago Interstate Logistics Hub","2025-09","60609","Aluminum production - primary","19583.60","kg"
"Chicago Interstate Logistics Hub","2025-09","60609","Paper production - virgin fiber","85455.80","kg"
"Chicago Interstate Logistics Hub","2025-09","60609","Plastic production - general polymers","498.50","kg"
"Chicago Interstate Logistics Hub","2025-09","60609","Road freight transport - heavy truck","367934.60","t-km"
"Chicago Interstate Logistics Hub","2025-09","60609","Air travel - short haul","4510.20","passenger-km"
"Chicago Interstate Logistics Hub","2025-09","60609","Rail freight transport","172098.50","t-km"
"Chicago Interstate Logistics Hub","2025-09","60609","Water consumption - municipal supply","4984.90","m3"
"Chicago Interstate Logistics Hub","2025-09","60609","Waste to landfill - mixed municipal","8545.60","kg"
"Chicago Interstate Logistics Hub","2025-09","60609","Copper production - primary","13293.10","kg"
"Chicago Interstate Logistics Hub","2025-09","60609","Glass production - container glass","29672.10","kg"
"Chicago Interstate Logistics Hub","2025-09","60609","Cotton textile production","1661.60","kg"
"Chicago Interstate Logistics Hub","2025-09","60609","District heating - natural gas boiler","3679.30","kWh"
"Chicago Interstate Logistics Hub","2025-09","60609","Refrigerant use - HFC leakage","0.53","kg"
"Chicago Interstate Logistics Hub","2025-09","60609","General industrial activity","1008.90","unit"
"Chicago Interstate Logistics Hub","2025-10","60609","Steel production - basic oxygen furnace","259.80","kg"
"Chicago Interstate Logistics Hub","2025-10","60609","Electricity generation - grid average","11217.40","kWh"
"Chicago Interstate Logistics Hub","2025-10","60609","Natural gas combustion - industrial","1121.70","m3"
"Chicago Interstate Logistics Hub","2025-10","60609","Diesel fuel combustion - mobile sources","2125.40","L"
"Chicago Interstate Logistics Hub","2025-10","60609","Gasoline fuel combustion - mobile sources","566.80","L"
"Chicago Interstate Logistics Hub","2025-10","60609","Concrete production - ready-mixed","10036.70","kg"
"Chicago Interstate Logistics Hub","2025-10","60609","Aluminum production - primary","19482.90","kg"
"Chicago Interstate Logistics Hub","2025-10","60609","Paper production - virgin fiber","85016.30","kg"
"Chicago Interstate Logistics Hub","2025-10","60609","Plastic production - general polymers","495.90","kg"
"Chicago Interstate Logistics Hub","2025-10","60609","Road freight transport - heavy truck","366042.60","t-km"
"Chicago Interstate Logistics Hub","2025-10","60609","Air travel - short haul","4487.00","passenger-km"
"Chicago Interstate Logistics Hub","2025-10","60609","Rail freight transport","171213.50","t-km"
"Chicago Interstate Logistics Hub","2025-10","60609","Water consumption - municipal supply","4959.30","m3"
"Chicago Interstate Logistics Hub","2025-10","60609","Waste to landfill - mixed municipal","8501.60","kg"
"Chicago Interstate Logistics Hub","2025-10","60609","Copper production - primary","13224.80","kg"
"Chicago Interstate Logistics Hub","2025-10","60609","Glass production - container glass","29519.60","kg"
"Chicago Interstate Logistics Hub","2025-10","60609","Cotton textile production","1653.10","kg"
"Chicago Interstate Logistics Hub","2025-10","60609","District heating - natural gas boiler","3660.40","kWh"
"Chicago Interstate Logistics Hub","2025-10","60609","Refrigerant use - HFC leakage","0.53","kg"
"Chicago Interstate Logistics Hub","2025-10","60609","General industrial activity","1003.70","unit"
"Morenci Copper Refinery","2025-01","85540","Steel production - basic oxygen furnace","219.40","kg"
"Morenci Copper Refinery","2025-01","85540","Electricity generation - grid average","9474.00","kWh"
"Morenci Copper Refinery","2025-01","85540","Natural gas combustion - industrial","947.40","m3"
"Morenci Copper Refinery","2025-01","85540","Diesel fuel combustion - mobile sources","1795.10","L"
"Morenci Copper Refinery","2025-01","85540","Gasoline fuel combustion - mobile sources","478.70","L"
"Morenci Copper Refinery","2025-01","85540","Concrete production - ready-mixed","8476.70","kg"
"Morenci Copper Refinery","2025-01","85540","Aluminum production - primary","16454.80","kg"
"Morenci Copper Refinery","2025-01","85540","Paper production - virgin fiber","71802.60","kg"
"Morenci Copper Refinery","2025-01","85540","Plastic production - general polymers","418.80","kg"
"Morenci Copper Refinery","2025-01","85540","Road freight transport - heavy truck","309150.00","t-km"
"Morenci Copper Refinery","2025-01","85540","Air travel - short haul","3789.60","passenger-km"
"Morenci Copper Refinery","2025-01","85540","Rail freight transport","144602.40","t-km"
"Morenci Copper Refinery","2025-01","85540","Water consumption - municipal supply","4188.50","m3"
"Morenci Copper Refinery","2025-01","85540","Waste to landfill - mixed municipal","7180.30","kg"
"Morenci Copper Refinery","2025-01","85540","Copper production - primary","11169.30","kg"
"Morenci Copper Refinery","2025-01","85540","Glass production - container glass","24931.50","kg"
"Morenci Copper Refinery","2025-01","85540","Cotton textile production","1396.20","kg"
"Morenci Copper Refinery","2025-01","85540","District heating - natural gas boiler","3091.50","kWh"
"Morenci Copper Refinery","2025-01","85540","Refrigerant use - HFC leakage","0.45","kg"
"Morenci Copper Refinery","2025-01","85540","General industrial activity","847.70","unit"
"Morenci Copper Refinery","2025-02","85540","Steel production - basic oxygen furnace","229.30","kg"
"Morenci Copper Refinery","2025-02","85540","Electricity generation - grid average","9902.20","kWh"
"Morenci Copper Refinery","2025-02","85540","Natural gas combustion - industrial","990.20","m3"
"Morenci Copper Refinery","2025-02","85540","Diesel fuel combustion - mobile sources","1876.20","L"
"Morenci Copper Refinery","2025-02","85540","Gasoline fuel combustion - mobile sources","500.30","L"
"Morenci Copper Refinery","2025-02","85540","Concrete production - ready-mixed","8859.90","kg"
"Morenci Copper Refinery","2025-02","85540","Aluminum production - primary","17198.60","kg"
"Morenci Copper Refinery","2025-02","85540","Paper production - virgin fiber","75048.30","kg"
"Morenci Copper Refinery","2025-02","85540","Plastic production - general polymers","437.80","kg"
"Morenci Copper Refinery","2025-02","85540","Road freight transport - heavy truck","323124.70","t-km"
"Morenci Copper Refinery","2025-02","85540","Air travel - short haul","3960.90","passenger-km"
"Morenci Copper Refinery","2025-02","85540","Rail freight transport","151139.00","t-km"
"Morenci Copper Refinery","2025-02","85540","Water consumption - municipal supply","4377.80","m3"
"Morenci Copper Refinery","2025-02","85540","Waste to landfill - mixed municipal","7504.80","kg"
"Morenci Copper Refinery","2025-02","85540","Copper production - primary","11674.20","kg"
"Morenci Copper Refinery","2025-02","85540","Glass production - container glass","26058.40","kg"
"Morenci Copper Refinery","2025-02","85540","Cotton textile production","1459.30","kg"
"Morenci Copper Refinery","2025-02","85540","District heating - natural gas boiler","3231.20","kWh"
"Morenci Copper Refinery","2025-02","85540","Refrigerant use - HFC leakage","0.47","kg"
"Morenci Copper Refinery","2025-02","85540","General industrial activity","886.00","unit"
"Morenci Copper Refinery","2025-03","85540","Steel production - basic oxygen furnace","230.10","kg"
"Morenci Copper Refinery","2025-03","85540","Electricity generation - grid average","9934.30","kWh"
"Morenci Copper Refinery","2025-03","85540","Natural gas combustion - industrial","993.40","m3"
"Morenci Copper Refinery","2025-03","85540","Diesel fuel combustion - mobile sources","1882.30","L"
"Morenci Copper Refinery","2025-03","85540","Gasoline fuel combustion - mobile sources","501.90","L"
"Morenci Copper Refinery","2025-03","85540","Concrete production - ready-mixed","8888.60","kg"
"Morenci Copper Refinery","2025-03","85540","Aluminum production - primary","17254.30","kg"
"Morenci Copper Refinery","2025-03","85540","Paper production - virgin fiber","75291.40","kg"
"Morenci Copper Refinery","2025-03","85540","Plastic production - general polymers","439.20","kg"
"Morenci Copper Refinery","2025-03","85540","Road freight transport - heavy truck","324171.40","t-km"
"Morenci Copper Refinery","2025-03","85540","Air travel - short haul","3973.70","passenger-km"
"Morenci Copper Refinery","2025-03","85540","Rail freight transport","151628.50","t-km"
"Morenci Copper Refinery","2025-03","85540","Water consumption - municipal supply","4392.00","m3"
"Morenci Copper Refinery","2025-03","85540","Waste to landfill - mixed municipal","7529.10","kg"
"Morenci Copper Refinery","2025-03","85540","Copper production - primary","11712.00","kg"
"Morenci Copper Refinery","2025-03","85540","Glass production - container glass","26142.90","kg"
"Morenci Copper Refinery","2025-03","85540","Cotton textile production","1464.00","kg"
"Morenci Copper Refinery","2025-03","85540","District heating - natural gas boiler","3241.70","kWh"
"Morenci Copper Refinery","2025-03","85540","Refrigerant use - HFC leakage","0.47","kg"
"Morenci Copper Refinery","2025-03","85540","General industrial activity","888.90","unit"
"Morenci Copper Refinery","2025-04","85540","Steel production - basic oxygen furnace","227.60","kg"
"Morenci Copper Refinery","2025-04","85540","Electricity generation - grid average","9827.40","kWh"
"Morenci Copper Refinery","2025-04","85540","Natural gas combustion - industrial","982.70","m3"
"Morenci Copper Refinery","2025-04","85540","Diesel fuel combustion - mobile sources","1862.00","L"
"Morenci Copper Refinery","2025-04","85540","Gasoline fuel combustion - mobile sources","496.50","L"
"Morenci Copper Refinery","2025-04","85540","Concrete production - ready-mixed","8793.00","kg"
"Morenci Copper Refinery","2025-04","85540","Aluminum production - primary","17068.70","kg"
"Morenci Copper Refinery","2025-04","85540","Paper production - virgin fiber","74481.50","kg"
"Morenci Copper Refinery","2025-04","85540","Plastic production - general polymers","434.50","kg"
"Morenci Copper Refinery","2025-04","85540","Road freight transport - heavy truck","320684.10","t-km"
"Morenci Copper Refinery","2025-04","85540","Air travel - short haul","3931.00","passenger-km"
"Morenci Copper Refinery","2025-04","85540","Rail freight transport","149997.40","t-km"
"Morenci Copper Refinery","2025-04","85540","Water consumption - municipal supply","4344.80","m3"
"Morenci Copper Refinery","2025-04","85540","Waste to landfill - mixed municipal","7448.10","kg"
"Morenci Copper Refinery","2025-04","85540","Copper production - primary","11586.00","kg"
"Morenci Copper Refinery","2025-04","85540","Glass production - container glass","25861.60","kg"
"Morenci Copper Refinery","2025-04","85540","Cotton textile production","1448.30","kg"
"Morenci Copper Refinery","2025-04","85540","District heating - natural gas boiler","3206.80","kWh"
"Morenci Copper Refinery","2025-04","85540","Refrigerant use - HFC leakage","0.47","kg"
"Morenci Copper Refinery","2025-04","85540","General industrial activity","879.30","unit"
"Morenci Copper Refinery","2025-05","85540","Steel production - basic oxygen furnace","235.40","kg"
"Morenci Copper Refinery","2025-05","85540","Electricity generation - grid average","10165.30","kWh"
"Morenci Copper Refinery","2025-05","85540","Natural gas combustion - industrial","1016.50","m3"
"Morenci Copper Refinery","2025-05","85540","Diesel fuel combustion - mobile sources","1926.10","L"
"Morenci Copper Refinery","2025-05","85540","Gasoline fuel combustion - mobile sources","513.60","L"
"Morenci Copper Refinery","2025-05","85540","Concrete production - ready-mixed","9095.30","kg"
"Morenci Copper Refinery","2025-05","85540","Aluminum production - primary","17655.60","kg"
"Morenci Copper Refinery","2025-05","85540","Paper production - virgin fiber","77042.40","kg"
"Morenci Copper Refinery","2025-05","85540","Plastic production - general polymers","449.40","kg"
"Morenci Copper Refinery","2025-05","85540","Road freight transport - heavy truck","331710.40","t-km"
"Morenci Copper Refinery","2025-05","85540","Air travel - short haul","4066.10","passenger-km"
"Morenci Copper Refinery","2025-05","85540","Rail freight transport","155154.90","t-km"
"Morenci Copper Refinery","2025-05","85540","Water consumption - municipal supply","4494.10","m3"
"Morenci Copper Refinery","2025-05","85540","Waste to landfill - mixed municipal","7704.20","kg"
"Morenci Copper Refinery","2025-05","85540","Copper production - primary","11984.40","kg"
"Morenci Copper Refinery","2025-05","85540","Glass production - container glass","26750.80","kg"
"Morenci Copper Refinery","2025-05","85540","Cotton textile production","1498.00","kg"
"Morenci Copper Refinery","2025-05","85540","District heating - natural gas boiler","3317.10","kWh"
"Morenci Copper Refinery","2025-05","85540","Refrigerant use - HFC leakage","0.48","kg"
"Morenci Copper Refinery","2025-05","85540","General industrial activity","909.50","unit"
"Morenci Copper Refinery","2025-06","85540","Steel production - basic oxygen furnace","243.80","kg"
"Morenci Copper Refinery","2025-06","85540","Electricity generation - grid average","10529.90","kWh"
"Morenci Copper Refinery","2025-06","85540","Natural gas combustion - industrial","1053.00","m3"
"Morenci Copper Refinery","2025-06","85540","Diesel fuel combustion - mobile sources","1995.10","L"
"Morenci Copper Refinery","2025-06","85540","Gasoline fuel combustion - mobile sources","532.00","L"
"Morenci Copper Refinery","2025-06","85540","Concrete production - ready-mixed","9421.50","kg"
"Morenci Copper Refinery","2025-06","85540","Aluminum production - primary","18288.70","kg"
"Morenci Copper Refinery","2025-06","85540","Paper production - virgin fiber","79805.40","kg"
"Morenci Copper Refinery","2025-06","85540","Plastic production - general polymers","465.50","kg"
"Morenci Copper Refinery","2025-06","85540","Road freight transport - heavy truck","343606.60","t-km"
"Morenci Copper Refinery","2025-06","85540","Air travel - short haul","4212.00","passenger-km"
"Morenci Copper Refinery","2025-06","85540","Rail freight transport","160719.20","t-km"
"Morenci Copper Refinery","2025-06","85540","Water consumption - municipal supply","4655.30","m3"
"Morenci Copper Refinery","2025-06","85540","Waste to landfill - mixed municipal","7980.50","kg"
"Morenci Copper Refinery","2025-06","85540","Copper production - primary","12414.20","kg"
"Morenci Copper Refinery","2025-06","85540","Glass production - container glass","27710.20","kg"
"Morenci Copper Refinery","2025-06","85540","Cotton textile production","1551.80","kg"
"Morenci Copper Refinery","2025-06","85540","District heating - natural gas boiler","3436.10","kWh"
"Morenci Copper Refinery","2025-06","85540","Refrigerant use - HFC leakage","0.50","kg"
"Morenci Copper Refinery","2025-06","85540","General industrial activity","942.10","unit"
"Morenci Copper Refinery","2025-07","85540","Steel production - basic oxygen furnace","241.50","kg"
"Morenci Copper Refinery","2025-07","85540","Electricity generation - grid average","10429.40","kWh"
"Morenci Copper Refinery","2025-07","85540","Natural gas combustion - industrial","1042.90","m3"
"Morenci Copper Refinery","2025-07","85540","Diesel fuel combustion - mobile sources","1976.10","L"
"Morenci Copper Refinery","2025-07","85540","Gasoline fuel combustion - mobile sources","527.00","L"
"Morenci Copper Refinery","2025-07","85540","Concrete production - ready-mixed","9331.60","kg"
"Morenci Copper Refinery","2025-07","85540","Aluminum production - primary","18114.20","kg"
"Morenci Copper Refinery","2025-07","85540","Paper production - virgin fiber","79044.00","kg"
"Morenci Copper Refinery","2025-07","85540","Plastic production - general polymers","461.10","kg"
"Morenci Copper Refinery","2025-07","85540","Road freight transport - heavy truck","340328.20","t-km"
"Morenci Copper Refinery","2025-07","85540","Air travel - short haul","4171.80","passenger-km"
"Morenci Copper Refinery","2025-07","85540","Rail freight transport","159185.80","t-km"
"Morenci Copper Refinery","2025-07","85540","Water consumption - municipal supply","4610.90","m3"
"Morenci Copper Refinery","2025-07","85540","Waste to landfill - mixed municipal","7904.40","kg"
"Morenci Copper Refinery","2025-07","85540","Copper production - primary","12295.70","kg"
"Morenci Copper Refinery","2025-07","85540","Glass production - container glass","27445.80","kg"
"Morenci Copper Refinery","2025-07","85540","Cotton textile production","1537.00","kg"
"Morenci Copper Refinery","2025-07","85540","District heating - natural gas boiler","3403.30","kWh"
"Morenci Copper Refinery","2025-07","85540","Refrigerant use - HFC leakage","0.49","kg"
"Morenci Copper Refinery","2025-07","85540","General industrial activity","933.20","unit"
"Morenci Copper Refinery","2025-08","85540","Steel production - basic oxygen furnace","241.40","kg"
"Morenci Copper Refinery","2025-08","85540","Electricity generation - grid average","10423.20","kWh"
"Morenci Copper Refinery","2025-08","85540","Natural gas combustion - industrial","1042.30","m3"
"Morenci Copper Refinery","2025-08","85540","Diesel fuel combustion - mobile sources","1974.90","L"
"Morenci Copper Refinery","2025-08","85540","Gasoline fuel combustion - mobile sources","526.60","L"
"Morenci Copper Refinery","2025-08","85540","Concrete production - ready-mixed","9326.10","kg"
"Morenci Copper Refinery","2025-08","85540","Aluminum production - primary","18103.50","kg"
"Morenci Copper Refinery","2025-08","85540","Paper production - virgin fiber","78997.20","kg"
"Morenci Copper Refinery","2025-08","85540","Plastic production - general polymers","460.80","kg"
"Morenci Copper Refinery","2025-08","85540","Road freight transport - heavy truck","340127.00","t-km"
"Morenci Copper Refinery","2025-08","85540","Air travel - short haul","4169.30","passenger-km"
"Morenci Copper Refinery","2025-08","85540","Rail freight transport","159091.70","t-km"
"Morenci Copper Refinery","2025-08","85540","Water consumption - municipal supply","4608.20","m3"
"Morenci Copper Refinery","2025-08","85540","Waste to landfill - mixed municipal","7899.70","kg"
"Morenci Copper Refinery","2025-08","85540","Copper production - primary","12288.50","kg"
"Morenci Copper Refinery","2025-08","85540","Glass production - container glass","27429.60","kg"
"Morenci Copper Refinery","2025-08","85540","Cotton textile production","1536.10","kg"
"Morenci Copper Refinery","2025-08","85540","District heating - natural gas boiler","3401.30","kWh"
"Morenci Copper Refinery","2025-08","85540","Refrigerant use - HFC leakage","0.49","kg"
"Morenci Copper Refinery","2025-08","85540","General industrial activity","932.60","unit"
"Morenci Copper Refinery","2025-09","85540","Steel production - basic oxygen furnace","251.70","kg"
"Morenci Copper Refinery","2025-09","85540","Electricity generation - grid average","10870.90","kWh"
"Morenci Copper Refinery","2025-09","85540","Natural gas combustion - industrial","1087.10","m3"
"Morenci Copper Refinery","2025-09","85540","Diesel fuel combustion - mobile sources","2059.70","L"
"Morenci Copper Refinery","2025-09","85540","Gasoline fuel combustion - mobile sources","549.30","L"
"Morenci Copper Refinery","2025-09","85540","Concrete production - ready-mixed","9726.60","kg"
"Morenci Copper Refinery","2025-09","85540","Aluminum production - primary","18881.00","kg"
"Morenci Copper Refinery","2025-09","85540","Paper production - virgin fiber","82390.00","kg"
"Morenci Copper Refinery","2025-09","85540","Plastic production - general polymers","480.60","kg"
"Morenci Copper Refinery","2025-09","85540","Road freight transport - heavy truck","354734.70","t-km"
"Morenci Copper Refinery","2025-09","85540","Air travel - short haul","4348.40","passenger-km"
"Morenci Copper Refinery","2025-09","85540","Rail freight transport","165924.30","t-km"
"Morenci Copper Refinery","2025-09","85540","Water consumption - municipal supply","4806.10","m3"
"Morenci Copper Refinery","2025-09","85540","Waste to landfill - mixed municipal","8239.00","kg"
"Morenci Copper Refinery","2025-09","85540","Copper production - primary","12816.20","kg"
"Morenci Copper Refinery","2025-09","85540","Glass production - container glass","28607.60","kg"
"Morenci Copper Refinery","2025-09","85540","Cotton textile production","1602.00","kg"
"Morenci Copper Refinery","2025-09","85540","District heating - natural gas boiler","3547.30","kWh"
"Morenci Copper Refinery","2025-09","85540","Refrigerant use - HFC leakage","0.51","kg"
"Morenci Copper Refinery","2025-09","85540","General industrial activity","972.70","unit"
"Morenci Copper Refinery","2025-10","85540","Steel production - basic oxygen furnace","257.10","kg"
"Morenci Copper Refinery","2025-10","85540","Electricity generation - grid average","11102.80","kWh"
"Morenci Copper Refinery","2025-10","85540","Natural gas combustion - industrial","1110.30","m3"
"Morenci Copper Refinery","2025-10","85540","Diesel fuel combustion - mobile sources","2103.70","L"
"Morenci Copper Refinery","2025-10","85540","Gasoline fuel combustion - mobile sources","561.00","L"
"Morenci Copper Refinery","2025-10","85540","Concrete production - ready-mixed","9934.10","kg"
"Morenci Copper Refinery","2025-10","85540","Aluminum production - primary","19283.80","kg"
"Morenci Copper Refinery","2025-10","85540","Paper production - virgin fiber","84147.60","kg"
"Morenci Copper Refinery","2025-10","85540","Plastic production - general polymers","490.90","kg"
"Morenci Copper Refinery","2025-10","85540","Road freight transport - heavy truck","362302.30","t-km"
"Morenci Copper Refinery","2025-10","85540","Air travel - short haul","4441.10","passenger-km"
"Morenci Copper Refinery","2025-10","85540","Rail freight transport","169464.00","t-km"
"Morenci Copper Refinery","2025-10","85540","Water consumption - municipal supply","4908.60","m3"
"Morenci Copper Refinery","2025-10","85540","Waste to landfill - mixed municipal","8414.80","kg"
"Morenci Copper Refinery","2025-10","85540","Copper production - primary","13089.60","kg"
"Morenci Copper Refinery","2025-10","85540","Glass production - container glass","29217.90","kg"
"Morenci Copper Refinery","2025-10","85540","Cotton textile production","1636.20","kg"
"Morenci Copper Refinery","2025-10","85540","District heating - natural gas boiler","3623.00","kWh"
"Morenci Copper Refinery","2025-10","85540","Refrigerant use - HFC leakage","0.53","kg"
"Morenci Copper Refinery","2025-10","85540","General industrial activity","993.40","unit"
"Allentown Glass Packaging Works","2025-01","18103","Steel production - basic oxygen furnace","193.60","kg"
"Allentown Glass Packaging Works","2025-01","18103","Electricity generation - grid average","8358.20","kWh"
"Allentown Glass Packaging Works","2025-01","18103","Natural gas combustion - industrial","835.80","m3"
"Allentown Glass Packaging Works","2025-01","18103","Diesel fuel combustion - mobile sources","1583.70","L"
"Allentown Glass Packaging Works","2025-01","18103","Gasoline fuel combustion - mobile sources","422.30","L"
"Allentown Glass Packaging Works","2025-01","18103","Concrete production - ready-mixed","7478.40","kg"
"Allentown Glass Packaging Works","2025-01","18103","Aluminum production - primary","14516.80","kg"
"Allentown Glass Packaging Works","2025-01","18103","Paper production - virgin fiber","63346.10","kg"
"Allentown Glass Packaging Works","2025-01","18103","Plastic production - general polymers","369.50","kg"
"Allentown Glass Packaging Works","2025-01","18103","Road freight transport - heavy truck","272740.10","t-km"
"Allentown Glass Packaging Works","2025-01","18103","Air travel - short haul","3343.30","passenger-km"
"Allentown Glass Packaging Works","2025-01","18103","Rail freight transport","127572.00","t-km"
"Allentown Glass Packaging Works","2025-01","18103","Water consumption - municipal supply","3695.20","m3"
"Allentown Glass Packaging Works","2025-01","18103","Waste to landfill - mixed municipal","6334.60","kg"
"Allentown Glass Packaging Works","2025-01","18103","Copper production - primary","9853.80","kg"
"Allentown Glass Packaging Works","2025-01","18103","Glass production - container glass","21995.20","kg"
"Allentown Glass Packaging Works","2025-01","18103","Cotton textile production","1231.70","kg"
"Allentown Glass Packaging Works","2025-01","18103","District heating - natural gas boiler","2727.40","kWh"
"Allentown Glass Packaging Works","2025-01","18103","Refrigerant use - HFC leakage","0.40","kg"
"Allentown Glass Packaging Works","2025-01","18103","General industrial activity","747.80","unit"
"Allentown Glass Packaging Works","2025-02","18103","Steel production - basic oxygen furnace","194.10","kg"
"Allentown Glass Packaging Works","2025-02","18103","Electricity generation - grid average","8383.40","kWh"
"Allentown Glass Packaging Works","2025-02","18103","Natural gas combustion - industrial","838.30","m3"
"Allentown Glass Packaging Works","2025-02","18103","Diesel fuel combustion - mobile sources","1588.40","L"
"Allentown Glass Packaging Works","2025-02","18103","Gasoline fuel combustion - mobile sources","423.60","L"
"Allentown Glass Packaging Works","2025-02","18103","Concrete production - ready-mixed","7500.90","kg"
"Allentown Glass Packaging Works","2025-02","18103","Aluminum production - primary","14560.60","kg"
"Allentown Glass Packaging Works","2025-02","18103","Paper production - virgin fiber","63537.40","kg"
"Allentown Glass Packaging Works","2025-02","18103","Plastic production - general polymers","370.60","kg"
"Allentown Glass Packaging Works","2025-02","18103","Road freight transport - heavy truck","273563.60","t-km"
"Allentown Glass Packaging Works","2025-02","18103","Air travel - short haul","3353.40","passenger-km"
"Allentown Glass Packaging Works","2025-02","18103","Rail freight transport","127957.20","t-km"
"Allentown Glass Packaging Works","2025-02","18103","Water consumption - municipal supply","3706.30","m3"
"Allentown Glass Packaging Works","2025-02","18103","Waste to landfill - mixed municipal","6353.70","kg"
"Allentown Glass Packaging Works","2025-02","18103","Copper production - primary","9883.60","kg"
"Allentown Glass Packaging Works","2025-02","18103","Glass production - container glass","22061.60","kg"
"Allentown Glass Packaging Works","2025-02","18103","Cotton textile production","1235.40","kg"
"Allentown Glass Packaging Works","2025-02","18103","District heating - natural gas boiler","2735.60","kWh"
"Allentown Glass Packaging Works","2025-02","18103","Refrigerant use - HFC leakage","0.40","kg"
"Allentown Glass Packaging Works","2025-02","18103","General industrial activity","750.10","unit"
"Allentown Glass Packaging Works","2025-03","18103","Steel production - basic oxygen furnace","192.10","kg"
"Allentown Glass Packaging Works","2025-03","18103","Electricity generation - grid average","8297.30","kWh"
"Allentown Glass Packaging Works","2025-03","18103","Natural gas combustion - industrial","829.70","m3"
"Allentown Glass Packaging Works","2025-03","18103","Diesel fuel combustion - mobile sources","1572.10","L"
"Allentown Glass Packaging Works","2025-03","18103","Gasoline fuel combustion - mobile sources","419.20","L"
"Allentown Glass Packaging Works","2025-03","18103","Concrete production - ready-mixed","7423.90","kg"
"Allentown Glass Packaging Works","2025-03","18103","Aluminum production - primary","14411.10","kg"
"Allentown Glass Packaging Works","2025-03","18103","Paper production - virgin fiber","62884.80","kg"
"Allentown Glass Packaging Works","2025-03","18103","Plastic production - general polymers","366.80","kg"
"Allentown Glass Packaging Works","2025-03","18103","Road freight transport - heavy truck","270754.20","t-km"
"Allentown Glass Packaging Works","2025-03","18103","Air travel - short haul","3318.90","passenger-km"
"Allentown Glass Packaging Works","2025-03","18103","Rail freight transport","126643.10","t-km"
"Allentown Glass Packaging Works","2025-03","18103","Water consumption - municipal supply","3668.30","m3"
"Allentown Glass Packaging Works","2025-03","18103","Waste to landfill - mixed municipal","6288.50","kg"
"Allentown Glass Packaging Works","2025-03","18103","Copper production - primary","9782.10","kg"
"Allentown Glass Packaging Works","2025-03","18103","Glass production - container glass","21835.00","kg"
"Allentown Glass Packaging Works","2025-03","18103","Cotton textile production","1222.80","kg"
"Allentown Glass Packaging Works","2025-03","18103","District heating - natural gas boiler","2707.50","kWh"
"Allentown Glass Packaging Works","2025-03","18103","Refrigerant use - HFC leakage","0.39","kg"
"Allentown Glass Packaging Works","2025-03","18103","General industrial activity","742.40","unit"
"Allentown Glass Packaging Works","2025-04","18103","Steel production - basic oxygen furnace","198.90","kg"
"Allentown Glass Packaging Works","2025-04","18103","Electricity generation - grid average","8587.90","kWh"
"Allentown Glass Packaging Works","2025-04","18103","Natural gas combustion - industrial","858.80","m3"
"Allentown Glass Packaging Works","2025-04","18103","Diesel fuel combustion - mobile sources","1627.20","L"
"Allentown Glass Packaging Works","2025-04","18103","Gasoline fuel combustion - mobile sources","433.90","L"
"Allentown Glass Packaging Works","2025-04","18103","Concrete production - ready-mixed","7683.90","kg"
"Allentown Glass Packaging Works","2025-04","18103","Aluminum production - primary","14915.80","kg"
"Allentown Glass Packaging Works","2025-04","18103","Paper production - virgin fiber","65087.10","kg"
"Allentown Glass Packaging Works","2025-04","18103","Plastic production - general polymers","379.70","kg"
"Allentown Glass Packaging Works","2025-04","18103","Road freight transport - heavy truck","280236.20","t-km"
"Allentown Glass Packaging Works","2025-04","18103","Air travel - short haul","3435.20","passenger-km"
"Allentown Glass Packaging Works","2025-04","18103","Rail freight transport","131078.20","t-km"
"Allentown Glass Packaging Works","2025-04","18103","Water consumption - municipal supply","3796.70","m3"
"Allentown Glass Packaging Works","2025-04","18103","Waste to landfill - mixed municipal","6508.70","kg"
"Allentown Glass Packaging Works","2025-04","18103","Copper production - primary","10124.70","kg"
"Allentown Glass Packaging Works","2025-04","18103","Glass production - container glass","22599.70","kg"
"Allentown Glass Packaging Works","2025-04","18103","Cotton textile production","1265.60","kg"
"Allentown Glass Packaging Works","2025-04","18103","District heating - natural gas boiler","2802.40","kWh"
"Allentown Glass Packaging Works","2025-04","18103","Refrigerant use - HFC leakage","0.41","kg"
"Allentown Glass Packaging Works","2025-04","18103","General industrial activity","768.40","unit"
"Allentown Glass Packaging Works","2025-05","18103","Steel production - basic oxygen furnace","206.00","kg"
"Allentown Glass Packaging Works","2025-05","18103","Electricity generation - grid average","8894.50","kWh"
"Allentown Glass Packaging Works","2025-05","18103","Natural gas combustion - industrial","889.50","m3"
"Allentown Glass Packaging Works","2025-05","18103","Diesel fuel combustion - mobile sources","1685.30","L"
"Allentown Glass Packaging Works","2025-05","18103","Gasoline fuel combustion - mobile sources","449.40","L"
"Allentown Glass Packaging Works","2025-05","18103","Concrete production - ready-mixed","7958.30","kg"
"Allentown Glass Packaging Works","2025-05","18103","Aluminum production - primary","15448.40","kg"
"Allentown Glass Packaging Works","2025-05","18103","Paper production - virgin fiber","67411.20","kg"
"Allentown Glass Packaging Works","2025-05","18103","Plastic production - general polymers","393.20","kg"
"Allentown Glass Packaging Works","2025-05","18103","Road freight transport - heavy truck","290242.70","t-km"
"Allentown Glass Packaging Works","2025-05","18103","Air travel - short haul","3557.80","passenger-km"
"Allentown Glass Packaging Works","2025-05","18103","Rail freight transport","135758.70","t-km"
"Allentown Glass Packaging Works","2025-05","18103","Water consumption - municipal supply","3932.30","m3"
"Allentown Glass Packaging Works","2025-05","18103","Waste to landfill - mixed municipal","6741.10","kg"
"Allentown Glass Packaging Works","2025-05","18103","Copper production - primary","10486.20","kg"
"Allentown Glass Packaging Works","2025-05","18103","Glass production - container glass","23406.70","kg"
"Allentown Glass Packaging Works","2025-05","18103","Cotton textile production","1310.80","kg"
"Allentown Glass Packaging Works","2025-05","18103","District heating - natural gas boiler","2902.40","kWh"
"Allentown Glass Packaging Works","2025-05","18103","Refrigerant use - HFC leakage","0.42","kg"
"Allentown Glass Packaging Works","2025-05","18103","General industrial activity","795.80","unit"
"Allentown Glass Packaging Works","2025-06","18103","Steel production - basic oxygen furnace","204.00","kg"
"Allentown Glass Packaging Works","2025-06","18103","Electricity generation - grid average","8808.90","kWh"
"Allentown Glass Packaging Works","2025-06","18103","Natural gas combustion - industrial","880.90","m3"
"Allentown Glass Packaging Works","2025-06","18103","Diesel fuel combustion - mobile sources","1669.10","L"
"Allentown Glass Packaging Works","2025-06","18103","Gasoline fuel combustion - mobile sources","445.10","L"
"Allentown Glass Packaging Works","2025-06","18103","Concrete production - ready-mixed","7881.60","kg"
"Allentown Glass Packaging Works","2025-06","18103","Aluminum production - primary","15299.60","kg"
"Allentown Glass Packaging Works","2025-06","18103","Paper production - virgin fiber","66762.10","kg"
"Allentown Glass Packaging Works","2025-06","18103","Plastic production - general polymers","389.40","kg"
"Allentown Glass Packaging Works","2025-06","18103","Road freight transport - heavy truck","287447.80","t-km"
"Allentown Glass Packaging Works","2025-06","18103","Air travel - short haul","3523.60","passenger-km"
"Allentown Glass Packaging Works","2025-06","18103","Rail freight transport","134451.40","t-km"
"Allentown Glass Packaging Works","2025-06","18103","Water consumption - municipal supply","3894.50","m3"
"Allentown Glass Packaging Works","2025-06","18103","Waste to landfill - mixed municipal","6676.20","kg"
"Allentown Glass Packaging Works","2025-06","18103","Copper production - primary","10385.20","kg"
"Allentown Glass Packaging Works","2025-06","18103","Glass production - container glass","23181.30","kg"
"Allentown Glass Packaging Works","2025-06","18103","Cotton textile production","1298.20","kg"
"Allentown Glass Packaging Works","2025-06","18103","District heating - natural gas boiler","2874.50","kWh"
"Allentown Glass Packaging Works","2025-06","18103","Refrigerant use - HFC leakage","0.42","kg"
"Allentown Glass Packaging Works","2025-06","18103","General industrial activity","788.20","unit"
"Allentown Glass Packaging Works","2025-07","18103","Steel production - basic oxygen furnace","204.00","kg"
"Allentown Glass Packaging Works","2025-07","18103","Electricity generation - grid average","8809.40","kWh"
"Allentown Glass Packaging Works","2025-07","18103","Natural gas combustion - industrial","880.90","m3"
"Allentown Glass Packaging Works","2025-07","18103","Diesel fuel combustion - mobile sources","1669.20","L"
"Allentown Glass Packaging Works","2025-07","18103","Gasoline fuel combustion - mobile sources","445.10","L"
"Allentown Glass Packaging Works","2025-07","18103","Concrete production - ready-mixed","7882.10","kg"
"Allentown Glass Packaging Works","2025-07","18103","Aluminum production - primary","15300.60","kg"
"Allentown Glass Packaging Works","2025-07","18103","Paper production - virgin fiber","66766.10","kg"
"Allentown Glass Packaging Works","2025-07","18103","Plastic production - general polymers","389.50","kg"
"Allentown Glass Packaging Works","2025-07","18103","Road freight transport - heavy truck","287465.10","t-km"
"Allentown Glass Packaging Works","2025-07","18103","Air travel - short haul","3523.80","passenger-km"
"Allentown Glass Packaging Works","2025-07","18103","Rail freight transport","134459.50","t-km"
"Allentown Glass Packaging Works","2025-07","18103","Water consumption - municipal supply","3894.70","m3"
"Allentown Glass Packaging Works","2025-07","18103","Waste to landfill - mixed municipal","6676.60","kg"
"Allentown Glass Packaging Works","2025-07","18103","Copper production - primary","10385.80","kg"
"Allentown Glass Packaging Works","2025-07","18103","Glass production - container glass","23182.70","kg"
"Allentown Glass Packaging Works","2025-07","18103","Cotton textile production","1298.20","kg"
"Allentown Glass Packaging Works","2025-07","18103","District heating - natural gas boiler","2874.70","kWh"
"Allentown Glass Packaging Works","2025-07","18103","Refrigerant use - HFC leakage","0.42","kg"
"Allentown Glass Packaging Works","2025-07","18103","General industrial activity","788.20","unit"
"Allentown Glass Packaging Works","2025-08","18103","Steel production - basic oxygen furnace","212.80","kg"
"Allentown Glass Packaging Works","2025-08","18103","Electricity generation - grid average","9191.20","kWh"
"Allentown Glass Packaging Works","2025-08","18103","Natural gas combustion - industrial","919.10","m3"
"Allentown Glass Packaging Works","2025-08","18103","Diesel fuel combustion - mobile sources","1741.50","L"
"Allentown Glass Packaging Works","2025-08","18103","Gasoline fuel combustion - mobile sources","464.40","L"
"Allentown Glass Packaging Works","2025-08","18103","Concrete production - ready-mixed","8223.70","kg"
"Allentown Glass Packaging Works","2025-08","18103","Aluminum production - primary","15963.70","kg"
"Allentown Glass Packaging Works","2025-08","18103","Paper production - virgin fiber","69659.70","kg"
"Allentown Glass Packaging Works","2025-08","18103","Plastic production - general polymers","406.30","kg"
"Allentown Glass Packaging Works","2025-08","18103","Road freight transport - heavy truck","299923.90","t-km"
"Allentown Glass Packaging Works","2025-08","18103","Air travel - short haul","3676.50","passenger-km"
"Allentown Glass Packaging Works","2025-08","18103","Rail freight transport","140287.00","t-km"
"Allentown Glass Packaging Works","2025-08","18103","Water consumption - municipal supply","4063.50","m3"
"Allentown Glass Packaging Works","2025-08","18103","Waste to landfill - mixed municipal","6966.00","kg"
"Allentown Glass Packaging Works","2025-08","18103","Copper production - primary","10836.00","kg"
"Allentown Glass Packaging Works","2025-08","18103","Glass production - container glass","24187.40","kg"
"Allentown Glass Packaging Works","2025-08","18103","Cotton textile production","1354.50","kg"
"Allentown Glass Packaging Works","2025-08","18103","District heating - natural gas boiler","2999.20","kWh"
"Allentown Glass Packaging Works","2025-08","18103","Refrigerant use - HFC leakage","0.44","kg"
"Allentown Glass Packaging Works","2025-08","18103","General industrial activity","822.40","unit"
"Allentown Glass Packaging Works","2025-09","18103","Steel production - basic oxygen furnace","217.30","kg"
"Allentown Glass Packaging Works","2025-09","18103","Electricity generation - grid average","9384.60","kWh"
"Allentown Glass Packaging Works","2025-09","18103","Natural gas combustion - industrial","938.50","m3"
"Allentown Glass Packaging Works","2025-09","18103","Diesel fuel combustion - mobile sources","1778.10","L"
"Allentown Glass Packaging Works","2025-09","18103","Gasoline fuel combustion - mobile sources","474.20","L"
"Allentown Glass Packaging Works","2025-09","18103","Concrete production - ready-mixed","8396.70","kg"
"Allentown Glass Packaging Works","2025-09","18103","Aluminum production - primary","16299.50","kg"
"Allentown Glass Packaging Works","2025-09","18103","Paper production - virgin fiber","71125.00","kg"
"Allentown Glass Packaging Works","2025-09","18103","Plastic production - general polymers","414.90","kg"
"Allentown Glass Packaging Works","2025-09","18103","Road freight transport - heavy truck","306232.80","t-km"
"Allentown Glass Packaging Works","2025-09","18103","Air travel - short haul","3753.80","passenger-km"
"Allentown Glass Packaging Works","2025-09","18103","Rail freight transport","143237.90","t-km"
"Allentown Glass Packaging Works","2025-09","18103","Water consumption - municipal supply","4149.00","m3"
"Allentown Glass Packaging Works","2025-09","18103","Waste to landfill - mixed municipal","7112.50","kg"
"Allentown Glass Packaging Works","2025-09","18103","Copper production - primary","11063.90","kg"
"Allentown Glass Packaging Works","2025-09","18103","Glass production - container glass","24696.20","kg"
"Allentown Glass Packaging Works","2025-09","18103","Cotton textile production","1383.00","kg"
"Allentown Glass Packaging Works","2025-09","18103","District heating - natural gas boiler","3062.30","kWh"
"Allentown Glass Packaging Works","2025-09","18103","Refrigerant use - HFC leakage","0.44","kg"
"Allentown Glass Packaging Works","2025-09","18103","General industrial activity","839.70","unit"
"Allentown Glass Packaging Works","2025-10","18103","Steel production - basic oxygen furnace","213.90","kg"
"Allentown Glass Packaging Works","2025-10","18103","Electricity generation - grid average","9235.00","kWh"
"Allentown Glass Packaging Works","2025-10","18103","Natural gas combustion - industrial","923.50","m3"
"Allentown Glass Packaging Works","2025-10","18103","Diesel fuel combustion - mobile sources","1749.80","L"
"Allentown Glass Packaging Works","2025-10","18103","Gasoline fuel combustion - mobile sources","466.60","L"
"Allentown Glass Packaging Works","2025-10","18103","Concrete production - ready-mixed","8262.90","kg"
"Allentown Glass Packaging Works","2025-10","18103","Aluminum production - primary","16039.80","kg"
"Allentown Glass Packaging Works","2025-10","18103","Paper production - virgin fiber","69991.90","kg"
"Allentown Glass Packaging Works","2025-10","18103","Plastic production - general polymers","408.30","kg"
"Allentown Glass Packaging Works","2025-10","18103","Road freight transport - heavy truck","301354.00","t-km"
"Allentown Glass Packaging Works","2025-10","18103","Air travel - short haul","3694.00","passenger-km"
"Allentown Glass Packaging Works","2025-10","18103","Rail freight transport","140955.90","t-km"
"Allentown Glass Packaging Works","2025-10","18103","Water consumption - municipal supply","4082.90","m3"
"Allentown Glass Packaging Works","2025-10","18103","Waste to landfill - mixed municipal","6999.20","kg"
"Allentown Glass Packaging Works","2025-10","18103","Copper production - primary","10887.60","kg"
"Allentown Glass Packaging Works","2025-10","18103","Glass production - container glass","24302.70","kg"
"Allentown Glass Packaging Works","2025-10","18103","Cotton textile production","1361.00","kg"
"Allentown Glass Packaging Works","2025-10","18103","District heating - natural gas boiler","3013.50","kWh"
"Allentown Glass Packaging Works","2025-10","18103","Refrigerant use - HFC leakage","0.44","kg"
"Allentown Glass Packaging Works","2025-10","18103","General industrial activity","826.30","unit"
