facility,reporting_period,activity_name,quantity,unit,source_dataset,source_timestamp
"Sceaux household, France",2006-12,electricity consumption,0.07026667,kWh,UCI 235 - Individual Household Electric Power Consumption,2006-12-16T17:24:00
"Sceaux household, France",2006-12,electricity consumption,0.08933333,kWh,UCI 235 - Individual Household Electric Power Consumption,2006-12-16T17:25:00
"Sceaux household, France",2006-12,electricity consumption,0.08956667,kWh,UCI 235 - Individual Household Electric Power Consumption,2006-12-16T17:26:00
"Sceaux household, France",2006-12,electricity consumption,0.0898,kWh,UCI 235 - Individual Household Electric Power Consumption,2006-12-16T17:27:00
"Sceaux household, France",2006-12,electricity consumption,0.0611,kWh,UCI 235 - Individual Household Electric Power Consumption,2006-12-16T17:28:00
"Sceaux household, France",2006-12,electricity consumption,0.05866667,kWh,UCI 235 - Individual Household Electric Power Consumption,2006-12-16T17:29:00
"Sceaux household, France",2006-12,electricity consumption,0.0617,kWh,UCI 235 - Individual Household Electric Power Consumption,2006-12-16T17:30:00
"Sceaux household, France",2006-12,electricity consumption,0.06166667,kWh,UCI 235 - Individual Household Electric Power Consumption,2006-12-16T17:31:00
"Sceaux household, France",2006-12,electricity consumption,0.06113333,kWh,UCI 235 - Individual Household Electric Power Consumption,2006-12-16T17:32:00
"Sceaux household, France",2006-12,electricity consumption,0.06103333,kWh,UCI 235 - Individual Household Electric Power Consumption,2006-12-16T17:33:00
"Sceaux household, France",2006-12,electricity consumption,0.07413333,kWh,UCI 235 - Individual Household Electric Power Consumption,2006-12-16T17:34:00
"Sceaux household, France",2006-12,electricity consumption,0.0902,kWh,UCI 235 - Individual Household Electric Power Consumption,2006-12-16T17:35:00
"Sceaux household, France",2006-12,electricity consumption,0.08706667,kWh,UCI 235 - Individual Household Electric Power Consumption,2006-12-16T17:36:00
"Sceaux household, France",2006-12,electricity consumption,0.0878,kWh,UCI 235 - Individual Household Electric Power Consumption,2006-12-16T17:37:00
"Sceaux household, France",2006-12,electricity consumption,0.06756667,kWh,UCI 235 - Individual Household Electric Power Consumption,2006-12-16T17:38:00
"Sceaux household, France",2006-12,electricity consumption,0.0564,kWh,UCI 235 - Individual Household Electric Power Consumption,2006-12-16T17:39:00
"Sceaux household, France",2006-12,electricity consumption,0.0545,kWh,UCI 235 - Individual Household Electric Power Consumption,2006-12-16T17:40:00
"Sceaux household, France",2006-12,electricity consumption,0.05716667,kWh,UCI 235 - Individual Household Electric Power Consumption,2006-12-16T17:41:00
"Sceaux household, France",2006-12,electricity consumption,0.05443333,kWh,UCI 235 - Individual Household Electric Power Consumption,2006-12-16T17:42:00
"Sceaux household, France",2006-12,electricity consumption,0.06213333,kWh,UCI 235 - Individual Household Electric Power Consumption,2006-12-16T17:43:00
"Sceaux household, France",2006-12,electricity consumption,0.09823333,kWh,UCI 235 - Individual Household Electric Power Consumption,2006-12-16T17:44:00
"Sceaux household, France",2006-12,electricity consumption,0.12843333,kWh,UCI 235 - Individual Household Electric Power Consumption,2006-12-16T17:45:00
"Sceaux household, France",2006-12,electricity consumption,0.1171,kWh,UCI 235 - Individual Household Electric Power Consumption,2006-12-16T17:46:00
"Sceaux household, France",2006-12,electricity consumption,0.08623333,kWh,UCI 235 - Individual Household Electric Power Consumption,2006-12-16T17:47:00
"Sceaux household, France",2006-12,electricity consumption,0.07456667,kWh,UCI 235 - Individual Household Electric Power Consumption,2006-12-16T17:48:00
"Sceaux household, France",2006-12,electricity consumption,0.05413333,kWh,UCI 235 - Individual Household Electric Power Consumption,2006-12-16T17:49:00
"Sceaux household, France",2006-12,electricity consumption,0.05393333,kWh,UCI 235 - Individual Household Electric Power Consumption,2006-12-16T17:50:00
"Sceaux household, France",2006-12,electricity consumption,0.0538,kWh,UCI 235 - Individual Household Electric Power Consumption,2006-12-16T17:51:00
"Sceaux household, France",2006-12,electricity consumption,0.0543,kWh,UCI 235 - Individual Household Electric Power Consumption,2006-12-16T17:52:00
"Sceaux household, France",2006-12,electricity consumption,0.05296667,kWh,UCI 235 - Individual Household Electric Power Consumption,2006-12-16T17:53:00
"Sceaux household, France",2006-12,electricity consumption,0.04533333,kWh,UCI 235 - Individual Household Electric Power Consumption,2006-12-16T17:54:00
"Sceaux household, France",2006-12,electricity consumption,0.06263333,kWh,UCI 235 - Individual Household Electric Power Consumption,2006-12-16T17:55:00
"Sceaux household, France",2006-12,electricity consumption,0.07236667,kWh,UCI 235 - Individual Household Electric Power Consumption,2006-12-16T17:56:00
"Sceaux household, France",2006-12,electricity consumption,0.0752,kWh,UCI 235 - Individual Household Electric Power Consumption,2006-12-16T17:57:00
"Sceaux household, France",2006-12,electricity consumption,0.06763333,kWh,UCI 235 - Individual Household Electric Power Consumption,2006-12-16T17:58:00
"Sceaux household, France",2006-12,electricity consumption,0.0412,kWh,UCI 235 - Individual Household Electric Power Consumption,2006-12-16T17:59:00
"Sceaux household, France",2006-12,electricity consumption,0.0465,kWh,UCI 235 - Individual Household Electric Power Consumption,2006-12-16T18:00:00
"Sceaux household, France",2006-12,electricity consumption,0.04373333,kWh,UCI 235 - Individual Household Electric Power Consumption,2006-12-16T18:01:00
"Sceaux household, France",2006-12,electricity consumption,0.0462,kWh,UCI 235 - Individual Household Electric Power Consumption,2006-12-16T18:02:00
"Sceaux household, France",2006-12,electricity consumption,0.06233333,kWh,UCI 235 - Individual Household Electric Power Consumption,2006-12-16T18:03:00
"Sceaux household, France",2006-12,electricity consumption,0.08213333,kWh,UCI 235 - Individual Household Electric Power Consumption,2006-12-16T18:04:00
"Sceaux household, France",2006-12,electricity consumption,0.10086667,kWh,UCI 235 - Individual Household Electric Power Consumption,2006-12-16T18:05:00
"Sceaux household, France",2006-12,electricity consumption,0.11253333,kWh,UCI 235 - Individual Household Electric Power Consumption,2006-12-16T18:06:00
"Sceaux household, France",2006-12,electricity consumption,0.1079,kWh,UCI 235 - Individual Household Electric Power Consumption,2006-12-16T18:07:00
"Sceaux household, France",2006-12,electricity consumption,0.10513333,kWh,UCI 235 - Individual Household Electric Power Consumption,2006-12-16T18:08:00
"Sceaux household, France",2006-12,electricity consumption,0.0744,kWh,UCI 235 - Individual Household Electric Power Consumption,2006-12-16T18:09:00
"Sceaux household, France",2006-12,electricity consumption,0.0566,kWh,UCI 235 - Individual Household Electric Power Consumption,2006-12-16T18:10:00
"Sceaux household, France",2006-12,electricity consumption,0.0515,kWh,UCI 235 - Individual Household Electric Power Consumption,2006-12-16T18:11:00
"Sceaux household, France",2006-12,electricity consumption,0.06216667,kWh,UCI 235 - Individual Household Electric Power Consumption,2006-12-16T18:12:00
"Sceaux household, France",2006-12,electricity consumption,0.03846667,kWh,UCI 235 - Individual Household Electric Power Consumption,2006-12-16T18:13:00
"Sceaux household, France",2006-12,electricity consumption,0.0398,kWh,UCI 235 - Individual Household Electric Power Consumption,2006-12-16T18:14:00
"Sceaux household, France",2006-12,electricity consumption,0.07663333,kWh,UCI 235 - Individual Household Electric Power Consumption,2006-12-16T18:15:00
"Sceaux household, France",2006-12,electricity consumption,0.0754,kWh,UCI 235 - Individual Household Electric Power Consumption,2006-12-16T18:16:00
"Sceaux household, France",2006-12,electricity consumption,0.07003333,kWh,UCI 235 - Individual Household Electric Power Consumption,2006-12-16T18:17:00
"Sceaux household, France",2006-12,electricity consumption,0.07453333,kWh,UCI 235 - Individual Household Electric Power Consumption,2006-12-16T18:18:00
"Sceaux household, France",2006-12,electricity consumption,0.04753333,kWh,UCI 235 - Individual Household Electric Power Consumption,2006-12-16T18:19:00
"Sceaux household, France",2006-12,electricity consumption,0.0488,kWh,UCI 235 - Individual Household Electric Power Consumption,2006-12-16T18:20:00
"Sceaux household, France",2006-12,electricity consumption,0.049,kWh,UCI 235 - Individual Household Electric Power Consumption,2006-12-16T18:21:00
"Sceaux household, France",2006-12,electricity consumption,0.0489,kWh,UCI 235 - Individual Household Electric Power Consumption,2006-12-16T18:22:00
"Sceaux household, France",2006-12,electricity consumption,0.04876667,kWh,UCI 235 - Individual Household Electric Power Consumption,2006-12-16T18:23:00
"Sceaux household, France",2006-12,electricity consumption,0.05753333,kWh,UCI 235 - Individual Household Electric Power Consumption,2006-12-16T18:24:00
"Sceaux household, France",2006-12,electricity consumption,0.08116667,kWh,UCI 235 - Individual Household Electric Power Consumption,2006-12-16T18:25:00
"Sceaux household, France",2006-12,electricity consumption,0.08113333,kWh,UCI 235 - Individual Household Electric Power Consumption,2006-12-16T18:26:00
"Sceaux household, France",2006-12,electricity consumption,0.0811,kWh,UCI 235 - Individual Household Electric Power Consumption,2006-12-16T18:27:00
"Sceaux household, France",2006-12,electricity consumption,0.05293333,kWh,UCI 235 - Individual Household Electric Power Consumption,2006-12-16T18:28:00
"Sceaux household, France",2006-12,electricity consumption,0.04866667,kWh,UCI 235 - Individual Household Electric Power Consumption,2006-12-16T18:29:00
"Sceaux household, France",2006-12,electricity consumption,0.04883333,kWh,UCI 235 - Individual Household Electric Power Consumption,2006-12-16T18:30:00
"Sceaux household, France",2006-12,electricity consumption,0.04853333,kWh,UCI 235 - Individual Household Electric Power Consumption,2006-12-16T18:31:00
"Sceaux household, France",2006-12,electricity consumption,0.04346667,kWh,UCI 235 - Individual Household Electric Power Consumption,2006-12-16T18:32:00
"Sceaux household, France",2006-12,electricity consumption,0.04523333,kWh,UCI 235 - Individual Household Electric Power Consumption,2006-12-16T18:33:00
"Sceaux household, France",2006-12,electricity consumption,0.05896667,kWh,UCI 235 - Individual Household Electric Power Consumption,2006-12-16T18:34:00
"Sceaux household, France",2006-12,electricity consumption,0.1012,kWh,UCI 235 - Individual Household Electric Power Consumption,2006-12-16T18:35:00
"Sceaux household, France",2006-12,electricity consumption,0.0756,kWh,UCI 235 - Individual Household Electric Power Consumption,2006-12-16T18:36:00
"Sceaux household, France",2006-12,electricity consumption,0.07346667,kWh,UCI 235 - Individual Household Electric Power Consumption,2006-12-16T18:37:00
"Sceaux household, France",2006-12,electricity consumption,0.04853333,kWh,UCI 235 - Individual Household Electric Power Consumption,2006-12-16T18:38:00
"Sceaux household, France",2006-12,electricity consumption,0.03876667,kWh,UCI 235 - Individual Household Electric Power Consumption,2006-12-16T18:39:00
"Sceaux household, France",2006-12,electricity consumption,0.03773333,kWh,UCI 235 - Individual Household Electric Power Consumption,2006-12-16T18:40:00
"Sceaux household, France",2006-12,electricity consumption,0.03783333,kWh,UCI 235 - Individual Household Electric Power Consumption,2006-12-16T18:41:00
"Sceaux household, France",2006-12,electricity consumption,0.03763333,kWh,UCI 235 - Individual Household Electric Power Consumption,2006-12-16T18:42:00
"Sceaux household, France",2006-12,electricity consumption,0.03646667,kWh,UCI 235 - Individual Household Electric Power Consumption,2006-12-16T18:43:00
"Sceaux household, France",2006-12,electricity consumption,0.04963333,kWh,UCI 235 - Individual Household Electric Power Consumption,2006-12-16T18:44:00
"Sceaux household, France",2006-12,electricity consumption,0.07,kWh,UCI 235 - Individual Household Electric Power Consumption,2006-12-16T18:45:00
"Sceaux household, France",2006-12,electricity consumption,0.07006667,kWh,UCI 235 - Individual Household Electric Power Consumption,2006-12-16T18:46:00
"Sceaux household, France",2006-12,electricity consumption,0.0703,kWh,UCI 235 - Individual Household Electric Power Consumption,2006-12-16T18:47:00
"Sceaux household, France",2006-12,electricity consumption,0.04643333,kWh,UCI 235 - Individual Household Electric Power Consumption,2006-12-16T18:48:00
"Sceaux household, France",2006-12,electricity consumption,0.04233333,kWh,UCI 235 - Individual Household Electric Power Consumption,2006-12-16T18:49:00
"Sceaux household, France",2006-12,electricity consumption,0.0416,kWh,UCI 235 - Individual Household Electric Power Consumption,2006-12-16T18:50:00
"Sceaux household, France",2006-12,electricity consumption,0.03893333,kWh,UCI 235 - Individual Household Electric Power Consumption,2006-12-16T18:51:00
"Sceaux household, France",2006-12,electricity consumption,0.0387,kWh,UCI 235 - Individual Household Electric Power Consumption,2006-12-16T18:52:00
"Sceaux household, France",2006-12,electricity consumption,0.0408,kWh,UCI 235 - Individual Household Electric Power Consumption,2006-12-16T18:53:00
"Sceaux household, France",2006-12,electricity consumption,0.07163333,kWh,UCI 235 - Individual Household Electric Power Consumption,2006-12-16T18:54:00
"Sceaux household, France",2006-12,electricity consumption,0.0705,kWh,UCI 235 - Individual Household Electric Power Consumption,2006-12-16T18:55:00
"Sceaux household, France",2006-12,electricity consumption,0.0705,kWh,UCI 235 - Individual Household Electric Power Consumption,2006-12-16T18:56:00
"Sceaux household, France",2006-12,electricity consumption,0.0654,kWh,UCI 235 - Individual Household Electric Power Consumption,2006-12-16T18:57:00
"Sceaux household, France",2006-12,electricity consumption,0.0703,kWh,UCI 235 - Individual Household Electric Power Consumption,2006-12-16T18:58:00
"Sceaux household, France",2006-12,electricity consumption,0.0704,kWh,UCI 235 - Individual Household Electric Power Consumption,2006-12-16T18:59:00
"Sceaux household, France",2006-12,electricity consumption,0.06783333,kWh,UCI 235 - Individual Household Electric Power Consumption,2006-12-16T19:00:00
"Sceaux household, France",2006-12,electricity consumption,0.0602,kWh,UCI 235 - Individual Household Electric Power Consumption,2006-12-16T19:01:00
"Sceaux household, France",2006-12,electricity consumption,0.05763333,kWh,UCI 235 - Individual Household Electric Power Consumption,2006-12-16T19:02:00
"Sceaux household, France",2006-12,electricity consumption,0.05723333,kWh,UCI 235 - Individual Household Electric Power Consumption,2006-12-16T19:03:00
"Sceaux household, France",2006-12,electricity consumption,0.0561,kWh,UCI 235 - Individual Household Electric Power Consumption,2006-12-16T19:04:00
"Sceaux household, France",2006-12,electricity consumption,0.05673333,kWh,UCI 235 - Individual Household Electric Power Consumption,2006-12-16T19:05:00
"Sceaux household, France",2006-12,electricity consumption,0.05636667,kWh,UCI 235 - Individual Household Electric Power Consumption,2006-12-16T19:06:00
"Sceaux household, France",2006-12,electricity consumption,0.06026667,kWh,UCI 235 - Individual Household Electric Power Consumption,2006-12-16T19:07:00
"Sceaux household, France",2006-12,electricity consumption,0.05793333,kWh,UCI 235 - Individual Household Electric Power Consumption,2006-12-16T19:08:00
"Sceaux household, France",2006-12,electricity consumption,0.05656667,kWh,UCI 235 - Individual Household Electric Power Consumption,2006-12-16T19:09:00
"Sceaux household, France",2006-12,electricity consumption,0.05666667,kWh,UCI 235 - Individual Household Electric Power Consumption,2006-12-16T19:10:00
"Sceaux household, France",2006-12,electricity consumption,0.0569,kWh,UCI 235 - Individual Household Electric Power Consumption,2006-12-16T19:11:00
"Sceaux household, France",2006-12,electricity consumption,0.0572,kWh,UCI 235 - Individual Household Electric Power Consumption,2006-12-16T19:12:00
"Sceaux household, France",2006-12,electricity consumption,0.05696667,kWh,UCI 235 - Individual Household Electric Power Consumption,2006-12-16T19:13:00
"Sceaux household, France",2006-12,electricity consumption,0.05653333,kWh,UCI 235 - Individual Household Electric Power Consumption,2006-12-16T19:14:00
"Sceaux household, France",2006-12,electricity consumption,0.05656667,kWh,UCI 235 - Individual Household Electric Power Consumption,2006-12-16T19:15:00
"Sceaux household, France",2006-12,electricity consumption,0.05656667,kWh,UCI 235 - Individual Household Electric Power Consumption,2006-12-16T19:16:00
"Sceaux household, France",2006-12,electricity consumption,0.05676667,kWh,UCI 235 - Individual Household Electric Power Consumption,2006-12-16T19:17:00
"Sceaux household, France",2006-12,electricity consumption,0.057,kWh,UCI 235 - Individual Household Electric Power Consumption,2006-12-16T19:18:00
"Sceaux household, France",2006-12,electricity consumption,0.05696667,kWh,UCI 235 - Individual Household Electric Power Consumption,2006-12-16T19:19:00
"Sceaux household, France",2006-12,electricity consumption,0.05703333,kWh,UCI 235 - Individual Household Electric Power Consumption,2006-12-16T19:20:00
"Sceaux household, France",2006-12,electricity consumption,0.05553333,kWh,UCI 235 - Individual Household Electric Power Consumption,2006-12-16T19:21:00
"Sceaux household, France",2006-12,electricity consumption,0.05526667,kWh,UCI 235 - Individual Household Electric Power Consumption,2006-12-16T19:22:00
"Sceaux household, France",2006-12,electricity consumption,0.05556667,kWh,UCI 235 - Individual Household Electric Power Consumption,2006-12-16T19:23:00
"Sceaux household, France",2006-12,electricity consumption,0.05436667,kWh,UCI 235 - Individual Household Electric Power Consumption,2006-12-16T19:24:00
"Sceaux household, France",2006-12,electricity consumption,0.05793333,kWh,UCI 235 - Individual Household Electric Power Consumption,2006-12-16T19:25:00
"Sceaux household, France",2006-12,electricity consumption,0.06033333,kWh,UCI 235 - Individual Household Electric Power Consumption,2006-12-16T19:26:00
"Sceaux household, France",2006-12,electricity consumption,0.06016667,kWh,UCI 235 - Individual Household Electric Power Consumption,2006-12-16T19:27:00
"Sceaux household, France",2006-12,electricity consumption,0.06076667,kWh,UCI 235 - Individual Household Electric Power Consumption,2006-12-16T19:28:00
"Sceaux household, France",2006-12,electricity consumption,0.06023333,kWh,UCI 235 - Individual Household Electric Power Consumption,2006-12-16T19:29:00
"Sceaux household, France",2006-12,electricity consumption,0.0568,kWh,UCI 235 - Individual Household Electric Power Consumption,2006-12-16T19:30:00
"Sceaux household, France",2006-12,electricity consumption,0.05646667,kWh,UCI 235 - Individual Household Electric Power Consumption,2006-12-16T19:31:00
"Sceaux household, France",2006-12,electricity consumption,0.0562,kWh,UCI 235 - Individual Household Electric Power Consumption,2006-12-16T19:32:00
"Sceaux household, France",2006-12,electricity consumption,0.05616667,kWh,UCI 235 - Individual Household Electric Power Consumption,2006-12-16T19:33:00
"Sceaux household, France",2006-12,electricity consumption,0.0557,kWh,UCI 235 - Individual Household Electric Power Consumption,2006-12-16T19:34:00
"Sceaux household, France",2006-12,electricity consumption,0.05473333,kWh,UCI 235 - Individual Household Electric Power Consumption,2006-12-16T19:35:00
"Sceaux household, France",2006-12,electricity consumption,0.0546,kWh,UCI 235 - Individual Household Electric Power Consumption,2006-12-16T19:36:00
"Sceaux household, France",2006-12,electricity consumption,0.05636667,kWh,UCI 235 - Individual Household Electric Power Consumption,2006-12-16T19:37:00
"Sceaux household, France",2006-12,electricity consumption,0.05696667,kWh,UCI 235 - Individual Household Electric Power Consumption,2006-12-16T19:38:00
"Sceaux household, France",2006-12,electricity consumption,0.0566,kWh,UCI 235 - Individual Household Electric Power Consumption,2006-12-16T19:39:00
"Sceaux household, France",2006-12,electricity consumption,0.05676667,kWh,UCI 235 - Individual Household Electric Power Consumption,2006-12-16T19:40:00
"Sceaux household, France",2006-12,electricity consumption,0.05676667,kWh,UCI 235 - Individual Household Electric Power Consumption,2006-12-16T19:41:00
"Sceaux household, France",2006-12,electricity consumption,0.05653333,kWh,UCI 235 - Individual Household Electric Power Consumption,2006-12-16T19:42:00
"Sceaux household, France",2006-12,electricity consumption,0.0563,kWh,UCI 235 - Individual Household Electric Power Consumption,2006-12-16T19:43:00
"Sceaux household, France",2006-12,electricity consumption,0.05613333,kWh,UCI 235 - Individual Household Electric Power Consumption,2006-12-16T19:44:00
"Sceaux household, France",2006-12,electricity consumption,0.05583333,kWh,UCI 235 - Individual Household Electric Power Consumption,2006-12-16T19:45:00
"Sceaux household, France",2006-12,electricity consumption,0.05586667,kWh,UCI 235 - Individual Household Electric Power Consumption,2006-12-16T19:46:00
"Sceaux household, France",2006-12,electricity consumption,0.05606667,kWh,UCI 235 - Individual Household Electric Power Consumption,2006-12-16T19:47:00
"Sceaux household, France",2006-12,electricity consumption,0.05633333,kWh,UCI 235 - Individual Household Electric Power Consumption,2006-12-16T19:48:00
"Sceaux household, France",2006-12,electricity consumption,0.05673333,kWh,UCI 235 - Individual Household Electric Power Consumption,2006-12-16T19:49:00
"Sceaux household, France",2006-12,electricity consumption,0.0563,kWh,UCI 235 - Individual Household Electric Power Consumption,2006-12-16T19:50:00
"Sceaux household, France",2006-12,electricity consumption,0.05646667,kWh,UCI 235 - Individual Household Electric Power Consumption,2006-12-16T19:51:00
"Sceaux household, France",2006-12,electricity consumption,0.05626667,kWh,UCI 235 - Individual Household Electric Power Consumption,2006-12-16T19:52:00
"Sceaux household, France",2006-12,electricity consumption,0.05423333,kWh,UCI 235 - Individual Household Electric Power Consumption,2006-12-16T19:53:00
"Sceaux household, France",2006-12,electricity consumption,0.05356667,kWh,UCI 235 - Individual Household Electric Power Consumption,2006-12-16T19:54:00
"Sceaux household, France",2006-12,electricity consumption,0.05336667,kWh,UCI 235 - Individual Household Electric Power Consumption,2006-12-16T19:55:00
"Sceaux household, France",2006-12,electricity consumption,0.05336667,kWh,UCI 235 - Individual Household Electric Power Consumption,2006-12-16T19:56:00
"Sceaux household, France",2006-12,electricity consumption,0.05353333,kWh,UCI 235 - Individual Household Electric Power Consumption,2006-12-16T19:57:00
"Sceaux household, France",2006-12,electricity consumption,0.05343333,kWh,UCI 235 - Individual Household Electric Power Consumption,2006-12-16T19:58:00
"Sceaux household, France",2006-12,electricity consumption,0.05356667,kWh,UCI 235 - Individual Household Electric Power Consumption,2006-12-16T19:59:00
"Sceaux household, France",2006-12,electricity consumption,0.05343333,kWh,UCI 235 - Individual Household Electric Power Consumption,2006-12-16T20:00:00
"Sceaux household, France",2006-12,electricity consumption,0.0537,kWh,UCI 235 - Individual Household Electric Power Consumption,2006-12-16T20:01:00
"Sceaux household, France",2006-12,electricity consumption,0.0536,kWh,UCI 235 - Individual Household Electric Power Consumption,2006-12-16T20:02:00
"Sceaux household, France",2006-12,electricity consumption,0.0536,kWh,UCI 235 - Individual Household Electric Power Consumption,2006-12-16T20:03:00
"Sceaux household, France",2006-12,electricity consumption,0.05323333,kWh,UCI 235 - Individual Household Electric Power Consumption,2006-12-16T20:04:00
"Sceaux household, France",2006-12,electricity consumption,0.05463333,kWh,UCI 235 - Individual Household Electric Power Consumption,2006-12-16T20:05:00
"Sceaux household, France",2006-12,electricity consumption,0.0547,kWh,UCI 235 - Individual Household Electric Power Consumption,2006-12-16T20:06:00
"Sceaux household, France",2006-12,electricity consumption,0.05486667,kWh,UCI 235 - Individual Household Electric Power Consumption,2006-12-16T20:07:00
"Sceaux household, France",2006-12,electricity consumption,0.05526667,kWh,UCI 235 - Individual Household Electric Power Consumption,2006-12-16T20:08:00
"Sceaux household, France",2006-12,electricity consumption,0.05616667,kWh,UCI 235 - Individual Household Electric Power Consumption,2006-12-16T20:09:00
"Sceaux household, France",2006-12,electricity consumption,0.057,kWh,UCI 235 - Individual Household Electric Power Consumption,2006-12-16T20:10:00
"Sceaux household, France",2006-12,electricity consumption,0.05683333,kWh,UCI 235 - Individual Household Electric Power Consumption,2006-12-16T20:11:00
"Sceaux household, France",2006-12,electricity consumption,0.05666667,kWh,UCI 235 - Individual Household Electric Power Consumption,2006-12-16T20:12:00
"Sceaux household, France",2006-12,electricity consumption,0.05666667,kWh,UCI 235 - Individual Household Electric Power Consumption,2006-12-16T20:13:00
"Sceaux household, France",2006-12,electricity consumption,0.05646667,kWh,UCI 235 - Individual Household Electric Power Consumption,2006-12-16T20:14:00
"Sceaux household, France",2006-12,electricity consumption,0.05616667,kWh,UCI 235 - Individual Household Electric Power Consumption,2006-12-16T20:15:00
"Sceaux household, France",2006-12,electricity consumption,0.05553333,kWh,UCI 235 - Individual Household Electric Power Consumption,2006-12-16T20:16:00
"Sceaux household, France",2006-12,electricity consumption,0.05516667,kWh,UCI 235 - Individual Household Electric Power Consumption,2006-12-16T20:17:00
"Sceaux household, France",2006-12,electricity consumption,0.0552,kWh,UCI 235 - Individual Household Electric Power Consumption,2006-12-16T20:18:00
"Sceaux household, France",2006-12,electricity consumption,0.05523333,kWh,UCI 235 - Individual Household Electric Power Consumption,2006-12-16T20:19:00
"Sceaux household, France",2006-12,electricity consumption,0.05503333,kWh,UCI 235 - Individual Household Electric Power Consumption,2006-12-16T20:20:00
"Sceaux household, France",2006-12,electricity consumption,0.05503333,kWh,UCI 235 - Individual Household Electric Power Consumption,2006-12-16T20:21:00
"Sceaux household, France",2006-12,electricity consumption,0.055,kWh,UCI 235 - Individual Household Electric Power Consumption,2006-12-16T20:22:00
"Sceaux household, France",2006-12,electricity consumption,0.05483333,kWh,UCI 235 - Individual Household Electric Power Consumption,2006-12-16T20:23:00
"Sceaux household, France",2006-12,electricity consumption,0.05476667,kWh,UCI 235 - Individual Household Electric Power Consumption,2006-12-16T20:24:00
"Sceaux household, France",2006-12,electricity consumption,0.05383333,kWh,UCI 235 - Individual Household Electric Power Consumption,2006-12-16T20:25:00
"Sceaux household, France",2006-12,electricity consumption,0.05363333,kWh,UCI 235 - Individual Household Electric Power Consumption,2006-12-16T20:26:00
"Sceaux household, France",2006-12,electricity consumption,0.0543,kWh,UCI 235 - Individual Household Electric Power Consumption,2006-12-16T20:27:00
"Sceaux household, France",2006-12,electricity consumption,0.0544,kWh,UCI 235 - Individual Household Electric Power Consumption,2006-12-16T20:28:00
"Sceaux household, France",2006-12,electricity consumption,0.05433333,kWh,UCI 235 - Individual Household Electric Power Consumption,2006-12-16T20:29:00
"Sceaux household, France",2006-12,electricity consumption,0.05436667,kWh,UCI 235 - Individual Household Electric Power Consumption,2006-12-16T20:30:00
"Sceaux household, France",2006-12,electricity consumption,0.0544,kWh,UCI 235 - Individual Household Electric Power Consumption,2006-12-16T20:31:00
"Sceaux household, France",2006-12,electricity consumption,0.05396667,kWh,UCI 235 - Individual Household Electric Power Consumption,2006-12-16T20:32:00
"Sceaux household, France",2006-12,electricity consumption,0.0538,kWh,UCI 235 - Individual Household Electric Power Consumption,2006-12-16T20:33:00
"Sceaux household, France",2006-12,electricity consumption,0.0537,kWh,UCI 235 - Individual Household Electric Power Consumption,2006-12-16T20:34:00
"Sceaux household, France",2006-12,electricity consumption,0.05376667,kWh,UCI 235 - Individual Household Electric Power Consumption,2006-12-16T20:35:00
"Sceaux household, France",2006-12,electricity consumption,0.05343333,kWh,UCI 235 - Individual Household Electric Power Consumption,2006-12-16T20:36:00
"Sceaux household, France",2006-12,electricity consumption,0.05313333,kWh,UCI 235 - Individual Household Electric Power Consumption,2006-12-16T20:37:00
"Sceaux household, France",2006-12,electricity consumption,0.05326667,kWh,UCI 235 - Individual Household Electric Power Consumption,2006-12-16T20:38:00
"Sceaux household, France",2006-12,electricity consumption,0.0534,kWh,UCI 235 - Individual Household Electric Power Consumption,2006-12-16T20:39:00
"Sceaux household, France",2006-12,electricity consumption,0.05386667,kWh,UCI 235 - Individual Household Electric Power Consumption,2006-12-16T20:40:00
"Sceaux household, France",2006-12,electricity consumption,0.05423333,kWh,UCI 235 - Individual Household Electric Power Consumption,2006-12-16T20:41:00
"Sceaux household, France",2006-12,electricity consumption,0.05626667,kWh,UCI 235 - Individual Household Electric Power Consumption,2006-12-16T20:42:00
"Sceaux household, France",2006-12,electricity consumption,0.0562,kWh,UCI 235 - Individual Household Electric Power Consumption,2006-12-16T20:43:00
"Sceaux household, France",2006-12,electricity consumption,0.0561,kWh,UCI 235 - Individual Household Electric Power Consumption,2006-12-16T20:44:00
"Sceaux household, France",2006-12,electricity consumption,0.05643333,kWh,UCI 235 - Individual Household Electric Power Consumption,2006-12-16T20:45:00
"Sceaux household, France",2006-12,electricity consumption,0.05826667,kWh,UCI 235 - Individual Household Electric Power Consumption,2006-12-16T20:46:00
"Sceaux household, France",2006-12,electricity consumption,0.0571,kWh,UCI 235 - Individual Household Electric Power Consumption,2006-12-16T20:47:00
"Sceaux household, France",2006-12,electricity consumption,0.05733333,kWh,UCI 235 - Individual Household Electric Power Consumption,2006-12-16T20:48:00
"Sceaux household, France",2006-12,electricity consumption,0.05733333,kWh,UCI 235 - Individual Household Electric Power Consumption,2006-12-16T20:49:00
"Sceaux household, France",2006-12,electricity consumption,0.05756667,kWh,UCI 235 - Individual Household Electric Power Consumption,2006-12-16T20:50:00
"Sceaux household, France",2006-12,electricity consumption,0.0575,kWh,UCI 235 - Individual Household Electric Power Consumption,2006-12-16T20:51:00
"Sceaux household, France",2006-12,electricity consumption,0.058,kWh,UCI 235 - Individual Household Electric Power Consumption,2006-12-16T20:52:00
"Sceaux household, France",2006-12,electricity consumption,0.0579,kWh,UCI 235 - Individual Household Electric Power Consumption,2006-12-16T20:53:00
"Sceaux household, France",2006-12,electricity consumption,0.0576,kWh,UCI 235 - Individual Household Electric Power Consumption,2006-12-16T20:54:00
"Sceaux household, France",2006-12,electricity consumption,0.03053333,kWh,UCI 235 - Individual Household Electric Power Consumption,2006-12-16T20:55:00
"Sceaux household, France",2006-12,electricity consumption,0.03406667,kWh,UCI 235 - Individual Household Electric Power Consumption,2006-12-16T20:56:00
"Sceaux household, France",2006-12,electricity consumption,0.0559,kWh,UCI 235 - Individual Household Electric Power Consumption,2006-12-16T20:57:00
"Sceaux household, France",2006-12,electricity consumption,0.0547,kWh,UCI 235 - Individual Household Electric Power Consumption,2006-12-16T20:58:00
"Sceaux household, France",2006-12,electricity consumption,0.05513333,kWh,UCI 235 - Individual Household Electric Power Consumption,2006-12-16T20:59:00
"Sceaux household, France",2006-12,electricity consumption,0.05523333,kWh,UCI 235 - Individual Household Electric Power Consumption,2006-12-16T21:00:00
"Sceaux household, France",2006-12,electricity consumption,0.0551,kWh,UCI 235 - Individual Household Electric Power Consumption,2006-12-16T21:01:00
"Sceaux household, France",2006-12,electricity consumption,0.0282,kWh,UCI 235 - Individual Household Electric Power Consumption,2006-12-16T21:02:00
"Sceaux household, France",2006-12,electricity consumption,0.0557,kWh,UCI 235 - Individual Household Electric Power Consumption,2006-12-16T21:03:00
"Sceaux household, France",2006-12,electricity consumption,0.0559,kWh,UCI 235 - Individual Household Electric Power Consumption,2006-12-16T21:04:00
"Sceaux household, France",2006-12,electricity consumption,0.05556667,kWh,UCI 235 - Individual Household Electric Power Consumption,2006-12-16T21:05:00
"Sceaux household, France",2006-12,electricity consumption,0.0555,kWh,UCI 235 - Individual Household Electric Power Consumption,2006-12-16T21:06:00
"Sceaux household, France",2006-12,electricity consumption,0.04566667,kWh,UCI 235 - Individual Household Electric Power Consumption,2006-12-16T21:07:00
"Sceaux household, France",2006-12,electricity consumption,0.03646667,kWh,UCI 235 - Individual Household Electric Power Consumption,2006-12-16T21:08:00
"Sceaux household, France",2006-12,electricity consumption,0.0555,kWh,UCI 235 - Individual Household Electric Power Consumption,2006-12-16T21:09:00
"Sceaux household, France",2006-12,electricity consumption,0.05566667,kWh,UCI 235 - Individual Household Electric Power Consumption,2006-12-16T21:10:00
"Sceaux household, France",2006-12,electricity consumption,0.0551,kWh,UCI 235 - Individual Household Electric Power Consumption,2006-12-16T21:11:00
"Sceaux household, France",2006-12,electricity consumption,0.05073333,kWh,UCI 235 - Individual Household Electric Power Consumption,2006-12-16T21:12:00
"Sceaux household, France",2006-12,electricity consumption,0.02943333,kWh,UCI 235 - Individual Household Electric Power Consumption,2006-12-16T21:13:00
"Sceaux household, France",2006-12,electricity consumption,0.05626667,kWh,UCI 235 - Individual Household Electric Power Consumption,2006-12-16T21:14:00
"Sceaux household, France",2006-12,electricity consumption,0.0569,kWh,UCI 235 - Individual Household Electric Power Consumption,2006-12-16T21:15:00
"Sceaux household, France",2006-12,electricity consumption,0.0571,kWh,UCI 235 - Individual Household Electric Power Consumption,2006-12-16T21:16:00
"Sceaux household, France",2006-12,electricity consumption,0.057,kWh,UCI 235 - Individual Household Electric Power Consumption,2006-12-16T21:17:00
"Sceaux household, France",2006-12,electricity consumption,0.03126667,kWh,UCI 235 - Individual Household Electric Power Consumption,2006-12-16T21:18:00
"Sceaux household, France",2006-12,electricity consumption,0.05736667,kWh,UCI 235 - Individual Household Electric Power Consumption,2006-12-16T21:19:00
"Sceaux household, France",2006-12,electricity consumption,0.0569,kWh,UCI 235 - Individual Household Electric Power Consumption,2006-12-16T21:20:00
"Sceaux household, France",2006-12,electricity consumption,0.05686667,kWh,UCI 235 - Individual Household Electric Power Consumption,2006-12-16T21:21:00
"Sceaux household, France",2006-12,electricity consumption,0.04236667,kWh,UCI 235 - Individual Household Electric Power Consumption,2006-12-16T21:22:00
"Sceaux household, France",2006-12,electricity consumption,0.047,kWh,UCI 235 - Individual Household Electric Power Consumption,2006-12-16T21:23:00
"Sceaux household, France",2006-12,electricity consumption,0.05683333,kWh,UCI 235 - Individual Household Electric Power Consumption,2006-12-16T21:24:00
"Sceaux household, France",2006-12,electricity consumption,0.05653333,kWh,UCI 235 - Individual Household Electric Power Consumption,2006-12-16T21:25:00
"Sceaux household, France",2006-12,electricity consumption,0.04796667,kWh,UCI 235 - Individual Household Electric Power Consumption,2006-12-16T21:26:00
"Sceaux household, France",2006-12,electricity consumption,0.0308,kWh,UCI 235 - Individual Household Electric Power Consumption,2006-12-16T21:27:00
"Sceaux household, France",2006-12,electricity consumption,0.05823333,kWh,UCI 235 - Individual Household Electric Power Consumption,2006-12-16T21:28:00
"Sceaux household, France",2006-12,electricity consumption,0.057,kWh,UCI 235 - Individual Household Electric Power Consumption,2006-12-16T21:29:00
"Sceaux household, France",2006-12,electricity consumption,0.05376667,kWh,UCI 235 - Individual Household Electric Power Consumption,2006-12-16T21:30:00
"Sceaux household, France",2006-12,electricity consumption,0.03246667,kWh,UCI 235 - Individual Household Electric Power Consumption,2006-12-16T21:31:00
"Sceaux household, France",2006-12,electricity consumption,0.05653333,kWh,UCI 235 - Individual Household Electric Power Consumption,2006-12-16T21:32:00
"Sceaux household, France",2006-12,electricity consumption,0.05613333,kWh,UCI 235 - Individual Household Electric Power Consumption,2006-12-16T21:33:00
"Sceaux household, France",2006-12,electricity consumption,0.0563,kWh,UCI 235 - Individual Household Electric Power Consumption,2006-12-16T21:34:00
"Sceaux household, France",2006-12,electricity consumption,0.0312,kWh,UCI 235 - Individual Household Electric Power Consumption,2006-12-16T21:35:00
"Sceaux household, France",2006-12,electricity consumption,0.05353333,kWh,UCI 235 - Individual Household Electric Power Consumption,2006-12-16T21:36:00
"Sceaux household, France",2006-12,electricity consumption,0.05576667,kWh,UCI 235 - Individual Household Electric Power Consumption,2006-12-16T21:37:00
"Sceaux household, France",2006-12,electricity consumption,0.05513333,kWh,UCI 235 - Individual Household Electric Power Consumption,2006-12-16T21:38:00
"Sceaux household, France",2006-12,electricity consumption,0.05503333,kWh,UCI 235 - Individual Household Electric Power Consumption,2006-12-16T21:39:00
"Sceaux household, France",2006-12,electricity consumption,0.03933333,kWh,UCI 235 - Individual Household Electric Power Consumption,2006-12-16T21:40:00
"Sceaux household, France",2006-12,electricity consumption,0.0442,kWh,UCI 235 - Individual Household Electric Power Consumption,2006-12-16T21:41:00
"Sceaux household, France",2006-12,electricity consumption,0.05653333,kWh,UCI 235 - Individual Household Electric Power Consumption,2006-12-16T21:42:00
"Sceaux household, France",2006-12,electricity consumption,0.05663333,kWh,UCI 235 - Individual Household Electric Power Consumption,2006-12-16T21:43:00
"Sceaux household, France",2006-12,electricity consumption,0.05706667,kWh,UCI 235 - Individual Household Electric Power Consumption,2006-12-16T21:44:00
"Sceaux household, France",2006-12,electricity consumption,0.031,kWh,UCI 235 - Individual Household Electric Power Consumption,2006-12-16T21:45:00
"Sceaux household, France",2006-12,electricity consumption,0.05416667,kWh,UCI 235 - Individual Household Electric Power Consumption,2006-12-16T21:46:00
"Sceaux household, France",2006-12,electricity consumption,0.05836667,kWh,UCI 235 - Individual Household Electric Power Consumption,2006-12-16T21:47:00
"Sceaux household, France",2006-12,electricity consumption,0.05806667,kWh,UCI 235 - Individual Household Electric Power Consumption,2006-12-16T21:48:00
"Sceaux household, France",2006-12,electricity consumption,0.05796667,kWh,UCI 235 - Individual Household Electric Power Consumption,2006-12-16T21:49:00
"Sceaux household, France",2006-12,electricity consumption,0.02826667,kWh,UCI 235 - Individual Household Electric Power Consumption,2006-12-16T21:50:00
"Sceaux household, France",2006-12,electricity consumption,0.05823333,kWh,UCI 235 - Individual Household Electric Power Consumption,2006-12-16T21:51:00
"Sceaux household, France",2006-12,electricity consumption,0.05803333,kWh,UCI 235 - Individual Household Electric Power Consumption,2006-12-16T21:52:00
"Sceaux household, France",2006-12,electricity consumption,0.058,kWh,UCI 235 - Individual Household Electric Power Consumption,2006-12-16T21:53:00
"Sceaux household, France",2006-12,electricity consumption,0.0579,kWh,UCI 235 - Individual Household Electric Power Consumption,2006-12-16T21:54:00
"Sceaux household, France",2006-12,electricity consumption,0.03846667,kWh,UCI 235 - Individual Household Electric Power Consumption,2006-12-16T21:55:00
"Sceaux household, France",2006-12,electricity consumption,0.04876667,kWh,UCI 235 - Individual Household Electric Power Consumption,2006-12-16T21:56:00
"Sceaux household, France",2006-12,electricity consumption,0.05786667,kWh,UCI 235 - Individual Household Electric Power Consumption,2006-12-16T21:57:00
"Sceaux household, France",2006-12,electricity consumption,0.058,kWh,UCI 235 - Individual Household Electric Power Consumption,2006-12-16T21:58:00
"Sceaux household, France",2006-12,electricity consumption,0.05756667,kWh,UCI 235 - Individual Household Electric Power Consumption,2006-12-16T21:59:00
"Sceaux household, France",2006-12,electricity consumption,0.05773333,kWh,UCI 235 - Individual Household Electric Power Consumption,2006-12-16T22:00:00
"Sceaux household, France",2006-12,electricity consumption,0.02976667,kWh,UCI 235 - Individual Household Electric Power Consumption,2006-12-16T22:01:00
"Sceaux household, France",2006-12,electricity consumption,0.05303333,kWh,UCI 235 - Individual Household Electric Power Consumption,2006-12-16T22:02:00
"Sceaux household, France",2006-12,electricity consumption,0.0563,kWh,UCI 235 - Individual Household Electric Power Consumption,2006-12-16T22:03:00
"Sceaux household, France",2006-12,electricity consumption,0.0562,kWh,UCI 235 - Individual Household Electric Power Consumption,2006-12-16T22:04:00
"Sceaux household, France",2006-12,electricity consumption,0.05603333,kWh,UCI 235 - Individual Household Electric Power Consumption,2006-12-16T22:05:00
"Sceaux household, France",2006-12,electricity consumption,0.05186667,kWh,UCI 235 - Individual Household Electric Power Consumption,2006-12-16T22:06:00
"Sceaux household, France",2006-12,electricity consumption,0.0269,kWh,UCI 235 - Individual Household Electric Power Consumption,2006-12-16T22:07:00
"Sceaux household, France",2006-12,electricity consumption,0.05596667,kWh,UCI 235 - Individual Household Electric Power Consumption,2006-12-16T22:08:00
"Sceaux household, France",2006-12,electricity consumption,0.05646667,kWh,UCI 235 - Individual Household Electric Power Consumption,2006-12-16T22:09:00
"Sceaux household, France",2006-12,electricity consumption,0.05653333,kWh,UCI 235 - Individual Household Electric Power Consumption,2006-12-16T22:10:00
"Sceaux household, France",2006-12,electricity consumption,0.04683333,kWh,UCI 235 - Individual Household Electric Power Consumption,2006-12-16T22:11:00
"Sceaux household, France",2006-12,electricity consumption,0.03633333,kWh,UCI 235 - Individual Household Electric Power Consumption,2006-12-16T22:12:00
"Sceaux household, France",2006-12,electricity consumption,0.05616667,kWh,UCI 235 - Individual Household Electric Power Consumption,2006-12-16T22:13:00
"Sceaux household, France",2006-12,electricity consumption,0.05543333,kWh,UCI 235 - Individual Household Electric Power Consumption,2006-12-16T22:14:00
"Sceaux household, France",2006-12,electricity consumption,0.0463,kWh,UCI 235 - Individual Household Electric Power Consumption,2006-12-16T22:15:00
"Sceaux household, France",2006-12,electricity consumption,0.0393,kWh,UCI 235 - Individual Household Electric Power Consumption,2006-12-16T22:16:00
"Sceaux household, France",2006-12,electricity consumption,0.016,kWh,UCI 235 - Individual Household Electric Power Consumption,2006-12-16T22:17:00
"Sceaux household, France",2006-12,electricity consumption,0.02676667,kWh,UCI 235 - Individual Household Electric Power Consumption,2006-12-16T22:18:00
"Sceaux household, France",2006-12,electricity consumption,0.03916667,kWh,UCI 235 - Individual Household Electric Power Consumption,2006-12-16T22:19:00
"Sceaux household, France",2006-12,electricity consumption,0.04046667,kWh,UCI 235 - Individual Household Electric Power Consumption,2006-12-16T22:20:00
"Sceaux household, France",2006-12,electricity consumption,0.03463333,kWh,UCI 235 - Individual Household Electric Power Consumption,2006-12-16T22:21:00
"Sceaux household, France",2006-12,electricity consumption,0.013,kWh,UCI 235 - Individual Household Electric Power Consumption,2006-12-16T22:22:00
"Sceaux household, France",2006-12,electricity consumption,0.04043333,kWh,UCI 235 - Individual Household Electric Power Consumption,2006-12-16T22:23:00
"Sceaux household, France",2006-12,electricity consumption,0.0402,kWh,UCI 235 - Individual Household Electric Power Consumption,2006-12-16T22:24:00
"Sceaux household, France",2006-12,electricity consumption,0.04046667,kWh,UCI 235 - Individual Household Electric Power Consumption,2006-12-16T22:25:00
"Sceaux household, France",2006-12,electricity consumption,0.0255,kWh,UCI 235 - Individual Household Electric Power Consumption,2006-12-16T22:26:00
"Sceaux household, France",2006-12,electricity consumption,0.02313333,kWh,UCI 235 - Individual Household Electric Power Consumption,2006-12-16T22:27:00
"Sceaux household, France",2006-12,electricity consumption,0.0404,kWh,UCI 235 - Individual Household Electric Power Consumption,2006-12-16T22:28:00
"Sceaux household, France",2006-12,electricity consumption,0.04046667,kWh,UCI 235 - Individual Household Electric Power Consumption,2006-12-16T22:29:00
"Sceaux household, France",2006-12,electricity consumption,0.0398,kWh,UCI 235 - Individual Household Electric Power Consumption,2006-12-16T22:30:00
"Sceaux household, France",2006-12,electricity consumption,0.00626667,kWh,UCI 235 - Individual Household Electric Power Consumption,2006-12-16T22:31:00
"Sceaux household, France",2006-12,electricity consumption,0.0367,kWh,UCI 235 - Individual Household Electric Power Consumption,2006-12-16T22:32:00
"Sceaux household, France",2006-12,electricity consumption,0.0405,kWh,UCI 235 - Individual Household Electric Power Consumption,2006-12-16T22:33:00
"Sceaux household, France",2006-12,electricity consumption,0.0391,kWh,UCI 235 - Individual Household Electric Power Consumption,2006-12-16T22:34:00
"Sceaux household, France",2006-12,electricity consumption,0.03193333,kWh,UCI 235 - Individual Household Electric Power Consumption,2006-12-16T22:35:00
"Sceaux household, France",2006-12,electricity consumption,0.0064,kWh,UCI 235 - Individual Household Electric Power Consumption,2006-12-16T22:36:00
"Sceaux household, France",2006-12,electricity consumption,0.0389,kWh,UCI 235 - Individual Household Electric Power Consumption,2006-12-16T22:37:00
"Sceaux household, France",2006-12,electricity consumption,0.03866667,kWh,UCI 235 - Individual Household Electric Power Consumption,2006-12-16T22:38:00
"Sceaux household, France",2006-12,electricity consumption,0.03843333,kWh,UCI 235 - Individual Household Electric Power Consumption,2006-12-16T22:39:00
"Sceaux household, France",2006-12,electricity consumption,0.03843333,kWh,UCI 235 - Individual Household Electric Power Consumption,2006-12-16T22:40:00
"Sceaux household, France",2006-12,electricity consumption,0.00726667,kWh,UCI 235 - Individual Household Electric Power Consumption,2006-12-16T22:41:00
"Sceaux household, France",2006-12,electricity consumption,0.0264,kWh,UCI 235 - Individual Household Electric Power Consumption,2006-12-16T22:42:00
"Sceaux household, France",2006-12,electricity consumption,0.0388,kWh,UCI 235 - Individual Household Electric Power Consumption,2006-12-16T22:43:00
"Sceaux household, France",2006-12,electricity consumption,0.03876667,kWh,UCI 235 - Individual Household Electric Power Consumption,2006-12-16T22:44:00
"Sceaux household, France",2006-12,electricity consumption,0.0389,kWh,UCI 235 - Individual Household Electric Power Consumption,2006-12-16T22:45:00
"Sceaux household, France",2006-12,electricity consumption,0.03076667,kWh,UCI 235 - Individual Household Electric Power Consumption,2006-12-16T22:46:00
"Sceaux household, France",2006-12,electricity consumption,0.00473333,kWh,UCI 235 - Individual Household Electric Power Consumption,2006-12-16T22:47:00
"Sceaux household, France",2006-12,electricity consumption,0.03903333,kWh,UCI 235 - Individual Household Electric Power Consumption,2006-12-16T22:48:00
"Sceaux household, France",2006-12,electricity consumption,0.03986667,kWh,UCI 235 - Individual Household Electric Power Consumption,2006-12-16T22:49:00
"Sceaux household, France",2006-12,electricity consumption,0.04023333,kWh,UCI 235 - Individual Household Electric Power Consumption,2006-12-16T22:50:00
"Sceaux household, France",2006-12,electricity consumption,0.04023333,kWh,UCI 235 - Individual Household Electric Power Consumption,2006-12-16T22:51:00
"Sceaux household, France",2006-12,electricity consumption,0.01256667,kWh,UCI 235 - Individual Household Electric Power Consumption,2006-12-16T22:52:00
"Sceaux household, France",2006-12,electricity consumption,0.02366667,kWh,UCI 235 - Individual Household Electric Power Consumption,2006-12-16T22:53:00
"Sceaux household, France",2006-12,electricity consumption,0.04113333,kWh,UCI 235 - Individual Household Electric Power Consumption,2006-12-16T22:54:00
"Sceaux household, France",2006-12,electricity consumption,0.04123333,kWh,UCI 235 - Individual Household Electric Power Consumption,2006-12-16T22:55:00
"Sceaux household, France",2006-12,electricity consumption,0.04146667,kWh,UCI 235 - Individual Household Electric Power Consumption,2006-12-16T22:56:00
"Sceaux household, France",2006-12,electricity consumption,0.03016667,kWh,UCI 235 - Individual Household Electric Power Consumption,2006-12-16T22:57:00
"Sceaux household, France",2006-12,electricity consumption,0.01123333,kWh,UCI 235 - Individual Household Electric Power Consumption,2006-12-16T22:58:00
"Sceaux household, France",2006-12,electricity consumption,0.04073333,kWh,UCI 235 - Individual Household Electric Power Consumption,2006-12-16T22:59:00
"Sceaux household, France",2006-12,electricity consumption,0.04016667,kWh,UCI 235 - Individual Household Electric Power Consumption,2006-12-16T23:00:00
"Sceaux household, France",2006-12,electricity consumption,0.0402,kWh,UCI 235 - Individual Household Electric Power Consumption,2006-12-16T23:01:00
"Sceaux household, France",2006-12,electricity consumption,0.03676667,kWh,UCI 235 - Individual Household Electric Power Consumption,2006-12-16T23:02:00
"Sceaux household, France",2006-12,electricity consumption,0.00616667,kWh,UCI 235 - Individual Household Electric Power Consumption,2006-12-16T23:03:00
"Sceaux household, France",2006-12,electricity consumption,0.03506667,kWh,UCI 235 - Individual Household Electric Power Consumption,2006-12-16T23:04:00
"Sceaux household, France",2006-12,electricity consumption,0.04006667,kWh,UCI 235 - Individual Household Electric Power Consumption,2006-12-16T23:05:00
"Sceaux household, France",2006-12,electricity consumption,0.0403,kWh,UCI 235 - Individual Household Electric Power Consumption,2006-12-16T23:06:00
"Sceaux household, France",2006-12,electricity consumption,0.03903333,kWh,UCI 235 - Individual Household Electric Power Consumption,2006-12-16T23:07:00
"Sceaux household, France",2006-12,electricity consumption,0.02103333,kWh,UCI 235 - Individual Household Electric Power Consumption,2006-12-16T23:08:00
"Sceaux household, France",2006-12,electricity consumption,0.0142,kWh,UCI 235 - Individual Household Electric Power Consumption,2006-12-16T23:09:00
"Sceaux household, France",2006-12,electricity consumption,0.039,kWh,UCI 235 - Individual Household Electric Power Consumption,2006-12-16T23:10:00
"Sceaux household, France",2006-12,electricity consumption,0.03893333,kWh,UCI 235 - Individual Household Electric Power Consumption,2006-12-16T23:11:00
"Sceaux household, France",2006-12,electricity consumption,0.0389,kWh,UCI 235 - Individual Household Electric Power Consumption,2006-12-16T23:12:00
"Sceaux household, France",2006-12,electricity consumption,0.03883333,kWh,UCI 235 - Individual Household Electric Power Consumption,2006-12-16T23:13:00
"Sceaux household, France",2006-12,electricity consumption,0.0173,kWh,UCI 235 - Individual Household Electric Power Consumption,2006-12-16T23:14:00
"Sceaux household, France",2006-12,electricity consumption,0.00643333,kWh,UCI 235 - Individual Household Electric Power Consumption,2006-12-16T23:15:00
"Sceaux household, France",2006-12,electricity consumption,0.03916667,kWh,UCI 235 - Individual Household Electric Power Consumption,2006-12-16T23:16:00
"Sceaux household, France",2006-12,electricity consumption,0.0391,kWh,UCI 235 - Individual Household Electric Power Consumption,2006-12-16T23:17:00
"Sceaux household, France",2006-12,electricity consumption,0.0391,kWh,UCI 235 - Individual Household Electric Power Consumption,2006-12-16T23:18:00
"Sceaux household, France",2006-12,electricity consumption,0.03056667,kWh,UCI 235 - Individual Household Electric Power Consumption,2006-12-16T23:19:00
"Sceaux household, France",2006-12,electricity consumption,0.02036667,kWh,UCI 235 - Individual Household Electric Power Consumption,2006-12-16T23:20:00
"Sceaux household, France",2006-12,electricity consumption,0.03903333,kWh,UCI 235 - Individual Household Electric Power Consumption,2006-12-16T23:21:00
"Sceaux household, France",2006-12,electricity consumption,0.0389,kWh,UCI 235 - Individual Household Electric Power Consumption,2006-12-16T23:22:00
"Sceaux household, France",2006-12,electricity consumption,0.02776667,kWh,UCI 235 - Individual Household Electric Power Consumption,2006-12-16T23:23:00
"Sceaux household, France",2006-12,electricity consumption,0.01996667,kWh,UCI 235 - Individual Household Electric Power Consumption,2006-12-16T23:24:00
"Sceaux household, France",2006-12,electricity consumption,0.03916667,kWh,UCI 235 - Individual Household Electric Power Consumption,2006-12-16T23:25:00
"Sceaux household, France",2006-12,electricity consumption,0.03996667,kWh,UCI 235 - Individual Household Electric Power Consumption,2006-12-16T23:26:00
"Sceaux household, France",2006-12,electricity consumption,0.04073333,kWh,UCI 235 - Individual Household Electric Power Consumption,2006-12-16T23:27:00
"Sceaux household, France",2006-12,electricity consumption,0.00676667,kWh,UCI 235 - Individual Household Electric Power Consumption,2006-12-16T23:28:00
"Sceaux household, France",2006-12,electricity consumption,0.04056667,kWh,UCI 235 - Individual Household Electric Power Consumption,2006-12-16T23:29:00
"Sceaux household, France",2006-12,electricity consumption,0.0417,kWh,UCI 235 - Individual Household Electric Power Consumption,2006-12-16T23:30:00
"Sceaux household, France",2006-12,electricity consumption,0.04196667,kWh,UCI 235 - Individual Household Electric Power Consumption,2006-12-16T23:31:00
"Sceaux household, France",2006-12,electricity consumption,0.02526667,kWh,UCI 235 - Individual Household Electric Power Consumption,2006-12-16T23:32:00
"Sceaux household, France",2006-12,electricity consumption,0.02496667,kWh,UCI 235 - Individual Household Electric Power Consumption,2006-12-16T23:33:00
"Sceaux household, France",2006-12,electricity consumption,0.0418,kWh,UCI 235 - Individual Household Electric Power Consumption,2006-12-16T23:34:00
"Sceaux household, France",2006-12,electricity consumption,0.04173333,kWh,UCI 235 - Individual Household Electric Power Consumption,2006-12-16T23:35:00
"Sceaux household, France",2006-12,electricity consumption,0.04153333,kWh,UCI 235 - Individual Household Electric Power Consumption,2006-12-16T23:36:00
"Sceaux household, France",2006-12,electricity consumption,0.01356667,kWh,UCI 235 - Individual Household Electric Power Consumption,2006-12-16T23:37:00
"Sceaux household, France",2006-12,electricity consumption,0.0384,kWh,UCI 235 - Individual Household Electric Power Consumption,2006-12-16T23:38:00
"Sceaux household, France",2006-12,electricity consumption,0.04216667,kWh,UCI 235 - Individual Household Electric Power Consumption,2006-12-16T23:39:00
"Sceaux household, France",2006-12,electricity consumption,0.03963333,kWh,UCI 235 - Individual Household Electric Power Consumption,2006-12-16T23:40:00
"Sceaux household, France",2006-12,electricity consumption,0.0064,kWh,UCI 235 - Individual Household Electric Power Consumption,2006-12-16T23:41:00
"Sceaux household, France",2006-12,electricity consumption,0.0395,kWh,UCI 235 - Individual Household Electric Power Consumption,2006-12-16T23:42:00
"Sceaux household, France",2006-12,electricity consumption,0.0393,kWh,UCI 235 - Individual Household Electric Power Consumption,2006-12-16T23:43:00
"Sceaux household, France",2006-12,electricity consumption,0.0392,kWh,UCI 235 - Individual Household Electric Power Consumption,2006-12-16T23:44:00
"Sceaux household, France",2006-12,electricity consumption,0.00693333,kWh,UCI 235 - Individual Household Electric Power Consumption,2006-12-16T23:45:00
"Sceaux household, France",2006-12,electricity consumption,0.04423333,kWh,UCI 235 - Individual Household Electric Power Consumption,2006-12-16T23:46:00
"Sceaux household, France",2006-12,electricity consumption,0.04233333,kWh,UCI 235 - Individual Household Electric Power Consumption,2006-12-16T23:47:00
"Sceaux household, France",2006-12,electricity consumption,0.0421,kWh,UCI 235 - Individual Household Electric Power Consumption,2006-12-16T23:48:00
"Sceaux household, France",2006-12,electricity consumption,0.0201,kWh,UCI 235 - Individual Household Electric Power Consumption,2006-12-16T23:49:00
"Sceaux household, France",2006-12,electricity consumption,0.06406667,kWh,UCI 235 - Individual Household Electric Power Consumption,2006-12-16T23:50:00
"Sceaux household, France",2006-12,electricity consumption,0.0687,kWh,UCI 235 - Individual Household Electric Power Consumption,2006-12-16T23:51:00
"Sceaux household, France",2006-12,electricity consumption,0.05763333,kWh,UCI 235 - Individual Household Electric Power Consumption,2006-12-16T23:52:00
"Sceaux household, France",2006-12,electricity consumption,0.03313333,kWh,UCI 235 - Individual Household Electric Power Consumption,2006-12-16T23:53:00
"Sceaux household, France",2006-12,electricity consumption,0.00993333,kWh,UCI 235 - Individual Household Electric Power Consumption,2006-12-16T23:54:00
"Sceaux household, France",2006-12,electricity consumption,0.0215,kWh,UCI 235 - Individual Household Electric Power Consumption,2006-12-16T23:55:00
"Sceaux household, France",2006-12,electricity consumption,0.0455,kWh,UCI 235 - Individual Household Electric Power Consumption,2006-12-16T23:56:00
"Sceaux household, France",2006-12,electricity consumption,0.04556667,kWh,UCI 235 - Individual Household Electric Power Consumption,2006-12-16T23:57:00
"Sceaux household, France",2006-12,electricity consumption,0.04606667,kWh,UCI 235 - Individual Household Electric Power Consumption,2006-12-16T23:58:00
"Sceaux household, France",2006-12,electricity consumption,0.0431,kWh,UCI 235 - Individual Household Electric Power Consumption,2006-12-16T23:59:00
"Sceaux household, France",2006-12,electricity consumption,0.0174,kWh,UCI 235 - Individual Household Electric Power Consumption,2006-12-17T00:00:00
"Sceaux household, France",2006-12,electricity consumption,0.02533333,kWh,UCI 235 - Individual Household Electric Power Consumption,2006-12-17T00:01:00
"Sceaux household, France",2006-12,electricity consumption,0.05063333,kWh,UCI 235 - Individual Household Electric Power Consumption,2006-12-17T00:02:00
"Sceaux household, France",2006-12,electricity consumption,0.04956667,kWh,UCI 235 - Individual Household Electric Power Consumption,2006-12-17T00:03:00
"Sceaux household, France",2006-12,electricity consumption,0.04743333,kWh,UCI 235 - Individual Household Electric Power Consumption,2006-12-17T00:04:00
"Sceaux household, France",2006-12,electricity consumption,0.04746667,kWh,UCI 235 - Individual Household Electric Power Consumption,2006-12-17T00:05:00
"Sceaux household, France",2006-12,electricity consumption,0.04763333,kWh,UCI 235 - Individual Household Electric Power Consumption,2006-12-17T00:06:00
"Sceaux household, France",2006-12,electricity consumption,0.0412,kWh,UCI 235 - Individual Household Electric Power Consumption,2006-12-17T00:07:00
"Sceaux household, France",2006-12,electricity consumption,0.01096667,kWh,UCI 235 - Individual Household Electric Power Consumption,2006-12-17T00:08:00
"Sceaux household, France",2006-12,electricity consumption,0.01396667,kWh,UCI 235 - Individual Household Electric Power Consumption,2006-12-17T00:09:00
"Sceaux household, France",2006-12,electricity consumption,0.04346667,kWh,UCI 235 - Individual Household Electric Power Consumption,2006-12-17T00:10:00
"Sceaux household, France",2006-12,electricity consumption,0.0433,kWh,UCI 235 - Individual Household Electric Power Consumption,2006-12-17T00:11:00
"Sceaux household, France",2006-12,electricity consumption,0.04266667,kWh,UCI 235 - Individual Household Electric Power Consumption,2006-12-17T00:12:00
"Sceaux household, France",2006-12,electricity consumption,0.0421,kWh,UCI 235 - Individual Household Electric Power Consumption,2006-12-17T00:13:00
"Sceaux household, France",2006-12,electricity consumption,0.0412,kWh,UCI 235 - Individual Household Electric Power Consumption,2006-12-17T00:14:00
"Sceaux household, France",2006-12,electricity consumption,0.02763333,kWh,UCI 235 - Individual Household Electric Power Consumption,2006-12-17T00:15:00
"Sceaux household, France",2006-12,electricity consumption,0.00703333,kWh,UCI 235 - Individual Household Electric Power Consumption,2006-12-17T00:16:00
"Sceaux household, France",2006-12,electricity consumption,0.01316667,kWh,UCI 235 - Individual Household Electric Power Consumption,2006-12-17T00:17:00
"Sceaux household, France",2006-12,electricity consumption,0.0406,kWh,UCI 235 - Individual Household Electric Power Consumption,2006-12-17T00:18:00
"Sceaux household, France",2006-12,electricity consumption,0.03993333,kWh,UCI 235 - Individual Household Electric Power Consumption,2006-12-17T00:19:00
"Sceaux household, France",2006-12,electricity consumption,0.03896667,kWh,UCI 235 - Individual Household Electric Power Consumption,2006-12-17T00:20:00
"Sceaux household, France",2006-12,electricity consumption,0.0384,kWh,UCI 235 - Individual Household Electric Power Consumption,2006-12-17T00:21:00
"Sceaux household, France",2006-12,electricity consumption,0.0046,kWh,UCI 235 - Individual Household Electric Power Consumption,2006-12-17T00:22:00
"Sceaux household, France",2006-12,electricity consumption,0.01186667,kWh,UCI 235 - Individual Household Electric Power Consumption,2006-12-17T00:23:00
"Sceaux household, France",2006-12,electricity consumption,0.03886667,kWh,UCI 235 - Individual Household Electric Power Consumption,2006-12-17T00:24:00
"Sceaux household, France",2006-12,electricity consumption,0.03906667,kWh,UCI 235 - Individual Household Electric Power Consumption,2006-12-17T00:25:00
"Sceaux household, France",2006-12,electricity consumption,0.03923333,kWh,UCI 235 - Individual Household Electric Power Consumption,2006-12-17T00:26:00
"Sceaux household, France",2006-12,electricity consumption,0.03886667,kWh,UCI 235 - Individual Household Electric Power Consumption,2006-12-17T00:27:00
"Sceaux household, France",2006-12,electricity consumption,0.03946667,kWh,UCI 235 - Individual Household Electric Power Consumption,2006-12-17T00:28:00
"Sceaux household, France",2006-12,electricity consumption,0.0102,kWh,UCI 235 - Individual Household Electric Power Consumption,2006-12-17T00:29:00
"Sceaux household, France",2006-12,electricity consumption,0.00476667,kWh,UCI 235 - Individual Household Electric Power Consumption,2006-12-17T00:30:00
"Sceaux household, France",2006-12,electricity consumption,0.03253333,kWh,UCI 235 - Individual Household Electric Power Consumption,2006-12-17T00:31:00
"Sceaux household, France",2006-12,electricity consumption,0.0396,kWh,UCI 235 - Individual Household Electric Power Consumption,2006-12-17T00:32:00
"Sceaux household, France",2006-12,electricity consumption,0.03956667,kWh,UCI 235 - Individual Household Electric Power Consumption,2006-12-17T00:33:00
"Sceaux household, France",2006-12,electricity consumption,0.0401,kWh,UCI 235 - Individual Household Electric Power Consumption,2006-12-17T00:34:00
"Sceaux household, France",2006-12,electricity consumption,0.01673333,kWh,UCI 235 - Individual Household Electric Power Consumption,2006-12-17T00:35:00
"Sceaux household, France",2006-12,electricity consumption,0.00646667,kWh,UCI 235 - Individual Household Electric Power Consumption,2006-12-17T00:36:00
"Sceaux household, France",2006-12,electricity consumption,0.0243,kWh,UCI 235 - Individual Household Electric Power Consumption,2006-12-17T00:37:00
"Sceaux household, France",2006-12,electricity consumption,0.04133333,kWh,UCI 235 - Individual Household Electric Power Consumption,2006-12-17T00:38:00
"Sceaux household, France",2006-12,electricity consumption,0.0409,kWh,UCI 235 - Individual Household Electric Power Consumption,2006-12-17T00:39:00
"Sceaux household, France",2006-12,electricity consumption,0.04113333,kWh,UCI 235 - Individual Household Electric Power Consumption,2006-12-17T00:40:00
"Sceaux household, France",2006-12,electricity consumption,0.0338,kWh,UCI 235 - Individual Household Electric Power Consumption,2006-12-17T00:41:00
"Sceaux household, France",2006-12,electricity consumption,0.00636667,kWh,UCI 235 - Individual Household Electric Power Consumption,2006-12-17T00:42:00
"Sceaux household, France",2006-12,electricity consumption,0.01503333,kWh,UCI 235 - Individual Household Electric Power Consumption,2006-12-17T00:43:00
"Sceaux household, France",2006-12,electricity consumption,0.0411,kWh,UCI 235 - Individual Household Electric Power Consumption,2006-12-17T00:44:00
"Sceaux household, France",2006-12,electricity consumption,0.04093333,kWh,UCI 235 - Individual Household Electric Power Consumption,2006-12-17T00:45:00
"Sceaux household, France",2006-12,electricity consumption,0.04083333,kWh,UCI 235 - Individual Household Electric Power Consumption,2006-12-17T00:46:00
"Sceaux household, France",2006-12,electricity consumption,0.0408,kWh,UCI 235 - Individual Household Electric Power Consumption,2006-12-17T00:47:00
"Sceaux household, France",2006-12,electricity consumption,0.0155,kWh,UCI 235 - Individual Household Electric Power Consumption,2006-12-17T00:48:00
"Sceaux household, France",2006-12,electricity consumption,0.00476667,kWh,UCI 235 - Individual Household Electric Power Consumption,2006-12-17T00:49:00
"Sceaux household, France",2006-12,electricity consumption,0.02293333,kWh,UCI 235 - Individual Household Electric Power Consumption,2006-12-17T00:50:00
"Sceaux household, France",2006-12,electricity consumption,0.04093333,kWh,UCI 235 - Individual Household Electric Power Consumption,2006-12-17T00:51:00
"Sceaux household, France",2006-12,electricity consumption,0.04093333,kWh,UCI 235 - Individual Household Electric Power Consumption,2006-12-17T00:52:00
"Sceaux household, France",2006-12,electricity consumption,0.04073333,kWh,UCI 235 - Individual Household Electric Power Consumption,2006-12-17T00:53:00
"Sceaux household, France",2006-12,electricity consumption,0.03536667,kWh,UCI 235 - Individual Household Electric Power Consumption,2006-12-17T00:54:00
"Sceaux household, France",2006-12,electricity consumption,0.00593333,kWh,UCI 235 - Individual Household Electric Power Consumption,2006-12-17T00:55:00
"Sceaux household, France",2006-12,electricity consumption,0.01586667,kWh,UCI 235 - Individual Household Electric Power Consumption,2006-12-17T00:56:00
"Sceaux household, France",2006-12,electricity consumption,0.04043333,kWh,UCI 235 - Individual Household Electric Power Consumption,2006-12-17T00:57:00
"Sceaux household, France",2006-12,electricity consumption,0.04033333,kWh,UCI 235 - Individual Household Electric Power Consumption,2006-12-17T00:58:00
"Sceaux household, France",2006-12,electricity consumption,0.0402,kWh,UCI 235 - Individual Household Electric Power Consumption,2006-12-17T00:59:00
"Sceaux household, France",2006-12,electricity consumption,0.0168,kWh,UCI 235 - Individual Household Electric Power Consumption,2006-12-17T01:00:00
"Sceaux household, France",2006-12,electricity consumption,0.00716667,kWh,UCI 235 - Individual Household Electric Power Consumption,2006-12-17T01:01:00
"Sceaux household, France",2006-12,electricity consumption,0.0446,kWh,UCI 235 - Individual Household Electric Power Consumption,2006-12-17T01:02:00
"Sceaux household, France",2006-12,electricity consumption,0.06276667,kWh,UCI 235 - Individual Household Electric Power Consumption,2006-12-17T01:03:00
"Sceaux household, France",2006-12,electricity consumption,0.07636667,kWh,UCI 235 - Individual Household Electric Power Consumption,2006-12-17T01:04:00
"Sceaux household, France",2006-12,electricity consumption,0.08803333,kWh,UCI 235 - Individual Household Electric Power Consumption,2006-12-17T01:05:00
"Sceaux household, France",2006-12,electricity consumption,0.03936667,kWh,UCI 235 - Individual Household Electric Power Consumption,2006-12-17T01:06:00
"Sceaux household, France",2006-12,electricity consumption,0.05416667,kWh,UCI 235 - Individual Household Electric Power Consumption,2006-12-17T01:07:00
"Sceaux household, France",2006-12,electricity consumption,0.07696667,kWh,UCI 235 - Individual Household Electric Power Consumption,2006-12-17T01:08:00
"Sceaux household, France",2006-12,electricity consumption,0.08736667,kWh,UCI 235 - Individual Household Electric Power Consumption,2006-12-17T01:09:00
"Sceaux household, France",2006-12,electricity consumption,0.081,kWh,UCI 235 - Individual Household Electric Power Consumption,2006-12-17T01:10:00
"Sceaux household, France",2006-12,electricity consumption,0.0623,kWh,UCI 235 - Individual Household Electric Power Consumption,2006-12-17T01:11:00
"Sceaux household, France",2006-12,electricity consumption,0.0571,kWh,UCI 235 - Individual Household Electric Power Consumption,2006-12-17T01:12:00
"Sceaux household, France",2006-12,electricity consumption,0.08756667,kWh,UCI 235 - Individual Household Electric Power Consumption,2006-12-17T01:13:00
"Sceaux household, France",2006-12,electricity consumption,0.08743333,kWh,UCI 235 - Individual Household Electric Power Consumption,2006-12-17T01:14:00
"Sceaux household, France",2006-12,electricity consumption,0.08693333,kWh,UCI 235 - Individual Household Electric Power Consumption,2006-12-17T01:15:00
"Sceaux household, France",2006-12,electricity consumption,0.0643,kWh,UCI 235 - Individual Household Electric Power Consumption,2006-12-17T01:16:00
"Sceaux household, France",2006-12,electricity consumption,0.04703333,kWh,UCI 235 - Individual Household Electric Power Consumption,2006-12-17T01:17:00
"Sceaux household, France",2006-12,electricity consumption,0.064,kWh,UCI 235 - Individual Household Electric Power Consumption,2006-12-17T01:18:00
"Sceaux household, France",2006-12,electricity consumption,0.07726667,kWh,UCI 235 - Individual Household Electric Power Consumption,2006-12-17T01:19:00
"Sceaux household, France",2006-12,electricity consumption,0.07723333,kWh,UCI 235 - Individual Household Electric Power Consumption,2006-12-17T01:20:00
"Sceaux household, France",2006-12,electricity consumption,0.07753333,kWh,UCI 235 - Individual Household Electric Power Consumption,2006-12-17T01:21:00
"Sceaux household, France",2006-12,electricity consumption,0.05216667,kWh,UCI 235 - Individual Household Electric Power Consumption,2006-12-17T01:22:00
"Sceaux household, France",2006-12,electricity consumption,0.02926667,kWh,UCI 235 - Individual Household Electric Power Consumption,2006-12-17T01:23:00
"Sceaux household, France",2006-12,electricity consumption,0.05796667,kWh,UCI 235 - Individual Household Electric Power Consumption,2006-12-17T01:24:00
"Sceaux household, France",2006-12,electricity consumption,0.075,kWh,UCI 235 - Individual Household Electric Power Consumption,2006-12-17T01:25:00
"Sceaux household, France",2006-12,electricity consumption,0.0592,kWh,UCI 235 - Individual Household Electric Power Consumption,2006-12-17T01:26:00
"Sceaux household, France",2006-12,electricity consumption,0.06566667,kWh,UCI 235 - Individual Household Electric Power Consumption,2006-12-17T01:27:00
"Sceaux household, France",2006-12,electricity consumption,0.04066667,kWh,UCI 235 - Individual Household Electric Power Consumption,2006-12-17T01:28:00
"Sceaux household, France",2006-12,electricity consumption,0.03466667,kWh,UCI 235 - Individual Household Electric Power Consumption,2006-12-17T01:29:00
"Sceaux household, France",2006-12,electricity consumption,0.06086667,kWh,UCI 235 - Individual Household Electric Power Consumption,2006-12-17T01:30:00
"Sceaux household, France",2006-12,electricity consumption,0.07386667,kWh,UCI 235 - Individual Household Electric Power Consumption,2006-12-17T01:31:00
"Sceaux household, France",2006-12,electricity consumption,0.07433333,kWh,UCI 235 - Individual Household Electric Power Consumption,2006-12-17T01:32:00
"Sceaux household, France",2006-12,electricity consumption,0.03643333,kWh,UCI 235 - Individual Household Electric Power Consumption,2006-12-17T01:33:00
"Sceaux household, France",2006-12,electricity consumption,0.0393,kWh,UCI 235 - Individual Household Electric Power Consumption,2006-12-17T01:34:00
"Sceaux household, France",2006-12,electricity consumption,0.0659,kWh,UCI 235 - Individual Household Electric Power Consumption,2006-12-17T01:35:00
"Sceaux household, France",2006-12,electricity consumption,0.06243333,kWh,UCI 235 - Individual Household Electric Power Consumption,2006-12-17T01:36:00
"Sceaux household, France",2006-12,electricity consumption,0.06573333,kWh,UCI 235 - Individual Household Electric Power Consumption,2006-12-17T01:37:00
"Sceaux household, France",2006-12,electricity consumption,0.06133333,kWh,UCI 235 - Individual Household Electric Power Consumption,2006-12-17T01:38:00
"Sceaux household, France",2006-12,electricity consumption,0.02783333,kWh,UCI 235 - Individual Household Electric Power Consumption,2006-12-17T01:39:00
"Sceaux household, France",2006-12,electricity consumption,0.05356667,kWh,UCI 235 - Individual Household Electric Power Consumption,2006-12-17T01:40:00
"Sceaux household, France",2006-12,electricity consumption,0.075,kWh,UCI 235 - Individual Household Electric Power Consumption,2006-12-17T01:41:00
"Sceaux household, France",2006-12,electricity consumption,0.06333333,kWh,UCI 235 - Individual Household Electric Power Consumption,2006-12-17T01:42:00
"Sceaux household, France",2006-12,electricity consumption,0.0444,kWh,UCI 235 - Individual Household Electric Power Consumption,2006-12-17T01:43:00
"Sceaux household, France",2006-12,electricity consumption,0.04213333,kWh,UCI 235 - Individual Household Electric Power Consumption,2006-12-17T01:44:00
"Sceaux household, France",2006-12,electricity consumption,0.04446667,kWh,UCI 235 - Individual Household Electric Power Consumption,2006-12-17T01:45:00
"Sceaux household, France",2006-12,electricity consumption,0.07093333,kWh,UCI 235 - Individual Household Electric Power Consumption,2006-12-17T01:46:00
"Sceaux household, France",2006-12,electricity consumption,0.06876667,kWh,UCI 235 - Individual Household Electric Power Consumption,2006-12-17T01:47:00
"Sceaux household, France",2006-12,electricity consumption,0.0536,kWh,UCI 235 - Individual Household Electric Power Consumption,2006-12-17T01:48:00
"Sceaux household, France",2006-12,electricity consumption,0.00956667,kWh,UCI 235 - Individual Household Electric Power Consumption,2006-12-17T01:49:00
"Sceaux household, France",2006-12,electricity consumption,0.03906667,kWh,UCI 235 - Individual Household Electric Power Consumption,2006-12-17T01:50:00
"Sceaux household, France",2006-12,electricity consumption,0.0634,kWh,UCI 235 - Individual Household Electric Power Consumption,2006-12-17T01:51:00
"Sceaux household, France",2006-12,electricity consumption,0.07703333,kWh,UCI 235 - Individual Household Electric Power Consumption,2006-12-17T01:52:00
"Sceaux household, France",2006-12,electricity consumption,0.05363333,kWh,UCI 235 - Individual Household Electric Power Consumption,2006-12-17T01:53:00
"Sceaux household, France",2006-12,electricity consumption,0.0129,kWh,UCI 235 - Individual Household Electric Power Consumption,2006-12-17T01:54:00
"Sceaux household, France",2006-12,electricity consumption,0.00953333,kWh,UCI 235 - Individual Household Electric Power Consumption,2006-12-17T01:55:00
"Sceaux household, France",2006-12,electricity consumption,0.03253333,kWh,UCI 235 - Individual Household Electric Power Consumption,2006-12-17T01:56:00
"Sceaux household, France",2006-12,electricity consumption,0.04346667,kWh,UCI 235 - Individual Household Electric Power Consumption,2006-12-17T01:57:00
"Sceaux household, France",2006-12,electricity consumption,0.04333333,kWh,UCI 235 - Individual Household Electric Power Consumption,2006-12-17T01:58:00
"Sceaux household, France",2006-12,electricity consumption,0.0428,kWh,UCI 235 - Individual Household Electric Power Consumption,2006-12-17T01:59:00
"Sceaux household, France",2006-12,electricity consumption,0.02223333,kWh,UCI 235 - Individual Household Electric Power Consumption,2006-12-17T02:00:00
"Sceaux household, France",2006-12,electricity consumption,0.00603333,kWh,UCI 235 - Individual Household Electric Power Consumption,2006-12-17T02:01:00
"Sceaux household, France",2006-12,electricity consumption,0.02063333,kWh,UCI 235 - Individual Household Electric Power Consumption,2006-12-17T02:02:00
"Sceaux household, France",2006-12,electricity consumption,0.0408,kWh,UCI 235 - Individual Household Electric Power Consumption,2006-12-17T02:03:00
"Sceaux household, France",2006-12,electricity consumption,0.04043333,kWh,UCI 235 - Individual Household Electric Power Consumption,2006-12-17T02:04:00
"Sceaux household, France",2006-12,electricity consumption,0.0299,kWh,UCI 235 - Individual Household Electric Power Consumption,2006-12-17T02:05:00
"Sceaux household, France",2006-12,electricity consumption,0.0048,kWh,UCI 235 - Individual Household Electric Power Consumption,2006-12-17T02:06:00
"Sceaux household, France",2006-12,electricity consumption,0.01013333,kWh,UCI 235 - Individual Household Electric Power Consumption,2006-12-17T02:07:00
"Sceaux household, France",2006-12,electricity consumption,0.04043333,kWh,UCI 235 - Individual Household Electric Power Consumption,2006-12-17T02:08:00
"Sceaux household, France",2006-12,electricity consumption,0.0407,kWh,UCI 235 - Individual Household Electric Power Consumption,2006-12-17T02:09:00
"Sceaux household, France",2006-12,electricity consumption,0.04046667,kWh,UCI 235 - Individual Household Electric Power Consumption,2006-12-17T02:10:00
"Sceaux household, France",2006-12,electricity consumption,0.01123333,kWh,UCI 235 - Individual Household Electric Power Consumption,2006-12-17T02:11:00
"Sceaux household, France",2006-12,electricity consumption,0.0051,kWh,UCI 235 - Individual Household Electric Power Consumption,2006-12-17T02:12:00
"Sceaux household, France",2006-12,electricity consumption,0.03483333,kWh,UCI 235 - Individual Household Electric Power Consumption,2006-12-17T02:13:00
"Sceaux household, France",2006-12,electricity consumption,0.0418,kWh,UCI 235 - Individual Household Electric Power Consumption,2006-12-17T02:14:00
"Sceaux household, France",2006-12,electricity consumption,0.03713333,kWh,UCI 235 - Individual Household Electric Power Consumption,2006-12-17T02:15:00
"Sceaux household, France",2006-12,electricity consumption,0.00513333,kWh,UCI 235 - Individual Household Electric Power Consumption,2006-12-17T02:16:00
"Sceaux household, France",2006-12,electricity consumption,0.00483333,kWh,UCI 235 - Individual Household Electric Power Consumption,2006-12-17T02:17:00
"Sceaux household, France",2006-12,electricity consumption,0.0407,kWh,UCI 235 - Individual Household Electric Power Consumption,2006-12-17T02:18:00
"Sceaux household, France",2006-12,electricity consumption,0.0419,kWh,UCI 235 - Individual Household Electric Power Consumption,2006-12-17T02:19:00
"Sceaux household, France",2006-12,electricity consumption,0.04176667,kWh,UCI 235 - Individual Household Electric Power Consumption,2006-12-17T02:20:00
"Sceaux household, France",2006-12,electricity consumption,0.00646667,kWh,UCI 235 - Individual Household Electric Power Consumption,2006-12-17T02:21:00
"Sceaux household, France",2006-12,electricity consumption,0.00896667,kWh,UCI 235 - Individual Household Electric Power Consumption,2006-12-17T02:22:00
"Sceaux household, France",2006-12,electricity consumption,0.0416,kWh,UCI 235 - Individual Household Electric Power Consumption,2006-12-17T02:23:00
"Sceaux household, France",2006-12,electricity consumption,0.04116667,kWh,UCI 235 - Individual Household Electric Power Consumption,2006-12-17T02:24:00
"Sceaux household, France",2006-12,electricity consumption,0.0408,kWh,UCI 235 - Individual Household Electric Power Consumption,2006-12-17T02:25:00
"Sceaux household, France",2006-12,electricity consumption,0.01366667,kWh,UCI 235 - Individual Household Electric Power Consumption,2006-12-17T02:26:00
"Sceaux household, France",2006-12,electricity consumption,0.00513333,kWh,UCI 235 - Individual Household Electric Power Consumption,2006-12-17T02:27:00
"Sceaux household, France",2006-12,electricity consumption,0.04083333,kWh,UCI 235 - Individual Household Electric Power Consumption,2006-12-17T02:28:00
"Sceaux household, France",2006-12,electricity consumption,0.04053333,kWh,UCI 235 - Individual Household Electric Power Consumption,2006-12-17T02:29:00
"Sceaux household, France",2006-12,electricity consumption,0.04073333,kWh,UCI 235 - Individual Household Electric Power Consumption,2006-12-17T02:30:00
"Sceaux household, France",2006-12,electricity consumption,0.03283333,kWh,UCI 235 - Individual Household Electric Power Consumption,2006-12-17T02:31:00
"Sceaux household, France",2006-12,electricity consumption,0.00426667,kWh,UCI 235 - Individual Household Electric Power Consumption,2006-12-17T02:32:00
"Sceaux household, France",2006-12,electricity consumption,0.00846667,kWh,UCI 235 - Individual Household Electric Power Consumption,2006-12-17T02:33:00
"Sceaux household, France",2006-12,electricity consumption,0.0395,kWh,UCI 235 - Individual Household Electric Power Consumption,2006-12-17T02:34:00
"Sceaux household, France",2006-12,electricity consumption,0.0392,kWh,UCI 235 - Individual Household Electric Power Consumption,2006-12-17T02:35:00
"Sceaux household, France",2006-12,electricity consumption,0.03566667,kWh,UCI 235 - Individual Household Electric Power Consumption,2006-12-17T02:36:00
"Sceaux household, France",2006-12,electricity consumption,0.00353333,kWh,UCI 235 - Individual Household Electric Power Consumption,2006-12-17T02:37:00
"Sceaux household, France",2006-12,electricity consumption,0.01653333,kWh,UCI 235 - Individual Household Electric Power Consumption,2006-12-17T02:38:00
"Sceaux household, France",2006-12,electricity consumption,0.03936667,kWh,UCI 235 - Individual Household Electric Power Consumption,2006-12-17T02:39:00
"Sceaux household, France",2006-12,electricity consumption,0.03973333,kWh,UCI 235 - Individual Household Electric Power Consumption,2006-12-17T02:40:00
"Sceaux household, France",2006-12,electricity consumption,0.03213333,kWh,UCI 235 - Individual Household Electric Power Consumption,2006-12-17T02:41:00
"Sceaux household, France",2006-12,electricity consumption,0.00363333,kWh,UCI 235 - Individual Household Electric Power Consumption,2006-12-17T02:42:00
"Sceaux household, France",2006-12,electricity consumption,0.01093333,kWh,UCI 235 - Individual Household Electric Power Consumption,2006-12-17T02:43:00
"Sceaux household, France",2006-12,electricity consumption,0.03996667,kWh,UCI 235 - Individual Household Electric Power Consumption,2006-12-17T02:44:00
"Sceaux household, France",2006-12,electricity consumption,0.0402,kWh,UCI 235 - Individual Household Electric Power Consumption,2006-12-17T02:45:00
"Sceaux household, France",2006-12,electricity consumption,0.02786667,kWh,UCI 235 - Individual Household Electric Power Consumption,2006-12-17T02:46:00
"Sceaux household, France",2006-12,electricity consumption,0.00376667,kWh,UCI 235 - Individual Household Electric Power Consumption,2006-12-17T02:47:00
"Sceaux household, France",2006-12,electricity consumption,0.0272,kWh,UCI 235 - Individual Household Electric Power Consumption,2006-12-17T02:48:00
"Sceaux household, France",2006-12,electricity consumption,0.0392,kWh,UCI 235 - Individual Household Electric Power Consumption,2006-12-17T02:49:00
"Sceaux household, France",2006-12,electricity consumption,0.0388,kWh,UCI 235 - Individual Household Electric Power Consumption,2006-12-17T02:50:00
"Sceaux household, France",2006-12,electricity consumption,0.0122,kWh,UCI 235 - Individual Household Electric Power Consumption,2006-12-17T02:51:00
"Sceaux household, France",2006-12,electricity consumption,0.00343333,kWh,UCI 235 - Individual Household Electric Power Consumption,2006-12-17T02:52:00
"Sceaux household, France",2006-12,electricity consumption,0.03886667,kWh,UCI 235 - Individual Household Electric Power Consumption,2006-12-17T02:53:00
"Sceaux household, France",2006-12,electricity consumption,0.03983333,kWh,UCI 235 - Individual Household Electric Power Consumption,2006-12-17T02:54:00
"Sceaux household, France",2006-12,electricity consumption,0.04126667,kWh,UCI 235 - Individual Household Electric Power Consumption,2006-12-17T02:55:00
"Sceaux household, France",2006-12,electricity consumption,0.01006667,kWh,UCI 235 - Individual Household Electric Power Consumption,2006-12-17T02:56:00
"Sceaux household, France",2006-12,electricity consumption,0.00633333,kWh,UCI 235 - Individual Household Electric Power Consumption,2006-12-17T02:57:00
"Sceaux household, France",2006-12,electricity consumption,0.02956667,kWh,UCI 235 - Individual Household Electric Power Consumption,2006-12-17T02:58:00
"Sceaux household, France",2006-12,electricity consumption,0.042,kWh,UCI 235 - Individual Household Electric Power Consumption,2006-12-17T02:59:00
"Sceaux household, France",2006-12,electricity consumption,0.04236667,kWh,UCI 235 - Individual Household Electric Power Consumption,2006-12-17T03:00:00
"Sceaux household, France",2006-12,electricity consumption,0.03713333,kWh,UCI 235 - Individual Household Electric Power Consumption,2006-12-17T03:01:00
"Sceaux household, France",2006-12,electricity consumption,0.00983333,kWh,UCI 235 - Individual Household Electric Power Consumption,2006-12-17T03:02:00
"Sceaux household, France",2006-12,electricity consumption,0.02256667,kWh,UCI 235 - Individual Household Electric Power Consumption,2006-12-17T03:03:00
"Sceaux household, France",2006-12,electricity consumption,0.04556667,kWh,UCI 235 - Individual Household Electric Power Consumption,2006-12-17T03:04:00
"Sceaux household, France",2006-12,electricity consumption,0.04556667,kWh,UCI 235 - Individual Household Electric Power Consumption,2006-12-17T03:05:00
"Sceaux household, France",2006-12,electricity consumption,0.03336667,kWh,UCI 235 - Individual Household Electric Power Consumption,2006-12-17T03:06:00
"Sceaux household, France",2006-12,electricity consumption,0.00786667,kWh,UCI 235 - Individual Household Electric Power Consumption,2006-12-17T03:07:00
"Sceaux household, France",2006-12,electricity consumption,0.0146,kWh,UCI 235 - Individual Household Electric Power Consumption,2006-12-17T03:08:00
"Sceaux household, France",2006-12,electricity consumption,0.03873333,kWh,UCI 235 - Individual Household Electric Power Consumption,2006-12-17T03:09:00
"Sceaux household, France",2006-12,electricity consumption,0.03903333,kWh,UCI 235 - Individual Household Electric Power Consumption,2006-12-17T03:10:00
"Sceaux household, France",2006-12,electricity consumption,0.03876667,kWh,UCI 235 - Individual Household Electric Power Consumption,2006-12-17T03:11:00
"Sceaux household, France",2006-12,electricity consumption,0.00503333,kWh,UCI 235 - Individual Household Electric Power Consumption,2006-12-17T03:12:00
"Sceaux household, France",2006-12,electricity consumption,0.00346667,kWh,UCI 235 - Individual Household Electric Power Consumption,2006-12-17T03:13:00
"Sceaux household, France",2006-12,electricity consumption,0.0337,kWh,UCI 235 - Individual Household Electric Power Consumption,2006-12-17T03:14:00
"Sceaux household, France",2006-12,electricity consumption,0.03926667,kWh,UCI 235 - Individual Household Electric Power Consumption,2006-12-17T03:15:00
"Sceaux household, France",2006-12,electricity consumption,0.0391,kWh,UCI 235 - Individual Household Electric Power Consumption,2006-12-17T03:16:00
"Sceaux household, France",2006-12,electricity consumption,0.03733333,kWh,UCI 235 - Individual Household Electric Power Consumption,2006-12-17T03:17:00
"Sceaux household, France",2006-12,electricity consumption,0.00373333,kWh,UCI 235 - Individual Household Electric Power Consumption,2006-12-17T03:18:00
"Sceaux household, France",2006-12,electricity consumption,0.00706667,kWh,UCI 235 - Individual Household Electric Power Consumption,2006-12-17T03:19:00
"Sceaux household, France",2006-12,electricity consumption,0.03906667,kWh,UCI 235 - Individual Household Electric Power Consumption,2006-12-17T03:20:00
"Sceaux household, France",2006-12,electricity consumption,0.03846667,kWh,UCI 235 - Individual Household Electric Power Consumption,2006-12-17T03:21:00
"Sceaux household, France",2006-12,electricity consumption,0.03896667,kWh,UCI 235 - Individual Household Electric Power Consumption,2006-12-17T03:22:00
"Sceaux household, France",2006-12,electricity consumption,0.02466667,kWh,UCI 235 - Individual Household Electric Power Consumption,2006-12-17T03:23:00
"Sceaux household, France",2006-12,electricity consumption,0.0037,kWh,UCI 235 - Individual Household Electric Power Consumption,2006-12-17T03:24:00
"Sceaux household, France",2006-12,electricity consumption,0.01366667,kWh,UCI 235 - Individual Household Electric Power Consumption,2006-12-17T03:25:00
"Sceaux household, France",2006-12,electricity consumption,0.0392,kWh,UCI 235 - Individual Household Electric Power Consumption,2006-12-17T03:26:00
"Sceaux household, France",2006-12,electricity consumption,0.03853333,kWh,UCI 235 - Individual Household Electric Power Consumption,2006-12-17T03:27:00
"Sceaux household, France",2006-12,electricity consumption,0.03873333,kWh,UCI 235 - Individual Household Electric Power Consumption,2006-12-17T03:28:00
"Sceaux household, France",2006-12,electricity consumption,0.00386667,kWh,UCI 235 - Individual Household Electric Power Consumption,2006-12-17T03:29:00
"Sceaux household, France",2006-12,electricity consumption,0.0057,kWh,UCI 235 - Individual Household Electric Power Consumption,2006-12-17T03:30:00
"Sceaux household, France",2006-12,electricity consumption,0.03233333,kWh,UCI 235 - Individual Household Electric Power Consumption,2006-12-17T03:31:00
"Sceaux household, France",2006-12,electricity consumption,0.04093333,kWh,UCI 235 - Individual Household Electric Power Consumption,2006-12-17T03:32:00
"Sceaux household, France",2006-12,electricity consumption,0.0408,kWh,UCI 235 - Individual Household Electric Power Consumption,2006-12-17T03:33:00
"Sceaux household, France",2006-12,electricity consumption,0.03063333,kWh,UCI 235 - Individual Household Electric Power Consumption,2006-12-17T03:34:00
"Sceaux household, France",2006-12,electricity consumption,0.00533333,kWh,UCI 235 - Individual Household Electric Power Consumption,2006-12-17T03:35:00
"Sceaux household, France",2006-12,electricity consumption,0.01923333,kWh,UCI 235 - Individual Household Electric Power Consumption,2006-12-17T03:36:00
"Sceaux household, France",2006-12,electricity consumption,0.0407,kWh,UCI 235 - Individual Household Electric Power Consumption,2006-12-17T03:37:00
"Sceaux household, France",2006-12,electricity consumption,0.04016667,kWh,UCI 235 - Individual Household Electric Power Consumption,2006-12-17T03:38:00
"Sceaux household, France",2006-12,electricity consumption,0.03803333,kWh,UCI 235 - Individual Household Electric Power Consumption,2006-12-17T03:39:00
"Sceaux household, France",2006-12,electricity consumption,0.00533333,kWh,UCI 235 - Individual Household Electric Power Consumption,2006-12-17T03:40:00
"Sceaux household, France",2006-12,electricity consumption,0.01353333,kWh,UCI 235 - Individual Household Electric Power Consumption,2006-12-17T03:41:00
"Sceaux household, France",2006-12,electricity consumption,0.04076667,kWh,UCI 235 - Individual Household Electric Power Consumption,2006-12-17T03:42:00
"Sceaux household, France",2006-12,electricity consumption,0.04043333,kWh,UCI 235 - Individual Household Electric Power Consumption,2006-12-17T03:43:00
"Sceaux household, France",2006-12,electricity consumption,0.04016667,kWh,UCI 235 - Individual Household Electric Power Consumption,2006-12-17T03:44:00
"Sceaux household, France",2006-12,electricity consumption,0.00726667,kWh,UCI 235 - Individual Household Electric Power Consumption,2006-12-17T03:45:00
"Sceaux household, France",2006-12,electricity consumption,0.0082,kWh,UCI 235 - Individual Household Electric Power Consumption,2006-12-17T03:46:00
"Sceaux household, France",2006-12,electricity consumption,0.0404,kWh,UCI 235 - Individual Household Electric Power Consumption,2006-12-17T03:47:00
"Sceaux household, France",2006-12,electricity consumption,0.03986667,kWh,UCI 235 - Individual Household Electric Power Consumption,2006-12-17T03:48:00
"Sceaux household, France",2006-12,electricity consumption,0.0397,kWh,UCI 235 - Individual Household Electric Power Consumption,2006-12-17T03:49:00
"Sceaux household, France",2006-12,electricity consumption,0.01256667,kWh,UCI 235 - Individual Household Electric Power Consumption,2006-12-17T03:50:00
"Sceaux household, France",2006-12,electricity consumption,0.00686667,kWh,UCI 235 - Individual Household Electric Power Consumption,2006-12-17T03:51:00
"Sceaux household, France",2006-12,electricity consumption,0.03923333,kWh,UCI 235 - Individual Household Electric Power Consumption,2006-12-17T03:52:00
"Sceaux household, France",2006-12,electricity consumption,0.0402,kWh,UCI 235 - Individual Household Electric Power Consumption,2006-12-17T03:53:00
"Sceaux household, France",2006-12,electricity consumption,0.04043333,kWh,UCI 235 - Individual Household Electric Power Consumption,2006-12-17T03:54:00
"Sceaux household, France",2006-12,electricity consumption,0.02306667,kWh,UCI 235 - Individual Household Electric Power Consumption,2006-12-17T03:55:00
"Sceaux household, France",2006-12,electricity consumption,0.00486667,kWh,UCI 235 - Individual Household Electric Power Consumption,2006-12-17T03:56:00
"Sceaux household, France",2006-12,electricity consumption,0.02216667,kWh,UCI 235 - Individual Household Electric Power Consumption,2006-12-17T03:57:00
"Sceaux household, France",2006-12,electricity consumption,0.03993333,kWh,UCI 235 - Individual Household Electric Power Consumption,2006-12-17T03:58:00
"Sceaux household, France",2006-12,electricity consumption,0.04036667,kWh,UCI 235 - Individual Household Electric Power Consumption,2006-12-17T03:59:00
"Sceaux household, France",2006-12,electricity consumption,0.04003333,kWh,UCI 235 - Individual Household Electric Power Consumption,2006-12-17T04:00:00
"Sceaux household, France",2006-12,electricity consumption,0.00716667,kWh,UCI 235 - Individual Household Electric Power Consumption,2006-12-17T04:01:00
"Sceaux household, France",2006-12,electricity consumption,0.0111,kWh,UCI 235 - Individual Household Electric Power Consumption,2006-12-17T04:02:00
"Sceaux household, France",2006-12,electricity consumption,0.04033333,kWh,UCI 235 - Individual Household Electric Power Consumption,2006-12-17T04:03:00
"Sceaux household, France",2006-12,electricity consumption,0.03983333,kWh,UCI 235 - Individual Household Electric Power Consumption,2006-12-17T04:04:00
"Sceaux household, France",2006-12,electricity consumption,0.04076667,kWh,UCI 235 - Individual Household Electric Power Consumption,2006-12-17T04:05:00
"Sceaux household, France",2006-12,electricity consumption,0.0163,kWh,UCI 235 - Individual Household Electric Power Consumption,2006-12-17T04:06:00
"Sceaux household, France",2006-12,electricity consumption,0.00666667,kWh,UCI 235 - Individual Household Electric Power Consumption,2006-12-17T04:07:00
"Sceaux household, France",2006-12,electricity consumption,0.04053333,kWh,UCI 235 - Individual Household Electric Power Consumption,2006-12-17T04:08:00
"Sceaux household, France",2006-12,electricity consumption,0.04166667,kWh,UCI 235 - Individual Household Electric Power Consumption,2006-12-17T04:09:00
"Sceaux household, France",2006-12,electricity consumption,0.042,kWh,UCI 235 - Individual Household Electric Power Consumption,2006-12-17T04:10:00
"Sceaux household, France",2006-12,electricity consumption,0.01313333,kWh,UCI 235 - Individual Household Electric Power Consumption,2006-12-17T04:11:00
"Sceaux household, France",2006-12,electricity consumption,0.0067,kWh,UCI 235 - Individual Household Electric Power Consumption,2006-12-17T04:12:00
"Sceaux household, France",2006-12,electricity consumption,0.0373,kWh,UCI 235 - Individual Household Electric Power Consumption,2006-12-17T04:13:00
"Sceaux household, France",2006-12,electricity consumption,0.04186667,kWh,UCI 235 - Individual Household Electric Power Consumption,2006-12-17T04:14:00
"Sceaux household, France",2006-12,electricity consumption,0.04143333,kWh,UCI 235 - Individual Household Electric Power Consumption,2006-12-17T04:15:00
"Sceaux household, France",2006-12,electricity consumption,0.03226667,kWh,UCI 235 - Individual Household Electric Power Consumption,2006-12-17T04:16:00
"Sceaux household, France",2006-12,electricity consumption,0.00626667,kWh,UCI 235 - Individual Household Electric Power Consumption,2006-12-17T04:17:00
"Sceaux household, France",2006-12,electricity consumption,0.01513333,kWh,UCI 235 - Individual Household Electric Power Consumption,2006-12-17T04:18:00
"Sceaux household, France",2006-12,electricity consumption,0.03893333,kWh,UCI 235 - Individual Household Electric Power Consumption,2006-12-17T04:19:00
"Sceaux household, France",2006-12,electricity consumption,0.0391,kWh,UCI 235 - Individual Household Electric Power Consumption,2006-12-17T04:20:00
"Sceaux household, France",2006-12,electricity consumption,0.0388,kWh,UCI 235 - Individual Household Electric Power Consumption,2006-12-17T04:21:00
"Sceaux household, France",2006-12,electricity consumption,0.02846667,kWh,UCI 235 - Individual Household Electric Power Consumption,2006-12-17T04:22:00
"Sceaux household, France",2006-12,electricity consumption,0.00343333,kWh,UCI 235 - Individual Household Electric Power Consumption,2006-12-17T04:23:00
"Sceaux household, France",2006-12,electricity consumption,0.0086,kWh,UCI 235 - Individual Household Electric Power Consumption,2006-12-17T04:24:00
"Sceaux household, France",2006-12,electricity consumption,0.04043333,kWh,UCI 235 - Individual Household Electric Power Consumption,2006-12-17T04:25:00
"Sceaux household, France",2006-12,electricity consumption,0.0405,kWh,UCI 235 - Individual Household Electric Power Consumption,2006-12-17T04:26:00
"Sceaux household, France",2006-12,electricity consumption,0.0404,kWh,UCI 235 - Individual Household Electric Power Consumption,2006-12-17T04:27:00
"Sceaux household, France",2006-12,electricity consumption,0.03843333,kWh,UCI 235 - Individual Household Electric Power Consumption,2006-12-17T04:28:00
"Sceaux household, France",2006-12,electricity consumption,0.0048,kWh,UCI 235 - Individual Household Electric Power Consumption,2006-12-17T04:29:00
"Sceaux household, France",2006-12,electricity consumption,0.0126,kWh,UCI 235 - Individual Household Electric Power Consumption,2006-12-17T04:30:00
"Sceaux household, France",2006-12,electricity consumption,0.0583,kWh,UCI 235 - Individual Household Electric Power Consumption,2006-12-17T04:31:00
"Sceaux household, France",2006-12,electricity consumption,0.0587,kWh,UCI 235 - Individual Household Electric Power Consumption,2006-12-17T04:32:00
"Sceaux household, France",2006-12,electricity consumption,0.05766667,kWh,UCI 235 - Individual Household Electric Power Consumption,2006-12-17T04:33:00
"Sceaux household, France",2006-12,electricity consumption,0.05723333,kWh,UCI 235 - Individual Household Electric Power Consumption,2006-12-17T04:34:00
"Sceaux household, France",2006-12,electricity consumption,0.02743333,kWh,UCI 235 - Individual Household Electric Power Consumption,2006-12-17T04:35:00
"Sceaux household, France",2006-12,electricity consumption,0.02226667,kWh,UCI 235 - Individual Household Electric Power Consumption,2006-12-17T04:36:00
"Sceaux household, France",2006-12,electricity consumption,0.0479,kWh,UCI 235 - Individual Household Electric Power Consumption,2006-12-17T04:37:00
"Sceaux household, France",2006-12,electricity consumption,0.05683333,kWh,UCI 235 - Individual Household Electric Power Consumption,2006-12-17T04:38:00
"Sceaux household, France",2006-12,electricity consumption,0.05686667,kWh,UCI 235 - Individual Household Electric Power Consumption,2006-12-17T04:39:00
"Sceaux household, France",2006-12,electricity consumption,0.05643333,kWh,UCI 235 - Individual Household Electric Power Consumption,2006-12-17T04:40:00
"Sceaux household, France",2006-12,electricity consumption,0.03073333,kWh,UCI 235 - Individual Household Electric Power Consumption,2006-12-17T04:41:00
"Sceaux household, France",2006-12,electricity consumption,0.02356667,kWh,UCI 235 - Individual Household Electric Power Consumption,2006-12-17T04:42:00
"Sceaux household, France",2006-12,electricity consumption,0.05586667,kWh,UCI 235 - Individual Household Electric Power Consumption,2006-12-17T04:43:00
"Sceaux household, France",2006-12,electricity consumption,0.05833333,kWh,UCI 235 - Individual Household Electric Power Consumption,2006-12-17T04:44:00
"Sceaux household, France",2006-12,electricity consumption,0.0586,kWh,UCI 235 - Individual Household Electric Power Consumption,2006-12-17T04:45:00
"Sceaux household, France",2006-12,electricity consumption,0.0529,kWh,UCI 235 - Individual Household Electric Power Consumption,2006-12-17T04:46:00
"Sceaux household, France",2006-12,electricity consumption,0.0238,kWh,UCI 235 - Individual Household Electric Power Consumption,2006-12-17T04:47:00
"Sceaux household, France",2006-12,electricity consumption,0.03323333,kWh,UCI 235 - Individual Household Electric Power Consumption,2006-12-17T04:48:00
"Sceaux household, France",2006-12,electricity consumption,0.0582,kWh,UCI 235 - Individual Household Electric Power Consumption,2006-12-17T04:49:00
"Sceaux household, France",2006-12,electricity consumption,0.05766667,kWh,UCI 235 - Individual Household Electric Power Consumption,2006-12-17T04:50:00
"Sceaux household, France",2006-12,electricity consumption,0.0582,kWh,UCI 235 - Individual Household Electric Power Consumption,2006-12-17T04:51:00
"Sceaux household, France",2006-12,electricity consumption,0.05803333,kWh,UCI 235 - Individual Household Electric Power Consumption,2006-12-17T04:52:00
"Sceaux household, France",2006-12,electricity consumption,0.02486667,kWh,UCI 235 - Individual Household Electric Power Consumption,2006-12-17T04:53:00
"Sceaux household, France",2006-12,electricity consumption,0.0221,kWh,UCI 235 - Individual Household Electric Power Consumption,2006-12-17T04:54:00
"Sceaux household, France",2006-12,electricity consumption,0.0547,kWh,UCI 235 - Individual Household Electric Power Consumption,2006-12-17T04:55:00
"Sceaux household, France",2006-12,electricity consumption,0.05703333,kWh,UCI 235 - Individual Household Electric Power Consumption,2006-12-17T04:56:00
"Sceaux household, France",2006-12,electricity consumption,0.05706667,kWh,UCI 235 - Individual Household Electric Power Consumption,2006-12-17T04:57:00
"Sceaux household, France",2006-12,electricity consumption,0.05423333,kWh,UCI 235 - Individual Household Electric Power Consumption,2006-12-17T04:58:00
"Sceaux household, France",2006-12,electricity consumption,0.022,kWh,UCI 235 - Individual Household Electric Power Consumption,2006-12-17T04:59:00
"Sceaux household, France",2006-12,electricity consumption,0.03823333,kWh,UCI 235 - Individual Household Electric Power Consumption,2006-12-17T05:00:00
"Sceaux household, France",2006-12,electricity consumption,0.05666667,kWh,UCI 235 - Individual Household Electric Power Consumption,2006-12-17T05:01:00
"Sceaux household, France",2006-12,electricity consumption,0.0567,kWh,UCI 235 - Individual Household Electric Power Consumption,2006-12-17T05:02:00
"Sceaux household, France",2006-12,electricity consumption,0.05696667,kWh,UCI 235 - Individual Household Electric Power Consumption,2006-12-17T05:03:00
"Sceaux household, France",2006-12,electricity consumption,0.0499,kWh,UCI 235 - Individual Household Electric Power Consumption,2006-12-17T05:04:00
"Sceaux household, France",2006-12,electricity consumption,0.0221,kWh,UCI 235 - Individual Household Electric Power Consumption,2006-12-17T05:05:00
"Sceaux household, France",2006-12,electricity consumption,0.03366667,kWh,UCI 235 - Individual Household Electric Power Consumption,2006-12-17T05:06:00
"Sceaux household, France",2006-12,electricity consumption,0.0563,kWh,UCI 235 - Individual Household Electric Power Consumption,2006-12-17T05:07:00
"Sceaux household, France",2006-12,electricity consumption,0.0562,kWh,UCI 235 - Individual Household Electric Power Consumption,2006-12-17T05:08:00
"Sceaux household, France",2006-12,electricity consumption,0.05623333,kWh,UCI 235 - Individual Household Electric Power Consumption,2006-12-17T05:09:00
"Sceaux household, France",2006-12,electricity consumption,0.0571,kWh,UCI 235 - Individual Household Electric Power Consumption,2006-12-17T05:10:00
"Sceaux household, France",2006-12,electricity consumption,0.02436667,kWh,UCI 235 - Individual Household Electric Power Consumption,2006-12-17T05:11:00
"Sceaux household, France",2006-12,electricity consumption,0.03056667,kWh,UCI 235 - Individual Household Electric Power Consumption,2006-12-17T05:12:00
"Sceaux household, France",2006-12,electricity consumption,0.0577,kWh,UCI 235 - Individual Household Electric Power Consumption,2006-12-17T05:13:00
"Sceaux household, France",2006-12,electricity consumption,0.0581,kWh,UCI 235 - Individual Household Electric Power Consumption,2006-12-17T05:14:00
"Sceaux household, France",2006-12,electricity consumption,0.0485,kWh,UCI 235 - Individual Household Electric Power Consumption,2006-12-17T05:15:00
"Sceaux household, France",2006-12,electricity consumption,0.0156,kWh,UCI 235 - Individual Household Electric Power Consumption,2006-12-17T05:16:00
"Sceaux household, France",2006-12,electricity consumption,0.00563333,kWh,UCI 235 - Individual Household Electric Power Consumption,2006-12-17T05:17:00
"Sceaux household, France",2006-12,electricity consumption,0.0321,kWh,UCI 235 - Individual Household Electric Power Consumption,2006-12-17T05:18:00
"Sceaux household, France",2006-12,electricity consumption,0.04033333,kWh,UCI 235 - Individual Household Electric Power Consumption,2006-12-17T05:19:00
"Sceaux household, France",2006-12,electricity consumption,0.04063333,kWh,UCI 235 - Individual Household Electric Power Consumption,2006-12-17T05:20:00
"Sceaux household, France",2006-12,electricity consumption,0.0405,kWh,UCI 235 - Individual Household Electric Power Consumption,2006-12-17T05:21:00
"Sceaux household, France",2006-12,electricity consumption,0.0409,kWh,UCI 235 - Individual Household Electric Power Consumption,2006-12-17T05:22:00
"Sceaux household, France",2006-12,electricity consumption,0.00706667,kWh,UCI 235 - Individual Household Electric Power Consumption,2006-12-17T05:23:00
"Sceaux household, France",2006-12,electricity consumption,0.01193333,kWh,UCI 235 - Individual Household Electric Power Consumption,2006-12-17T05:24:00
"Sceaux household, France",2006-12,electricity consumption,0.04103333,kWh,UCI 235 - Individual Household Electric Power Consumption,2006-12-17T05:25:00
"Sceaux household, France",2006-12,electricity consumption,0.041,kWh,UCI 235 - Individual Household Electric Power Consumption,2006-12-17T05:26:00
"Sceaux household, France",2006-12,electricity consumption,0.0403,kWh,UCI 235 - Individual Household Electric Power Consumption,2006-12-17T05:27:00
"Sceaux household, France",2006-12,electricity consumption,0.01666667,kWh,UCI 235 - Individual Household Electric Power Consumption,2006-12-17T05:28:00
"Sceaux household, France",2006-12,electricity consumption,0.00496667,kWh,UCI 235 - Individual Household Electric Power Consumption,2006-12-17T05:29:00
"Sceaux household, France",2006-12,electricity consumption,0.0275,kWh,UCI 235 - Individual Household Electric Power Consumption,2006-12-17T05:30:00
"Sceaux household, France",2006-12,electricity consumption,0.0385,kWh,UCI 235 - Individual Household Electric Power Consumption,2006-12-17T05:31:00
"Sceaux household, France",2006-12,electricity consumption,0.03886667,kWh,UCI 235 - Individual Household Electric Power Consumption,2006-12-17T05:32:00
"Sceaux household, France",2006-12,electricity consumption,0.03736667,kWh,UCI 235 - Individual Household Electric Power Consumption,2006-12-17T05:33:00
"Sceaux household, France",2006-12,electricity consumption,0.00373333,kWh,UCI 235 - Individual Household Electric Power Consumption,2006-12-17T05:34:00
"Sceaux household, France",2006-12,electricity consumption,0.01253333,kWh,UCI 235 - Individual Household Electric Power Consumption,2006-12-17T05:35:00
"Sceaux household, France",2006-12,electricity consumption,0.03883333,kWh,UCI 235 - Individual Household Electric Power Consumption,2006-12-17T05:36:00
"Sceaux household, France",2006-12,electricity consumption,0.0387,kWh,UCI 235 - Individual Household Electric Power Consumption,2006-12-17T05:37:00
"Sceaux household, France",2006-12,electricity consumption,0.03853333,kWh,UCI 235 - Individual Household Electric Power Consumption,2006-12-17T05:38:00
"Sceaux household, France",2006-12,electricity consumption,0.01266667,kWh,UCI 235 - Individual Household Electric Power Consumption,2006-12-17T05:39:00
"Sceaux household, France",2006-12,electricity consumption,0.00606667,kWh,UCI 235 - Individual Household Electric Power Consumption,2006-12-17T05:40:00
"Sceaux household, France",2006-12,electricity consumption,0.03893333,kWh,UCI 235 - Individual Household Electric Power Consumption,2006-12-17T05:41:00
"Sceaux household, France",2006-12,electricity consumption,0.03853333,kWh,UCI 235 - Individual Household Electric Power Consumption,2006-12-17T05:42:00
"Sceaux household, France",2006-12,electricity consumption,0.03886667,kWh,UCI 235 - Individual Household Electric Power Consumption,2006-12-17T05:43:00
"Sceaux household, France",2006-12,electricity consumption,0.01426667,kWh,UCI 235 - Individual Household Electric Power Consumption,2006-12-17T05:44:00
"Sceaux household, France",2006-12,electricity consumption,0.0144,kWh,UCI 235 - Individual Household Electric Power Consumption,2006-12-17T05:45:00
"Sceaux household, France",2006-12,electricity consumption,0.03836667,kWh,UCI 235 - Individual Household Electric Power Consumption,2006-12-17T05:46:00
"Sceaux household, France",2006-12,electricity consumption,0.03873333,kWh,UCI 235 - Individual Household Electric Power Consumption,2006-12-17T05:47:00
"Sceaux household, France",2006-12,electricity consumption,0.03086667,kWh,UCI 235 - Individual Household Electric Power Consumption,2006-12-17T05:48:00
"Sceaux household, France",2006-12,electricity consumption,0.00376667,kWh,UCI 235 - Individual Household Electric Power Consumption,2006-12-17T05:49:00
"Sceaux household, France",2006-12,electricity consumption,0.0364,kWh,UCI 235 - Individual Household Electric Power Consumption,2006-12-17T05:50:00
"Sceaux household, France",2006-12,electricity consumption,0.03966667,kWh,UCI 235 - Individual Household Electric Power Consumption,2006-12-17T05:51:00
"Sceaux household, France",2006-12,electricity consumption,0.032,kWh,UCI 235 - Individual Household Electric Power Consumption,2006-12-17T05:52:00
"Sceaux household, France",2006-12,electricity consumption,0.00423333,kWh,UCI 235 - Individual Household Electric Power Consumption,2006-12-17T05:53:00
"Sceaux household, France",2006-12,electricity consumption,0.03606667,kWh,UCI 235 - Individual Household Electric Power Consumption,2006-12-17T05:54:00
"Sceaux household, France",2006-12,electricity consumption,0.04256667,kWh,UCI 235 - Individual Household Electric Power Consumption,2006-12-17T05:55:00
"Sceaux household, France",2006-12,electricity consumption,0.03376667,kWh,UCI 235 - Individual Household Electric Power Consumption,2006-12-17T05:56:00
"Sceaux household, France",2006-12,electricity consumption,0.0069,kWh,UCI 235 - Individual Household Electric Power Consumption,2006-12-17T05:57:00
"Sceaux household, France",2006-12,electricity consumption,0.0351,kWh,UCI 235 - Individual Household Electric Power Consumption,2006-12-17T05:58:00
"Sceaux household, France",2006-12,electricity consumption,0.04203333,kWh,UCI 235 - Individual Household Electric Power Consumption,2006-12-17T05:59:00
"Sceaux household, France",2006-12,electricity consumption,0.0346,kWh,UCI 235 - Individual Household Electric Power Consumption,2006-12-17T06:00:00
"Sceaux household, France",2006-12,electricity consumption,0.0067,kWh,UCI 235 - Individual Household Electric Power Consumption,2006-12-17T06:01:00
"Sceaux household, France",2006-12,electricity consumption,0.0353,kWh,UCI 235 - Individual Household Electric Power Consumption,2006-12-17T06:02:00
"Sceaux household, France",2006-12,electricity consumption,0.04143333,kWh,UCI 235 - Individual Household Electric Power Consumption,2006-12-17T06:03:00
"Sceaux household, France",2006-12,electricity consumption,0.02233333,kWh,UCI 235 - Individual Household Electric Power Consumption,2006-12-17T06:04:00
"Sceaux household, France",2006-12,electricity consumption,0.0111,kWh,UCI 235 - Individual Household Electric Power Consumption,2006-12-17T06:05:00
"Sceaux household, France",2006-12,electricity consumption,0.04066667,kWh,UCI 235 - Individual Household Electric Power Consumption,2006-12-17T06:06:00
"Sceaux household, France",2006-12,electricity consumption,0.04043333,kWh,UCI 235 - Individual Household Electric Power Consumption,2006-12-17T06:07:00
"Sceaux household, France",2006-12,electricity consumption,0.0213,kWh,UCI 235 - Individual Household Electric Power Consumption,2006-12-17T06:08:00
"Sceaux household, France",2006-12,electricity consumption,0.00716667,kWh,UCI 235 - Individual Household Electric Power Consumption,2006-12-17T06:09:00
"Sceaux household, France",2006-12,electricity consumption,0.04043333,kWh,UCI 235 - Individual Household Electric Power Consumption,2006-12-17T06:10:00
"Sceaux household, France",2006-12,electricity consumption,0.0397,kWh,UCI 235 - Individual Household Electric Power Consumption,2006-12-17T06:11:00
"Sceaux household, France",2006-12,electricity consumption,0.0401,kWh,UCI 235 - Individual Household Electric Power Consumption,2006-12-17T06:12:00
"Sceaux household, France",2006-12,electricity consumption,0.0055,kWh,UCI 235 - Individual Household Electric Power Consumption,2006-12-17T06:13:00
"Sceaux household, France",2006-12,electricity consumption,0.02013333,kWh,UCI 235 - Individual Household Electric Power Consumption,2006-12-17T06:14:00
"Sceaux household, France",2006-12,electricity consumption,0.0401,kWh,UCI 235 - Individual Household Electric Power Consumption,2006-12-17T06:15:00
"Sceaux household, France",2006-12,electricity consumption,0.0407,kWh,UCI 235 - Individual Household Electric Power Consumption,2006-12-17T06:16:00
"Sceaux household, France",2006-12,electricity consumption,0.04043333,kWh,UCI 235 - Individual Household Electric Power Consumption,2006-12-17T06:17:00
"Sceaux household, France",2006-12,electricity consumption,0.04053333,kWh,UCI 235 - Individual Household Electric Power Consumption,2006-12-17T06:18:00
"Sceaux household, France",2006-12,electricity consumption,0.04023333,kWh,UCI 235 - Individual Household Electric Power Consumption,2006-12-17T06:19:00
"Sceaux household, France",2006-12,electricity consumption,0.00806667,kWh,UCI 235 - Individual Household Electric Power Consumption,2006-12-17T06:20:00
"Sceaux household, France",2006-12,electricity consumption,0.0052,kWh,UCI 235 - Individual Household Electric Power Consumption,2006-12-17T06:21:00
"Sceaux household, France",2006-12,electricity consumption,0.0392,kWh,UCI 235 - Individual Household Electric Power Consumption,2006-12-17T06:22:00
"Sceaux household, France",2006-12,electricity consumption,0.04046667,kWh,UCI 235 - Individual Household Electric Power Consumption,2006-12-17T06:23:00
"Sceaux household, France",2006-12,electricity consumption,0.04303333,kWh,UCI 235 - Individual Household Electric Power Consumption,2006-12-17T06:24:00
"Sceaux household, France",2006-12,electricity consumption,0.0464,kWh,UCI 235 - Individual Household Electric Power Consumption,2006-12-17T06:25:00
"Sceaux household, France",2006-12,electricity consumption,0.04466667,kWh,UCI 235 - Individual Household Electric Power Consumption,2006-12-17T06:26:00
"Sceaux household, France",2006-12,electricity consumption,0.02366667,kWh,UCI 235 - Individual Household Electric Power Consumption,2006-12-17T06:27:00
"Sceaux household, France",2006-12,electricity consumption,0.01513333,kWh,UCI 235 - Individual Household Electric Power Consumption,2006-12-17T06:28:00
"Sceaux household, France",2006-12,electricity consumption,0.05323333,kWh,UCI 235 - Individual Household Electric Power Consumption,2006-12-17T06:29:00
"Sceaux household, France",2006-12,electricity consumption,0.05546667,kWh,UCI 235 - Individual Household Electric Power Consumption,2006-12-17T06:30:00
"Sceaux household, France",2006-12,electricity consumption,0.0445,kWh,UCI 235 - Individual Household Electric Power Consumption,2006-12-17T06:31:00
"Sceaux household, France",2006-12,electricity consumption,0.02063333,kWh,UCI 235 - Individual Household Electric Power Consumption,2006-12-17T06:32:00
"Sceaux household, France",2006-12,electricity consumption,0.01866667,kWh,UCI 235 - Individual Household Electric Power Consumption,2006-12-17T06:33:00
"Sceaux household, France",2006-12,electricity consumption,0.00986667,kWh,UCI 235 - Individual Household Electric Power Consumption,2006-12-17T06:34:00
"Sceaux household, France",2006-12,electricity consumption,0.01333333,kWh,UCI 235 - Individual Household Electric Power Consumption,2006-12-17T06:35:00
"Sceaux household, France",2006-12,electricity consumption,0.01366667,kWh,UCI 235 - Individual Household Electric Power Consumption,2006-12-17T06:36:00
"Sceaux household, France",2006-12,electricity consumption,0.01326667,kWh,UCI 235 - Individual Household Electric Power Consumption,2006-12-17T06:37:00
"Sceaux household, France",2006-12,electricity consumption,0.0133,kWh,UCI 235 - Individual Household Electric Power Consumption,2006-12-17T06:38:00
"Sceaux household, France",2006-12,electricity consumption,0.01156667,kWh,UCI 235 - Individual Household Electric Power Consumption,2006-12-17T06:39:00
"Sceaux household, France",2006-12,electricity consumption,0.01156667,kWh,UCI 235 - Individual Household Electric Power Consumption,2006-12-17T06:40:00
"Sceaux household, France",2006-12,electricity consumption,0.01263333,kWh,UCI 235 - Individual Household Electric Power Consumption,2006-12-17T06:41:00
"Sceaux household, France",2006-12,electricity consumption,0.01136667,kWh,UCI 235 - Individual Household Electric Power Consumption,2006-12-17T06:42:00
"Sceaux household, France",2006-12,electricity consumption,0.01106667,kWh,UCI 235 - Individual Household Electric Power Consumption,2006-12-17T06:43:00
"Sceaux household, France",2006-12,electricity consumption,0.0107,kWh,UCI 235 - Individual Household Electric Power Consumption,2006-12-17T06:44:00
"Sceaux household, France",2006-12,electricity consumption,0.011,kWh,UCI 235 - Individual Household Electric Power Consumption,2006-12-17T06:45:00
"Sceaux household, France",2006-12,electricity consumption,0.0106,kWh,UCI 235 - Individual Household Electric Power Consumption,2006-12-17T06:46:00
"Sceaux household, France",2006-12,electricity consumption,0.011,kWh,UCI 235 - Individual Household Electric Power Consumption,2006-12-17T06:47:00
"Sceaux household, France",2006-12,electricity consumption,0.01063333,kWh,UCI 235 - Individual Household Electric Power Consumption,2006-12-17T06:48:00
"Sceaux household, France",2006-12,electricity consumption,0.00796667,kWh,UCI 235 - Individual Household Electric Power Consumption,2006-12-17T06:49:00
"Sceaux household, France",2006-12,electricity consumption,0.00526667,kWh,UCI 235 - Individual Household Electric Power Consumption,2006-12-17T06:50:00
"Sceaux household, France",2006-12,electricity consumption,0.0055,kWh,UCI 235 - Individual Household Electric Power Consumption,2006-12-17T06:51:00
"Sceaux household, France",2006-12,electricity consumption,0.00633333,kWh,UCI 235 - Individual Household Electric Power Consumption,2006-12-17T06:52:00
"Sceaux household, France",2006-12,electricity consumption,0.0087,kWh,UCI 235 - Individual Household Electric Power Consumption,2006-12-17T06:53:00
"Sceaux household, France",2006-12,electricity consumption,0.00703333,kWh,UCI 235 - Individual Household Electric Power Consumption,2006-12-17T06:54:00
"Sceaux household, France",2006-12,electricity consumption,0.00436667,kWh,UCI 235 - Individual Household Electric Power Consumption,2006-12-17T06:55:00
"Sceaux household, France",2006-12,electricity consumption,0.00366667,kWh,UCI 235 - Individual Household Electric Power Consumption,2006-12-17T06:56:00
"Sceaux household, France",2006-12,electricity consumption,0.0041,kWh,UCI 235 - Individual Household Electric Power Consumption,2006-12-17T06:57:00
"Sceaux household, France",2006-12,electricity consumption,0.00353333,kWh,UCI 235 - Individual Household Electric Power Consumption,2006-12-17T06:58:00
"Sceaux household, France",2006-12,electricity consumption,0.00403333,kWh,UCI 235 - Individual Household Electric Power Consumption,2006-12-17T06:59:00
"Sceaux household, France",2006-12,electricity consumption,0.0037,kWh,UCI 235 - Individual Household Electric Power Consumption,2006-12-17T07:00:00
"Sceaux household, France",2006-12,electricity consumption,0.004,kWh,UCI 235 - Individual Household Electric Power Consumption,2006-12-17T07:01:00
"Sceaux household, France",2006-12,electricity consumption,0.0036,kWh,UCI 235 - Individual Household Electric Power Consumption,2006-12-17T07:02:00
"Sceaux household, France",2006-12,electricity consumption,0.0038,kWh,UCI 235 - Individual Household Electric Power Consumption,2006-12-17T07:03:00
"Sceaux household, France",2006-12,electricity consumption,0.0035,kWh,UCI 235 - Individual Household Electric Power Consumption,2006-12-17T07:04:00
"Sceaux household, France",2006-12,electricity consumption,0.0046,kWh,UCI 235 - Individual Household Electric Power Consumption,2006-12-17T07:05:00
"Sceaux household, France",2006-12,electricity consumption,0.00536667,kWh,UCI 235 - Individual Household Electric Power Consumption,2006-12-17T07:06:00
"Sceaux household, France",2006-12,electricity consumption,0.0056,kWh,UCI 235 - Individual Household Electric Power Consumption,2006-12-17T07:07:00
"Sceaux household, France",2006-12,electricity consumption,0.0053,kWh,UCI 235 - Individual Household Electric Power Consumption,2006-12-17T07:08:00
"Sceaux household, France",2006-12,electricity consumption,0.00523333,kWh,UCI 235 - Individual Household Electric Power Consumption,2006-12-17T07:09:00
"Sceaux household, France",2006-12,electricity consumption,0.00546667,kWh,UCI 235 - Individual Household Electric Power Consumption,2006-12-17T07:10:00
"Sceaux household, France",2006-12,electricity consumption,0.00513333,kWh,UCI 235 - Individual Household Electric Power Consumption,2006-12-17T07:11:00
"Sceaux household, France",2006-12,electricity consumption,0.00543333,kWh,UCI 235 - Individual Household Electric Power Consumption,2006-12-17T07:12:00
"Sceaux household, France",2006-12,electricity consumption,0.00506667,kWh,UCI 235 - Individual Household Electric Power Consumption,2006-12-17T07:13:00
"Sceaux household, France",2006-12,electricity consumption,0.03676667,kWh,UCI 235 - Individual Household Electric Power Consumption,2006-12-17T07:14:00
"Sceaux household, France",2006-12,electricity consumption,0.03896667,kWh,UCI 235 - Individual Household Electric Power Consumption,2006-12-17T07:15:00
"Sceaux household, France",2006-12,electricity consumption,0.03936667,kWh,UCI 235 - Individual Household Electric Power Consumption,2006-12-17T07:16:00
"Sceaux household, France",2006-12,electricity consumption,0.03926667,kWh,UCI 235 - Individual Household Electric Power Consumption,2006-12-17T07:17:00
"Sceaux household, France",2006-12,electricity consumption,0.03873333,kWh,UCI 235 - Individual Household Electric Power Consumption,2006-12-17T07:18:00
"Sceaux household, France",2006-12,electricity consumption,0.03773333,kWh,UCI 235 - Individual Household Electric Power Consumption,2006-12-17T07:19:00
"Sceaux household, France",2006-12,electricity consumption,0.038,kWh,UCI 235 - Individual Household Electric Power Consumption,2006-12-17T07:20:00
"Sceaux household, France",2006-12,electricity consumption,0.03763333,kWh,UCI 235 - Individual Household Electric Power Consumption,2006-12-17T07:21:00
"Sceaux household, France",2006-12,electricity consumption,0.03843333,kWh,UCI 235 - Individual Household Electric Power Consumption,2006-12-17T07:22:00
"Sceaux household, France",2006-12,electricity consumption,0.03813333,kWh,UCI 235 - Individual Household Electric Power Consumption,2006-12-17T07:23:00
"Sceaux household, France",2006-12,electricity consumption,0.03833333,kWh,UCI 235 - Individual Household Electric Power Consumption,2006-12-17T07:24:00
"Sceaux household, France",2006-12,electricity consumption,0.0391,kWh,UCI 235 - Individual Household Electric Power Consumption,2006-12-17T07:25:00
"Sceaux household, France",2006-12,electricity consumption,0.03963333,kWh,UCI 235 - Individual Household Electric Power Consumption,2006-12-17T07:26:00
"Sceaux household, France",2006-12,electricity consumption,0.0391,kWh,UCI 235 - Individual Household Electric Power Consumption,2006-12-17T07:27:00
"Sceaux household, France",2006-12,electricity consumption,0.03916667,kWh,UCI 235 - Individual Household Electric Power Consumption,2006-12-17T07:28:00
"Sceaux household, France",2006-12,electricity consumption,0.03876667,kWh,UCI 235 - Individual Household Electric Power Consumption,2006-12-17T07:29:00
"Sceaux household, France",2006-12,electricity consumption,0.03893333,kWh,UCI 235 - Individual Household Electric Power Consumption,2006-12-17T07:30:00
"Sceaux household, France",2006-12,electricity consumption,0.03876667,kWh,UCI 235 - Individual Household Electric Power Consumption,2006-12-17T07:31:00
"Sceaux household, France",2006-12,electricity consumption,0.0084,kWh,UCI 235 - Individual Household Electric Power Consumption,2006-12-17T07:32:00
"Sceaux household, France",2006-12,electricity consumption,0.00446667,kWh,UCI 235 - Individual Household Electric Power Consumption,2006-12-17T07:33:00
"Sceaux household, France",2006-12,electricity consumption,0.0289,kWh,UCI 235 - Individual Household Electric Power Consumption,2006-12-17T07:34:00
"Sceaux household, France",2006-12,electricity consumption,0.03863333,kWh,UCI 235 - Individual Household Electric Power Consumption,2006-12-17T07:35:00
"Sceaux household, France",2006-12,electricity consumption,0.0387,kWh,UCI 235 - Individual Household Electric Power Consumption,2006-12-17T07:36:00
"Sceaux household, France",2006-12,electricity consumption,0.03836667,kWh,UCI 235 - Individual Household Electric Power Consumption,2006-12-17T07:37:00
"Sceaux household, France",2006-12,electricity consumption,0.03863333,kWh,UCI 235 - Individual Household Electric Power Consumption,2006-12-17T07:38:00
"Sceaux household, France",2006-12,electricity consumption,0.03836667,kWh,UCI 235 - Individual Household Electric Power Consumption,2006-12-17T07:39:00
"Sceaux household, France",2006-12,electricity consumption,0.03816667,kWh,UCI 235 - Individual Household Electric Power Consumption,2006-12-17T07:40:00
"Sceaux household, France",2006-12,electricity consumption,0.0396,kWh,UCI 235 - Individual Household Electric Power Consumption,2006-12-17T07:41:00
"Sceaux household, France",2006-12,electricity consumption,0.00613333,kWh,UCI 235 - Individual Household Electric Power Consumption,2006-12-17T07:42:00
"Sceaux household, France",2006-12,electricity consumption,0.00553333,kWh,UCI 235 - Individual Household Electric Power Consumption,2006-12-17T07:43:00
"Sceaux household, France",2006-12,electricity consumption,0.0289,kWh,UCI 235 - Individual Household Electric Power Consumption,2006-12-17T07:44:00
"Sceaux household, France",2006-12,electricity consumption,0.04026667,kWh,UCI 235 - Individual Household Electric Power Consumption,2006-12-17T07:45:00
"Sceaux household, France",2006-12,electricity consumption,0.04,kWh,UCI 235 - Individual Household Electric Power Consumption,2006-12-17T07:46:00
"Sceaux household, France",2006-12,electricity consumption,0.0403,kWh,UCI 235 - Individual Household Electric Power Consumption,2006-12-17T07:47:00
"Sceaux household, France",2006-12,electricity consumption,0.0398,kWh,UCI 235 - Individual Household Electric Power Consumption,2006-12-17T07:48:00
"Sceaux household, France",2006-12,electricity consumption,0.0401,kWh,UCI 235 - Individual Household Electric Power Consumption,2006-12-17T07:49:00
"Sceaux household, France",2006-12,electricity consumption,0.03963333,kWh,UCI 235 - Individual Household Electric Power Consumption,2006-12-17T07:50:00
"Sceaux household, France",2006-12,electricity consumption,0.0194,kWh,UCI 235 - Individual Household Electric Power Consumption,2006-12-17T07:51:00
"Sceaux household, France",2006-12,electricity consumption,0.005,kWh,UCI 235 - Individual Household Electric Power Consumption,2006-12-17T07:52:00
"Sceaux household, France",2006-12,electricity consumption,0.01166667,kWh,UCI 235 - Individual Household Electric Power Consumption,2006-12-17T07:53:00
"Sceaux household, France",2006-12,electricity consumption,0.0396,kWh,UCI 235 - Individual Household Electric Power Consumption,2006-12-17T07:54:00
"Sceaux household, France",2006-12,electricity consumption,0.03866667,kWh,UCI 235 - Individual Household Electric Power Consumption,2006-12-17T07:55:00
"Sceaux household, France",2006-12,electricity consumption,0.03796667,kWh,UCI 235 - Individual Household Electric Power Consumption,2006-12-17T07:56:00
"Sceaux household, France",2006-12,electricity consumption,0.038,kWh,UCI 235 - Individual Household Electric Power Consumption,2006-12-17T07:57:00
"Sceaux household, France",2006-12,electricity consumption,0.03796667,kWh,UCI 235 - Individual Household Electric Power Consumption,2006-12-17T07:58:00
"Sceaux household, France",2006-12,electricity consumption,0.03823333,kWh,UCI 235 - Individual Household Electric Power Consumption,2006-12-17T07:59:00
"Sceaux household, France",2006-12,electricity consumption,0.038,kWh,UCI 235 - Individual Household Electric Power Consumption,2006-12-17T08:00:00
"Sceaux household, France",2006-12,electricity consumption,0.03833333,kWh,UCI 235 - Individual Household Electric Power Consumption,2006-12-17T08:01:00
"Sceaux household, France",2006-12,electricity consumption,0.0035,kWh,UCI 235 - Individual Household Electric Power Consumption,2006-12-17T08:02:00
"Sceaux household, France",2006-12,electricity consumption,0.0036,kWh,UCI 235 - Individual Household Electric Power Consumption,2006-12-17T08:03:00
"Sceaux household, France",2006-12,electricity consumption,0.0376,kWh,UCI 235 - Individual Household Electric Power Consumption,2006-12-17T08:04:00
"Sceaux household, France",2006-12,electricity consumption,0.03853333,kWh,UCI 235 - Individual Household Electric Power Consumption,2006-12-17T08:05:00
"Sceaux household, France",2006-12,electricity consumption,0.03813333,kWh,UCI 235 - Individual Household Electric Power Consumption,2006-12-17T08:06:00
"Sceaux household, France",2006-12,electricity consumption,0.03846667,kWh,UCI 235 - Individual Household Electric Power Consumption,2006-12-17T08:07:00
"Sceaux household, France",2006-12,electricity consumption,0.03786667,kWh,UCI 235 - Individual Household Electric Power Consumption,2006-12-17T08:08:00
"Sceaux household, France",2006-12,electricity consumption,0.03923333,kWh,UCI 235 - Individual Household Electric Power Consumption,2006-12-17T08:09:00
"Sceaux household, France",2006-12,electricity consumption,0.01026667,kWh,UCI 235 - Individual Household Electric Power Consumption,2006-12-17T08:10:00
"Sceaux household, France",2006-12,electricity consumption,0.0047,kWh,UCI 235 - Individual Household Electric Power Consumption,2006-12-17T08:11:00
"Sceaux household, France",2006-12,electricity consumption,0.02966667,kWh,UCI 235 - Individual Household Electric Power Consumption,2006-12-17T08:12:00
"Sceaux household, France",2006-12,electricity consumption,0.03913333,kWh,UCI 235 - Individual Household Electric Power Consumption,2006-12-17T08:13:00
"Sceaux household, France",2006-12,electricity consumption,0.03946667,kWh,UCI 235 - Individual Household Electric Power Consumption,2006-12-17T08:14:00
"Sceaux household, France",2006-12,electricity consumption,0.03936667,kWh,UCI 235 - Individual Household Electric Power Consumption,2006-12-17T08:15:00
"Sceaux household, France",2006-12,electricity consumption,0.03963333,kWh,UCI 235 - Individual Household Electric Power Consumption,2006-12-17T08:16:00
"Sceaux household, France",2006-12,electricity consumption,0.0405,kWh,UCI 235 - Individual Household Electric Power Consumption,2006-12-17T08:17:00
"Sceaux household, France",2006-12,electricity consumption,0.04186667,kWh,UCI 235 - Individual Household Electric Power Consumption,2006-12-17T08:18:00
"Sceaux household, France",2006-12,electricity consumption,0.01026667,kWh,UCI 235 - Individual Household Electric Power Consumption,2006-12-17T08:19:00
"Sceaux household, France",2006-12,electricity consumption,0.00663333,kWh,UCI 235 - Individual Household Electric Power Consumption,2006-12-17T08:20:00
"Sceaux household, France",2006-12,electricity consumption,0.02546667,kWh,UCI 235 - Individual Household Electric Power Consumption,2006-12-17T08:21:00
"Sceaux household, France",2006-12,electricity consumption,0.0414,kWh,UCI 235 - Individual Household Electric Power Consumption,2006-12-17T08:22:00
"Sceaux household, France",2006-12,electricity consumption,0.04103333,kWh,UCI 235 - Individual Household Electric Power Consumption,2006-12-17T08:23:00
"Sceaux household, France",2006-12,electricity consumption,0.0417,kWh,UCI 235 - Individual Household Electric Power Consumption,2006-12-17T08:24:00
"Sceaux household, France",2006-12,electricity consumption,0.0414,kWh,UCI 235 - Individual Household Electric Power Consumption,2006-12-17T08:25:00
"Sceaux household, France",2006-12,electricity consumption,0.04143333,kWh,UCI 235 - Individual Household Electric Power Consumption,2006-12-17T08:26:00
"Sceaux household, France",2006-12,electricity consumption,0.034,kWh,UCI 235 - Individual Household Electric Power Consumption,2006-12-17T08:27:00
"Sceaux household, France",2006-12,electricity consumption,0.0067,kWh,UCI 235 - Individual Household Electric Power Consumption,2006-12-17T08:28:00
"Sceaux household, France",2006-12,electricity consumption,0.00633333,kWh,UCI 235 - Individual Household Electric Power Consumption,2006-12-17T08:29:00
"Sceaux household, France",2006-12,electricity consumption,0.03126667,kWh,UCI 235 - Individual Household Electric Power Consumption,2006-12-17T08:30:00
"Sceaux household, France",2006-12,electricity consumption,0.03933333,kWh,UCI 235 - Individual Household Electric Power Consumption,2006-12-17T08:31:00
"Sceaux household, France",2006-12,electricity consumption,0.0394,kWh,UCI 235 - Individual Household Electric Power Consumption,2006-12-17T08:32:00
"Sceaux household, France",2006-12,electricity consumption,0.03893333,kWh,UCI 235 - Individual Household Electric Power Consumption,2006-12-17T08:33:00
"Sceaux household, France",2006-12,electricity consumption,0.0392,kWh,UCI 235 - Individual Household Electric Power Consumption,2006-12-17T08:34:00
"Sceaux household, France",2006-12,electricity consumption,0.039,kWh,UCI 235 - Individual Household Electric Power Consumption,2006-12-17T08:35:00
"Sceaux household, France",2006-12,electricity consumption,0.03933333,kWh,UCI 235 - Individual Household Electric Power Consumption,2006-12-17T08:36:00
"Sceaux household, France",2006-12,electricity consumption,0.01523333,kWh,UCI 235 - Individual Household Electric Power Consumption,2006-12-17T08:37:00
"Sceaux household, France",2006-12,electricity consumption,0.00483333,kWh,UCI 235 - Individual Household Electric Power Consumption,2006-12-17T08:38:00
"Sceaux household, France",2006-12,electricity consumption,0.01763333,kWh,UCI 235 - Individual Household Electric Power Consumption,2006-12-17T08:39:00
"Sceaux household, France",2006-12,electricity consumption,0.03956667,kWh,UCI 235 - Individual Household Electric Power Consumption,2006-12-17T08:40:00
"Sceaux household, France",2006-12,electricity consumption,0.0398,kWh,UCI 235 - Individual Household Electric Power Consumption,2006-12-17T08:41:00
"Sceaux household, France",2006-12,electricity consumption,0.0393,kWh,UCI 235 - Individual Household Electric Power Consumption,2006-12-17T08:42:00
"Sceaux household, France",2006-12,electricity consumption,0.03823333,kWh,UCI 235 - Individual Household Electric Power Consumption,2006-12-17T08:43:00
"Sceaux household, France",2006-12,electricity consumption,0.03796667,kWh,UCI 235 - Individual Household Electric Power Consumption,2006-12-17T08:44:00
"Sceaux household, France",2006-12,electricity consumption,0.038,kWh,UCI 235 - Individual Household Electric Power Consumption,2006-12-17T08:45:00
"Sceaux household, France",2006-12,electricity consumption,0.00446667,kWh,UCI 235 - Individual Household Electric Power Consumption,2006-12-17T08:46:00
"Sceaux household, France",2006-12,electricity consumption,0.0037,kWh,UCI 235 - Individual Household Electric Power Consumption,2006-12-17T08:47:00
"Sceaux household, France",2006-12,electricity consumption,0.02703333,kWh,UCI 235 - Individual Household Electric Power Consumption,2006-12-17T08:48:00
"Sceaux household, France",2006-12,electricity consumption,0.03826667,kWh,UCI 235 - Individual Household Electric Power Consumption,2006-12-17T08:49:00
"Sceaux household, France",2006-12,electricity consumption,0.03796667,kWh,UCI 235 - Individual Household Electric Power Consumption,2006-12-17T08:50:00
"Sceaux household, France",2006-12,electricity consumption,0.03826667,kWh,UCI 235 - Individual Household Electric Power Consumption,2006-12-17T08:51:00
"Sceaux household, France",2006-12,electricity consumption,0.03766667,kWh,UCI 235 - Individual Household Electric Power Consumption,2006-12-17T08:52:00
"Sceaux household, France",2006-12,electricity consumption,0.049,kWh,UCI 235 - Individual Household Electric Power Consumption,2006-12-17T08:53:00
"Sceaux household, France",2006-12,electricity consumption,0.04653333,kWh,UCI 235 - Individual Household Electric Power Consumption,2006-12-17T08:54:00
"Sceaux household, France",2006-12,electricity consumption,0.0193,kWh,UCI 235 - Individual Household Electric Power Consumption,2006-12-17T08:55:00
"Sceaux household, France",2006-12,electricity consumption,0.01553333,kWh,UCI 235 - Individual Household Electric Power Consumption,2006-12-17T08:56:00
"Sceaux household, France",2006-12,electricity consumption,0.0419,kWh,UCI 235 - Individual Household Electric Power Consumption,2006-12-17T08:57:00
"Sceaux household, France",2006-12,electricity consumption,0.04973333,kWh,UCI 235 - Individual Household Electric Power Consumption,2006-12-17T08:58:00
"Sceaux household, France",2006-12,electricity consumption,0.04993333,kWh,UCI 235 - Individual Household Electric Power Consumption,2006-12-17T08:59:00
"Sceaux household, France",2006-12,electricity consumption,0.049,kWh,UCI 235 - Individual Household Electric Power Consumption,2006-12-17T09:00:00
"Sceaux household, France",2006-12,electricity consumption,0.05463333,kWh,UCI 235 - Individual Household Electric Power Consumption,2006-12-17T09:01:00
"Sceaux household, France",2006-12,electricity consumption,0.09846667,kWh,UCI 235 - Individual Household Electric Power Consumption,2006-12-17T09:02:00
"Sceaux household, France",2006-12,electricity consumption,0.11773333,kWh,UCI 235 - Individual Household Electric Power Consumption,2006-12-17T09:03:00
"Sceaux household, France",2006-12,electricity consumption,0.11543333,kWh,UCI 235 - Individual Household Electric Power Consumption,2006-12-17T09:04:00
"Sceaux household, France",2006-12,electricity consumption,0.10966667,kWh,UCI 235 - Individual Household Electric Power Consumption,2006-12-17T09:05:00
"Sceaux household, France",2006-12,electricity consumption,0.10083333,kWh,UCI 235 - Individual Household Electric Power Consumption,2006-12-17T09:06:00
"Sceaux household, France",2006-12,electricity consumption,0.10173333,kWh,UCI 235 - Individual Household Electric Power Consumption,2006-12-17T09:07:00
"Sceaux household, France",2006-12,electricity consumption,0.07936667,kWh,UCI 235 - Individual Household Electric Power Consumption,2006-12-17T09:08:00
"Sceaux household, France",2006-12,electricity consumption,0.0751,kWh,UCI 235 - Individual Household Electric Power Consumption,2006-12-17T09:09:00
"Sceaux household, France",2006-12,electricity consumption,0.07453333,kWh,UCI 235 - Individual Household Electric Power Consumption,2006-12-17T09:10:00
"Sceaux household, France",2006-12,electricity consumption,0.0618,kWh,UCI 235 - Individual Household Electric Power Consumption,2006-12-17T09:11:00
"Sceaux household, France",2006-12,electricity consumption,0.01206667,kWh,UCI 235 - Individual Household Electric Power Consumption,2006-12-17T09:12:00
"Sceaux household, France",2006-12,electricity consumption,0.03153333,kWh,UCI 235 - Individual Household Electric Power Consumption,2006-12-17T09:13:00
"Sceaux household, France",2006-12,electricity consumption,0.03353333,kWh,UCI 235 - Individual Household Electric Power Consumption,2006-12-17T09:14:00
"Sceaux household, France",2006-12,electricity consumption,0.03953333,kWh,UCI 235 - Individual Household Electric Power Consumption,2006-12-17T09:15:00
"Sceaux household, France",2006-12,electricity consumption,0.03976667,kWh,UCI 235 - Individual Household Electric Power Consumption,2006-12-17T09:16:00
"Sceaux household, France",2006-12,electricity consumption,0.04,kWh,UCI 235 - Individual Household Electric Power Consumption,2006-12-17T09:17:00
"Sceaux household, France",2006-12,electricity consumption,0.0404,kWh,UCI 235 - Individual Household Electric Power Consumption,2006-12-17T09:18:00
"Sceaux household, France",2006-12,electricity consumption,0.01776667,kWh,UCI 235 - Individual Household Electric Power Consumption,2006-12-17T09:19:00
"Sceaux household, France",2006-12,electricity consumption,0.00633333,kWh,UCI 235 - Individual Household Electric Power Consumption,2006-12-17T09:20:00
"Sceaux household, France",2006-12,electricity consumption,0.0272,kWh,UCI 235 - Individual Household Electric Power Consumption,2006-12-17T09:21:00
"Sceaux household, France",2006-12,electricity consumption,0.04016667,kWh,UCI 235 - Individual Household Electric Power Consumption,2006-12-17T09:22:00
"Sceaux household, France",2006-12,electricity consumption,0.03966667,kWh,UCI 235 - Individual Household Electric Power Consumption,2006-12-17T09:23:00
"Sceaux household, France",2006-12,electricity consumption,0.04003333,kWh,UCI 235 - Individual Household Electric Power Consumption,2006-12-17T09:24:00
"Sceaux household, France",2006-12,electricity consumption,0.04063333,kWh,UCI 235 - Individual Household Electric Power Consumption,2006-12-17T09:25:00
"Sceaux household, France",2006-12,electricity consumption,0.04053333,kWh,UCI 235 - Individual Household Electric Power Consumption,2006-12-17T09:26:00
"Sceaux household, France",2006-12,electricity consumption,0.02733333,kWh,UCI 235 - Individual Household Electric Power Consumption,2006-12-17T09:27:00
"Sceaux household, France",2006-12,electricity consumption,0.00706667,kWh,UCI 235 - Individual Household Electric Power Consumption,2006-12-17T09:28:00
"Sceaux household, France",2006-12,electricity consumption,0.0235,kWh,UCI 235 - Individual Household Electric Power Consumption,2006-12-17T09:29:00
"Sceaux household, France",2006-12,electricity consumption,0.04536667,kWh,UCI 235 - Individual Household Electric Power Consumption,2006-12-17T09:30:00
"Sceaux household, France",2006-12,electricity consumption,0.0452,kWh,UCI 235 - Individual Household Electric Power Consumption,2006-12-17T09:31:00
"Sceaux household, France",2006-12,electricity consumption,0.0451,kWh,UCI 235 - Individual Household Electric Power Consumption,2006-12-17T09:32:00
"Sceaux household, France",2006-12,electricity consumption,0.04146667,kWh,UCI 235 - Individual Household Electric Power Consumption,2006-12-17T09:33:00
"Sceaux household, France",2006-12,electricity consumption,0.0404,kWh,UCI 235 - Individual Household Electric Power Consumption,2006-12-17T09:34:00
"Sceaux household, France",2006-12,electricity consumption,0.02096667,kWh,UCI 235 - Individual Household Electric Power Consumption,2006-12-17T09:35:00
"Sceaux household, France",2006-12,electricity consumption,0.00616667,kWh,UCI 235 - Individual Household Electric Power Consumption,2006-12-17T09:36:00
"Sceaux household, France",2006-12,electricity consumption,0.0131,kWh,UCI 235 - Individual Household Electric Power Consumption,2006-12-17T09:37:00
"Sceaux household, France",2006-12,electricity consumption,0.04123333,kWh,UCI 235 - Individual Household Electric Power Consumption,2006-12-17T09:38:00
"Sceaux household, France",2006-12,electricity consumption,0.04123333,kWh,UCI 235 - Individual Household Electric Power Consumption,2006-12-17T09:39:00
"Sceaux household, France",2006-12,electricity consumption,0.04146667,kWh,UCI 235 - Individual Household Electric Power Consumption,2006-12-17T09:40:00
"Sceaux household, France",2006-12,electricity consumption,0.04143333,kWh,UCI 235 - Individual Household Electric Power Consumption,2006-12-17T09:41:00
"Sceaux household, France",2006-12,electricity consumption,0.04073333,kWh,UCI 235 - Individual Household Electric Power Consumption,2006-12-17T09:42:00
"Sceaux household, France",2006-12,electricity consumption,0.03786667,kWh,UCI 235 - Individual Household Electric Power Consumption,2006-12-17T09:43:00
"Sceaux household, France",2006-12,electricity consumption,0.00563333,kWh,UCI 235 - Individual Household Electric Power Consumption,2006-12-17T09:44:00
"Sceaux household, France",2006-12,electricity consumption,0.00483333,kWh,UCI 235 - Individual Household Electric Power Consumption,2006-12-17T09:45:00
"Sceaux household, France",2006-12,electricity consumption,0.02443333,kWh,UCI 235 - Individual Household Electric Power Consumption,2006-12-17T09:46:00
"Sceaux household, France",2006-12,electricity consumption,0.03873333,kWh,UCI 235 - Individual Household Electric Power Consumption,2006-12-17T09:47:00
"Sceaux household, France",2006-12,electricity consumption,0.03866667,kWh,UCI 235 - Individual Household Electric Power Consumption,2006-12-17T09:48:00
"Sceaux household, France",2006-12,electricity consumption,0.03846667,kWh,UCI 235 - Individual Household Electric Power Consumption,2006-12-17T09:49:00
"Sceaux household, France",2006-12,electricity consumption,0.03856667,kWh,UCI 235 - Individual Household Electric Power Consumption,2006-12-17T09:50:00
"Sceaux household, France",2006-12,electricity consumption,0.03853333,kWh,UCI 235 - Individual Household Electric Power Consumption,2006-12-17T09:51:00
"Sceaux household, France",2006-12,electricity consumption,0.03843333,kWh,UCI 235 - Individual Household Electric Power Consumption,2006-12-17T09:52:00
"Sceaux household, France",2006-12,electricity consumption,0.0074,kWh,UCI 235 - Individual Household Electric Power Consumption,2006-12-17T09:53:00
"Sceaux household, France",2006-12,electricity consumption,0.00446667,kWh,UCI 235 - Individual Household Electric Power Consumption,2006-12-17T09:54:00
"Sceaux household, France",2006-12,electricity consumption,0.03076667,kWh,UCI 235 - Individual Household Electric Power Consumption,2006-12-17T09:55:00
"Sceaux household, France",2006-12,electricity consumption,0.03846667,kWh,UCI 235 - Individual Household Electric Power Consumption,2006-12-17T09:56:00
"Sceaux household, France",2006-12,electricity consumption,0.03816667,kWh,UCI 235 - Individual Household Electric Power Consumption,2006-12-17T09:57:00
"Sceaux household, France",2006-12,electricity consumption,0.03813333,kWh,UCI 235 - Individual Household Electric Power Consumption,2006-12-17T09:58:00
"Sceaux household, France",2006-12,electricity consumption,0.03826667,kWh,UCI 235 - Individual Household Electric Power Consumption,2006-12-17T09:59:00
"Sceaux household, France",2006-12,electricity consumption,0.0382,kWh,UCI 235 - Individual Household Electric Power Consumption,2006-12-17T10:00:00
"Sceaux household, France",2006-12,electricity consumption,0.00616667,kWh,UCI 235 - Individual Household Electric Power Consumption,2006-12-17T10:01:00
"Sceaux household, France",2006-12,electricity consumption,0.00786667,kWh,UCI 235 - Individual Household Electric Power Consumption,2006-12-17T10:02:00
"Sceaux household, France",2006-12,electricity consumption,0.0509,kWh,UCI 235 - Individual Household Electric Power Consumption,2006-12-17T10:03:00
"Sceaux household, France",2006-12,electricity consumption,0.058,kWh,UCI 235 - Individual Household Electric Power Consumption,2006-12-17T10:04:00
"Sceaux household, France",2006-12,electricity consumption,0.05953333,kWh,UCI 235 - Individual Household Electric Power Consumption,2006-12-17T10:05:00
"Sceaux household, France",2006-12,electricity consumption,0.05933333,kWh,UCI 235 - Individual Household Electric Power Consumption,2006-12-17T10:06:00
"Sceaux household, France",2006-12,electricity consumption,0.0588,kWh,UCI 235 - Individual Household Electric Power Consumption,2006-12-17T10:07:00
"Sceaux household, France",2006-12,electricity consumption,0.05816667,kWh,UCI 235 - Individual Household Electric Power Consumption,2006-12-17T10:08:00
"Sceaux household, France",2006-12,electricity consumption,0.03396667,kWh,UCI 235 - Individual Household Electric Power Consumption,2006-12-17T10:09:00
"Sceaux household, France",2006-12,electricity consumption,0.02343333,kWh,UCI 235 - Individual Household Electric Power Consumption,2006-12-17T10:10:00
"Sceaux household, France",2006-12,electricity consumption,0.04733333,kWh,UCI 235 - Individual Household Electric Power Consumption,2006-12-17T10:11:00
"Sceaux household, France",2006-12,electricity consumption,0.05646667,kWh,UCI 235 - Individual Household Electric Power Consumption,2006-12-17T10:12:00
"Sceaux household, France",2006-12,electricity consumption,0.05656667,kWh,UCI 235 - Individual Household Electric Power Consumption,2006-12-17T10:13:00
"Sceaux household, France",2006-12,electricity consumption,0.056,kWh,UCI 235 - Individual Household Electric Power Consumption,2006-12-17T10:14:00
"Sceaux household, France",2006-12,electricity consumption,0.02256667,kWh,UCI 235 - Individual Household Electric Power Consumption,2006-12-17T10:15:00
"Sceaux household, France",2006-12,electricity consumption,0.02223333,kWh,UCI 235 - Individual Household Electric Power Consumption,2006-12-17T10:16:00
"Sceaux household, France",2006-12,electricity consumption,0.02263333,kWh,UCI 235 - Individual Household Electric Power Consumption,2006-12-17T10:17:00
"Sceaux household, France",2006-12,electricity consumption,0.02283333,kWh,UCI 235 - Individual Household Electric Power Consumption,2006-12-17T10:18:00
"Sceaux household, France",2006-12,electricity consumption,0.02203333,kWh,UCI 235 - Individual Household Electric Power Consumption,2006-12-17T10:19:00
"Sceaux household, France",2006-12,electricity consumption,0.02173333,kWh,UCI 235 - Individual Household Electric Power Consumption,2006-12-17T10:20:00
"Sceaux household, France",2006-12,electricity consumption,0.02323333,kWh,UCI 235 - Individual Household Electric Power Consumption,2006-12-17T10:21:00
"Sceaux household, France",2006-12,electricity consumption,0.02836667,kWh,UCI 235 - Individual Household Electric Power Consumption,2006-12-17T10:22:00
"Sceaux household, France",2006-12,electricity consumption,0.03736667,kWh,UCI 235 - Individual Household Electric Power Consumption,2006-12-17T10:23:00
"Sceaux household, France",2006-12,electricity consumption,0.0619,kWh,UCI 235 - Individual Household Electric Power Consumption,2006-12-17T10:24:00
"Sceaux household, France",2006-12,electricity consumption,0.05353333,kWh,UCI 235 - Individual Household Electric Power Consumption,2006-12-17T10:25:00
"Sceaux household, France",2006-12,electricity consumption,0.06156667,kWh,UCI 235 - Individual Household Electric Power Consumption,2006-12-17T10:26:00
"Sceaux household, France",2006-12,electricity consumption,0.0534,kWh,UCI 235 - Individual Household Electric Power Consumption,2006-12-17T10:27:00
"Sceaux household, France",2006-12,electricity consumption,0.06126667,kWh,UCI 235 - Individual Household Electric Power Consumption,2006-12-17T10:28:00
"Sceaux household, France",2006-12,electricity consumption,0.0611,kWh,UCI 235 - Individual Household Electric Power Consumption,2006-12-17T10:29:00
"Sceaux household, France",2006-12,electricity consumption,0.0613,kWh,UCI 235 - Individual Household Electric Power Consumption,2006-12-17T10:30:00
"Sceaux household, France",2006-12,electricity consumption,0.06203333,kWh,UCI 235 - Individual Household Electric Power Consumption,2006-12-17T10:31:00
"Sceaux household, France",2006-12,electricity consumption,0.06193333,kWh,UCI 235 - Individual Household Electric Power Consumption,2006-12-17T10:32:00
"Sceaux household, France",2006-12,electricity consumption,0.0625,kWh,UCI 235 - Individual Household Electric Power Consumption,2006-12-17T10:33:00
"Sceaux household, France",2006-12,electricity consumption,0.0695,kWh,UCI 235 - Individual Household Electric Power Consumption,2006-12-17T10:34:00
"Sceaux household, France",2006-12,electricity consumption,0.09626667,kWh,UCI 235 - Individual Household Electric Power Consumption,2006-12-17T10:35:00
"Sceaux household, France",2006-12,electricity consumption,0.0953,kWh,UCI 235 - Individual Household Electric Power Consumption,2006-12-17T10:36:00
"Sceaux household, France",2006-12,electricity consumption,0.09563333,kWh,UCI 235 - Individual Household Electric Power Consumption,2006-12-17T10:37:00
"Sceaux household, France",2006-12,electricity consumption,0.09523333,kWh,UCI 235 - Individual Household Electric Power Consumption,2006-12-17T10:38:00
"Sceaux household, France",2006-12,electricity consumption,0.09553333,kWh,UCI 235 - Individual Household Electric Power Consumption,2006-12-17T10:39:00
"Sceaux household, France",2006-12,electricity consumption,0.0955,kWh,UCI 235 - Individual Household Electric Power Consumption,2006-12-17T10:40:00
"Sceaux household, France",2006-12,electricity consumption,0.09746667,kWh,UCI 235 - Individual Household Electric Power Consumption,2006-12-17T10:41:00
"Sceaux household, France",2006-12,electricity consumption,0.09736667,kWh,UCI 235 - Individual Household Electric Power Consumption,2006-12-17T10:42:00
"Sceaux household, France",2006-12,electricity consumption,0.098,kWh,UCI 235 - Individual Household Electric Power Consumption,2006-12-17T10:43:00
"Sceaux household, France",2006-12,electricity consumption,0.09786667,kWh,UCI 235 - Individual Household Electric Power Consumption,2006-12-17T10:44:00
"Sceaux household, France",2006-12,electricity consumption,0.0845,kWh,UCI 235 - Individual Household Electric Power Consumption,2006-12-17T10:45:00
"Sceaux household, France",2006-12,electricity consumption,0.09146667,kWh,UCI 235 - Individual Household Electric Power Consumption,2006-12-17T10:46:00
"Sceaux household, France",2006-12,electricity consumption,0.0983,kWh,UCI 235 - Individual Household Electric Power Consumption,2006-12-17T10:47:00
"Sceaux household, France",2006-12,electricity consumption,0.08376667,kWh,UCI 235 - Individual Household Electric Power Consumption,2006-12-17T10:48:00
"Sceaux household, France",2006-12,electricity consumption,0.0541,kWh,UCI 235 - Individual Household Electric Power Consumption,2006-12-17T10:49:00
"Sceaux household, France",2006-12,electricity consumption,0.0452,kWh,UCI 235 - Individual Household Electric Power Consumption,2006-12-17T10:50:00
"Sceaux household, France",2006-12,electricity consumption,0.05896667,kWh,UCI 235 - Individual Household Electric Power Consumption,2006-12-17T10:51:00
"Sceaux household, France",2006-12,electricity consumption,0.05956667,kWh,UCI 235 - Individual Household Electric Power Consumption,2006-12-17T10:52:00
"Sceaux household, France",2006-12,electricity consumption,0.05026667,kWh,UCI 235 - Individual Household Electric Power Consumption,2006-12-17T10:53:00
"Sceaux household, France",2006-12,electricity consumption,0.05003333,kWh,UCI 235 - Individual Household Electric Power Consumption,2006-12-17T10:54:00
"Sceaux household, France",2006-12,electricity consumption,0.07406667,kWh,UCI 235 - Individual Household Electric Power Consumption,2006-12-17T10:55:00
"Sceaux household, France",2006-12,electricity consumption,0.0928,kWh,UCI 235 - Individual Household Electric Power Consumption,2006-12-17T10:56:00
"Sceaux household, France",2006-12,electricity consumption,0.08066667,kWh,UCI 235 - Individual Household Electric Power Consumption,2006-12-17T10:57:00
"Sceaux household, France",2006-12,electricity consumption,0.08443333,kWh,UCI 235 - Individual Household Electric Power Consumption,2006-12-17T10:58:00
"Sceaux household, France",2006-12,electricity consumption,0.09283333,kWh,UCI 235 - Individual Household Electric Power Consumption,2006-12-17T10:59:00
"Sceaux household, France",2006-12,electricity consumption,0.06083333,kWh,UCI 235 - Individual Household Electric Power Consumption,2006-12-17T11:00:00
"Sceaux household, France",2006-12,electricity consumption,0.0399,kWh,UCI 235 - Individual Household Electric Power Consumption,2006-12-17T11:01:00
"Sceaux household, France",2006-12,electricity consumption,0.0504,kWh,UCI 235 - Individual Household Electric Power Consumption,2006-12-17T11:02:00
"Sceaux household, France",2006-12,electricity consumption,0.05416667,kWh,UCI 235 - Individual Household Electric Power Consumption,2006-12-17T11:03:00
"Sceaux household, France",2006-12,electricity consumption,0.0563,kWh,UCI 235 - Individual Household Electric Power Consumption,2006-12-17T11:04:00
"Sceaux household, France",2006-12,electricity consumption,0.03773333,kWh,UCI 235 - Individual Household Electric Power Consumption,2006-12-17T11:05:00
"Sceaux household, France",2006-12,electricity consumption,0.0518,kWh,UCI 235 - Individual Household Electric Power Consumption,2006-12-17T11:06:00
"Sceaux household, France",2006-12,electricity consumption,0.04963333,kWh,UCI 235 - Individual Household Electric Power Consumption,2006-12-17T11:07:00
"Sceaux household, France",2006-12,electricity consumption,0.03276667,kWh,UCI 235 - Individual Household Electric Power Consumption,2006-12-17T11:08:00
"Sceaux household, France",2006-12,electricity consumption,0.03213333,kWh,UCI 235 - Individual Household Electric Power Consumption,2006-12-17T11:09:00
"Sceaux household, France",2006-12,electricity consumption,0.0421,kWh,UCI 235 - Individual Household Electric Power Consumption,2006-12-17T11:10:00
"Sceaux household, France",2006-12,electricity consumption,0.02516667,kWh,UCI 235 - Individual Household Electric Power Consumption,2006-12-17T11:11:00
"Sceaux household, France",2006-12,electricity consumption,0.0262,kWh,UCI 235 - Individual Household Electric Power Consumption,2006-12-17T11:12:00
"Sceaux household, France",2006-12,electricity consumption,0.0267,kWh,UCI 235 - Individual Household Electric Power Consumption,2006-12-17T11:13:00
"Sceaux household, France",2006-12,electricity consumption,0.02603333,kWh,UCI 235 - Individual Household Electric Power Consumption,2006-12-17T11:14:00
"Sceaux household, France",2006-12,electricity consumption,0.02583333,kWh,UCI 235 - Individual Household Electric Power Consumption,2006-12-17T11:15:00
"Sceaux household, France",2006-12,electricity consumption,0.02643333,kWh,UCI 235 - Individual Household Electric Power Consumption,2006-12-17T11:16:00
"Sceaux household, France",2006-12,electricity consumption,0.02763333,kWh,UCI 235 - Individual Household Electric Power Consumption,2006-12-17T11:17:00
"Sceaux household, France",2006-12,electricity consumption,0.02763333,kWh,UCI 235 - Individual Household Electric Power Consumption,2006-12-17T11:18:00
"Sceaux household, France",2006-12,electricity consumption,0.0275,kWh,UCI 235 - Individual Household Electric Power Consumption,2006-12-17T11:19:00
"Sceaux household, France",2006-12,electricity consumption,0.02793333,kWh,UCI 235 - Individual Household Electric Power Consumption,2006-12-17T11:20:00
"Sceaux household, France",2006-12,electricity consumption,0.04153333,kWh,UCI 235 - Individual Household Electric Power Consumption,2006-12-17T11:21:00
"Sceaux household, France",2006-12,electricity consumption,0.0638,kWh,UCI 235 - Individual Household Electric Power Consumption,2006-12-17T11:22:00
"Sceaux household, France",2006-12,electricity consumption,0.0637,kWh,UCI 235 - Individual Household Electric Power Consumption,2006-12-17T11:23:00
"Sceaux household, France",2006-12,electricity consumption,0.0639,kWh,UCI 235 - Individual Household Electric Power Consumption,2006-12-17T11:24:00
"Sceaux household, France",2006-12,electricity consumption,0.0635,kWh,UCI 235 - Individual Household Electric Power Consumption,2006-12-17T11:25:00
"Sceaux household, France",2006-12,electricity consumption,0.06373333,kWh,UCI 235 - Individual Household Electric Power Consumption,2006-12-17T11:26:00
"Sceaux household, France",2006-12,electricity consumption,0.06396667,kWh,UCI 235 - Individual Household Electric Power Consumption,2006-12-17T11:27:00
"Sceaux household, France",2006-12,electricity consumption,0.06406667,kWh,UCI 235 - Individual Household Electric Power Consumption,2006-12-17T11:28:00
"Sceaux household, France",2006-12,electricity consumption,0.06373333,kWh,UCI 235 - Individual Household Electric Power Consumption,2006-12-17T11:29:00
"Sceaux household, France",2006-12,electricity consumption,0.06406667,kWh,UCI 235 - Individual Household Electric Power Consumption,2006-12-17T11:30:00
"Sceaux household, France",2006-12,electricity consumption,0.06466667,kWh,UCI 235 - Individual Household Electric Power Consumption,2006-12-17T11:31:00
"Sceaux household, France",2006-12,electricity consumption,0.06673333,kWh,UCI 235 - Individual Household Electric Power Consumption,2006-12-17T11:32:00
"Sceaux household, France",2006-12,electricity consumption,0.06306667,kWh,UCI 235 - Individual Household Electric Power Consumption,2006-12-17T11:33:00
"Sceaux household, France",2006-12,electricity consumption,0.06306667,kWh,UCI 235 - Individual Household Electric Power Consumption,2006-12-17T11:34:00
"Sceaux household, France",2006-12,electricity consumption,0.0632,kWh,UCI 235 - Individual Household Electric Power Consumption,2006-12-17T11:35:00
"Sceaux household, France",2006-12,electricity consumption,0.03576667,kWh,UCI 235 - Individual Household Electric Power Consumption,2006-12-17T11:36:00
"Sceaux household, France",2006-12,electricity consumption,0.0268,kWh,UCI 235 - Individual Household Electric Power Consumption,2006-12-17T11:37:00
"Sceaux household, France",2006-12,electricity consumption,0.03046667,kWh,UCI 235 - Individual Household Electric Power Consumption,2006-12-17T11:38:00
"Sceaux household, France",2006-12,electricity consumption,0.03203333,kWh,UCI 235 - Individual Household Electric Power Consumption,2006-12-17T11:39:00
"Sceaux household, France",2006-12,electricity consumption,0.03296667,kWh,UCI 235 - Individual Household Electric Power Consumption,2006-12-17T11:40:00
"Sceaux household, France",2006-12,electricity consumption,0.03216667,kWh,UCI 235 - Individual Household Electric Power Consumption,2006-12-17T11:41:00
"Sceaux household, France",2006-12,electricity consumption,0.03273333,kWh,UCI 235 - Individual Household Electric Power Consumption,2006-12-17T11:42:00
"Sceaux household, France",2006-12,electricity consumption,0.0309,kWh,UCI 235 - Individual Household Electric Power Consumption,2006-12-17T11:43:00
"Sceaux household, France",2006-12,electricity consumption,0.02936667,kWh,UCI 235 - Individual Household Electric Power Consumption,2006-12-17T11:44:00
"Sceaux household, France",2006-12,electricity consumption,0.02896667,kWh,UCI 235 - Individual Household Electric Power Consumption,2006-12-17T11:45:00
"Sceaux household, France",2006-12,electricity consumption,0.02943333,kWh,UCI 235 - Individual Household Electric Power Consumption,2006-12-17T11:46:00
"Sceaux household, France",2006-12,electricity consumption,0.0291,kWh,UCI 235 - Individual Household Electric Power Consumption,2006-12-17T11:47:00
"Sceaux household, France",2006-12,electricity consumption,0.0289,kWh,UCI 235 - Individual Household Electric Power Consumption,2006-12-17T11:48:00
"Sceaux household, France",2006-12,electricity consumption,0.02896667,kWh,UCI 235 - Individual Household Electric Power Consumption,2006-12-17T11:49:00
"Sceaux household, France",2006-12,electricity consumption,0.03263333,kWh,UCI 235 - Individual Household Electric Power Consumption,2006-12-17T11:50:00
"Sceaux household, France",2006-12,electricity consumption,0.03273333,kWh,UCI 235 - Individual Household Electric Power Consumption,2006-12-17T11:51:00
"Sceaux household, France",2006-12,electricity consumption,0.0327,kWh,UCI 235 - Individual Household Electric Power Consumption,2006-12-17T11:52:00
"Sceaux household, France",2006-12,electricity consumption,0.03416667,kWh,UCI 235 - Individual Household Electric Power Consumption,2006-12-17T11:53:00
"Sceaux household, France",2006-12,electricity consumption,0.03386667,kWh,UCI 235 - Individual Household Electric Power Consumption,2006-12-17T11:54:00
"Sceaux household, France",2006-12,electricity consumption,0.03393333,kWh,UCI 235 - Individual Household Electric Power Consumption,2006-12-17T11:55:00
"Sceaux household, France",2006-12,electricity consumption,0.03273333,kWh,UCI 235 - Individual Household Electric Power Consumption,2006-12-17T11:56:00
"Sceaux household, France",2006-12,electricity consumption,0.03283333,kWh,UCI 235 - Individual Household Electric Power Consumption,2006-12-17T11:57:00
"Sceaux household, France",2006-12,electricity consumption,0.03243333,kWh,UCI 235 - Individual Household Electric Power Consumption,2006-12-17T11:58:00
"Sceaux household, France",2006-12,electricity consumption,0.03283333,kWh,UCI 235 - Individual Household Electric Power Consumption,2006-12-17T11:59:00
"Sceaux household, France",2006-12,electricity consumption,0.0327,kWh,UCI 235 - Individual Household Electric Power Consumption,2006-12-17T12:00:00
"Sceaux household, France",2006-12,electricity consumption,0.03313333,kWh,UCI 235 - Individual Household Electric Power Consumption,2006-12-17T12:01:00
"Sceaux household, France",2006-12,electricity consumption,0.03286667,kWh,UCI 235 - Individual Household Electric Power Consumption,2006-12-17T12:02:00
"Sceaux household, France",2006-12,electricity consumption,0.0329,kWh,UCI 235 - Individual Household Electric Power Consumption,2006-12-17T12:03:00
"Sceaux household, France",2006-12,electricity consumption,0.03256667,kWh,UCI 235 - Individual Household Electric Power Consumption,2006-12-17T12:04:00
"Sceaux household, France",2006-12,electricity consumption,0.03263333,kWh,UCI 235 - Individual Household Electric Power Consumption,2006-12-17T12:05:00
"Sceaux household, France",2006-12,electricity consumption,0.0335,kWh,UCI 235 - Individual Household Electric Power Consumption,2006-12-17T12:06:00
"Sceaux household, France",2006-12,electricity consumption,0.03243333,kWh,UCI 235 - Individual Household Electric Power Consumption,2006-12-17T12:07:00
"Sceaux household, France",2006-12,electricity consumption,0.03213333,kWh,UCI 235 - Individual Household Electric Power Consumption,2006-12-17T12:08:00
"Sceaux household, France",2006-12,electricity consumption,0.0318,kWh,UCI 235 - Individual Household Electric Power Consumption,2006-12-17T12:09:00
"Sceaux household, France",2006-12,electricity consumption,0.02846667,kWh,UCI 235 - Individual Household Electric Power Consumption,2006-12-17T12:10:00
"Sceaux household, France",2006-12,electricity consumption,0.02606667,kWh,UCI 235 - Individual Household Electric Power Consumption,2006-12-17T12:11:00
"Sceaux household, France",2006-12,electricity consumption,0.02566667,kWh,UCI 235 - Individual Household Electric Power Consumption,2006-12-17T12:12:00
"Sceaux household, France",2006-12,electricity consumption,0.026,kWh,UCI 235 - Individual Household Electric Power Consumption,2006-12-17T12:13:00
"Sceaux household, France",2006-12,electricity consumption,0.0264,kWh,UCI 235 - Individual Household Electric Power Consumption,2006-12-17T12:14:00
"Sceaux household, France",2006-12,electricity consumption,0.0289,kWh,UCI 235 - Individual Household Electric Power Consumption,2006-12-17T12:15:00
"Sceaux household, France",2006-12,electricity consumption,0.02953333,kWh,UCI 235 - Individual Household Electric Power Consumption,2006-12-17T12:16:00
"Sceaux household, France",2006-12,electricity consumption,0.03123333,kWh,UCI 235 - Individual Household Electric Power Consumption,2006-12-17T12:17:00
"Sceaux household, France",2006-12,electricity consumption,0.029,kWh,UCI 235 - Individual Household Electric Power Consumption,2006-12-17T12:18:00
"Sceaux household, France",2006-12,electricity consumption,0.02703333,kWh,UCI 235 - Individual Household Electric Power Consumption,2006-12-17T12:19:00
"Sceaux household, France",2006-12,electricity consumption,0.0309,kWh,UCI 235 - Individual Household Electric Power Consumption,2006-12-17T12:20:00
"Sceaux household, France",2006-12,electricity consumption,0.0309,kWh,UCI 235 - Individual Household Electric Power Consumption,2006-12-17T12:21:00
"Sceaux household, France",2006-12,electricity consumption,0.03176667,kWh,UCI 235 - Individual Household Electric Power Consumption,2006-12-17T12:22:00
"Sceaux household, France",2006-12,electricity consumption,0.03243333,kWh,UCI 235 - Individual Household Electric Power Consumption,2006-12-17T12:23:00
"Sceaux household, France",2006-12,electricity consumption,0.056,kWh,UCI 235 - Individual Household Electric Power Consumption,2006-12-17T12:24:00
"Sceaux household, France",2006-12,electricity consumption,0.05863333,kWh,UCI 235 - Individual Household Electric Power Consumption,2006-12-17T12:25:00
"Sceaux household, France",2006-12,electricity consumption,0.04063333,kWh,UCI 235 - Individual Household Electric Power Consumption,2006-12-17T12:26:00
"Sceaux household, France",2006-12,electricity consumption,0.03206667,kWh,UCI 235 - Individual Household Electric Power Consumption,2006-12-17T12:27:00
"Sceaux household, France",2006-12,electricity consumption,0.03256667,kWh,UCI 235 - Individual Household Electric Power Consumption,2006-12-17T12:28:00
"Sceaux household, France",2006-12,electricity consumption,0.03363333,kWh,UCI 235 - Individual Household Electric Power Consumption,2006-12-17T12:29:00
"Sceaux household, France",2006-12,electricity consumption,0.03356667,kWh,UCI 235 - Individual Household Electric Power Consumption,2006-12-17T12:30:00
"Sceaux household, France",2006-12,electricity consumption,0.0332,kWh,UCI 235 - Individual Household Electric Power Consumption,2006-12-17T12:31:00
"Sceaux household, France",2006-12,electricity consumption,0.03326667,kWh,UCI 235 - Individual Household Electric Power Consumption,2006-12-17T12:32:00
"Sceaux household, France",2006-12,electricity consumption,0.03336667,kWh,UCI 235 - Individual Household Electric Power Consumption,2006-12-17T12:33:00
"Sceaux household, France",2006-12,electricity consumption,0.03273333,kWh,UCI 235 - Individual Household Electric Power Consumption,2006-12-17T12:34:00
"Sceaux household, France",2006-12,electricity consumption,0.03216667,kWh,UCI 235 - Individual Household Electric Power Consumption,2006-12-17T12:35:00
"Sceaux household, France",2006-12,electricity consumption,0.0305,kWh,UCI 235 - Individual Household Electric Power Consumption,2006-12-17T12:36:00
"Sceaux household, France",2006-12,electricity consumption,0.02843333,kWh,UCI 235 - Individual Household Electric Power Consumption,2006-12-17T12:37:00
"Sceaux household, France",2006-12,electricity consumption,0.04883333,kWh,UCI 235 - Individual Household Electric Power Consumption,2006-12-17T12:38:00
"Sceaux household, France",2006-12,electricity consumption,0.05303333,kWh,UCI 235 - Individual Household Electric Power Consumption,2006-12-17T12:39:00
"Sceaux household, France",2006-12,electricity consumption,0.02863333,kWh,UCI 235 - Individual Household Electric Power Consumption,2006-12-17T12:40:00
"Sceaux household, France",2006-12,electricity consumption,0.0286,kWh,UCI 235 - Individual Household Electric Power Consumption,2006-12-17T12:41:00
"Sceaux household, France",2006-12,electricity consumption,0.0285,kWh,UCI 235 - Individual Household Electric Power Consumption,2006-12-17T12:42:00
"Sceaux household, France",2006-12,electricity consumption,0.02853333,kWh,UCI 235 - Individual Household Electric Power Consumption,2006-12-17T12:43:00
"Sceaux household, France",2006-12,electricity consumption,0.02836667,kWh,UCI 235 - Individual Household Electric Power Consumption,2006-12-17T12:44:00
"Sceaux household, France",2006-12,electricity consumption,0.02886667,kWh,UCI 235 - Individual Household Electric Power Consumption,2006-12-17T12:45:00
"Sceaux household, France",2006-12,electricity consumption,0.0287,kWh,UCI 235 - Individual Household Electric Power Consumption,2006-12-17T12:46:00
"Sceaux household, France",2006-12,electricity consumption,0.02853333,kWh,UCI 235 - Individual Household Electric Power Consumption,2006-12-17T12:47:00
"Sceaux household, France",2006-12,electricity consumption,0.0286,kWh,UCI 235 - Individual Household Electric Power Consumption,2006-12-17T12:48:00
"Sceaux household, France",2006-12,electricity consumption,0.02856667,kWh,UCI 235 - Individual Household Electric Power Consumption,2006-12-17T12:49:00
"Sceaux household, France",2006-12,electricity consumption,0.0285,kWh,UCI 235 - Individual Household Electric Power Consumption,2006-12-17T12:50:00
"Sceaux household, France",2006-12,electricity consumption,0.0287,kWh,UCI 235 - Individual Household Electric Power Consumption,2006-12-17T12:51:00
"Sceaux household, France",2006-12,electricity consumption,0.02866667,kWh,UCI 235 - Individual Household Electric Power Consumption,2006-12-17T12:52:00
"Sceaux household, France",2006-12,electricity consumption,0.02856667,kWh,UCI 235 - Individual Household Electric Power Consumption,2006-12-17T12:53:00
"Sceaux household, France",2006-12,electricity consumption,0.02893333,kWh,UCI 235 - Individual Household Electric Power Consumption,2006-12-17T12:54:00
"Sceaux household, France",2006-12,electricity consumption,0.02876667,kWh,UCI 235 - Individual Household Electric Power Consumption,2006-12-17T12:55:00
"Sceaux household, France",2006-12,electricity consumption,0.02853333,kWh,UCI 235 - Individual Household Electric Power Consumption,2006-12-17T12:56:00
"Sceaux household, France",2006-12,electricity consumption,0.02866667,kWh,UCI 235 - Individual Household Electric Power Consumption,2006-12-17T12:57:00
"Sceaux household, France",2006-12,electricity consumption,0.02863333,kWh,UCI 235 - Individual Household Electric Power Consumption,2006-12-17T12:58:00
"Sceaux household, France",2006-12,electricity consumption,0.0284,kWh,UCI 235 - Individual Household Electric Power Consumption,2006-12-17T12:59:00
"Sceaux household, France",2006-12,electricity consumption,0.02923333,kWh,UCI 235 - Individual Household Electric Power Consumption,2006-12-17T13:00:00
"Sceaux household, France",2006-12,electricity consumption,0.02996667,kWh,UCI 235 - Individual Household Electric Power Consumption,2006-12-17T13:01:00
"Sceaux household, France",2006-12,electricity consumption,0.02903333,kWh,UCI 235 - Individual Household Electric Power Consumption,2006-12-17T13:02:00
"Sceaux household, France",2006-12,electricity consumption,0.029,kWh,UCI 235 - Individual Household Electric Power Consumption,2006-12-17T13:03:00
"Sceaux household, France",2006-12,electricity consumption,0.02903333,kWh,UCI 235 - Individual Household Electric Power Consumption,2006-12-17T13:04:00
"Sceaux household, France",2006-12,electricity consumption,0.02916667,kWh,UCI 235 - Individual Household Electric Power Consumption,2006-12-17T13:05:00
"Sceaux household, France",2006-12,electricity consumption,0.02893333,kWh,UCI 235 - Individual Household Electric Power Consumption,2006-12-17T13:06:00
"Sceaux household, France",2006-12,electricity consumption,0.02853333,kWh,UCI 235 - Individual Household Electric Power Consumption,2006-12-17T13:07:00
"Sceaux household, France",2006-12,electricity consumption,0.0261,kWh,UCI 235 - Individual Household Electric Power Consumption,2006-12-17T13:08:00
"Sceaux household, France",2006-12,electricity consumption,0.0248,kWh,UCI 235 - Individual Household Electric Power Consumption,2006-12-17T13:09:00
"Sceaux household, France",2006-12,electricity consumption,0.0249,kWh,UCI 235 - Individual Household Electric Power Consumption,2006-12-17T13:10:00
"Sceaux household, France",2006-12,electricity consumption,0.02506667,kWh,UCI 235 - Individual Household Electric Power Consumption,2006-12-17T13:11:00
"Sceaux household, France",2006-12,electricity consumption,0.02496667,kWh,UCI 235 - Individual Household Electric Power Consumption,2006-12-17T13:12:00
"Sceaux household, France",2006-12,electricity consumption,0.024,kWh,UCI 235 - Individual Household Electric Power Consumption,2006-12-17T13:13:00
"Sceaux household, France",2006-12,electricity consumption,0.024,kWh,UCI 235 - Individual Household Electric Power Consumption,2006-12-17T13:14:00
"Sceaux household, France",2006-12,electricity consumption,0.0239,kWh,UCI 235 - Individual Household Electric Power Consumption,2006-12-17T13:15:00
"Sceaux household, France",2006-12,electricity consumption,0.0241,kWh,UCI 235 - Individual Household Electric Power Consumption,2006-12-17T13:16:00
"Sceaux household, France",2006-12,electricity consumption,0.02403333,kWh,UCI 235 - Individual Household Electric Power Consumption,2006-12-17T13:17:00
"Sceaux household, France",2006-12,electricity consumption,0.0239,kWh,UCI 235 - Individual Household Electric Power Consumption,2006-12-17T13:18:00
"Sceaux household, France",2006-12,electricity consumption,0.02426667,kWh,UCI 235 - Individual Household Electric Power Consumption,2006-12-17T13:19:00
"Sceaux household, France",2006-12,electricity consumption,0.02436667,kWh,UCI 235 - Individual Household Electric Power Consumption,2006-12-17T13:20:00
"Sceaux household, France",2006-12,electricity consumption,0.02463333,kWh,UCI 235 - Individual Household Electric Power Consumption,2006-12-17T13:21:00
"Sceaux household, France",2006-12,electricity consumption,0.0245,kWh,UCI 235 - Individual Household Electric Power Consumption,2006-12-17T13:22:00
"Sceaux household, France",2006-12,electricity consumption,0.02426667,kWh,UCI 235 - Individual Household Electric Power Consumption,2006-12-17T13:23:00
"Sceaux household, France",2006-12,electricity consumption,0.02416667,kWh,UCI 235 - Individual Household Electric Power Consumption,2006-12-17T13:24:00
"Sceaux household, France",2006-12,electricity consumption,0.02413333,kWh,UCI 235 - Individual Household Electric Power Consumption,2006-12-17T13:25:00
"Sceaux household, France",2006-12,electricity consumption,0.02403333,kWh,UCI 235 - Individual Household Electric Power Consumption,2006-12-17T13:26:00
"Sceaux household, France",2006-12,electricity consumption,0.0241,kWh,UCI 235 - Individual Household Electric Power Consumption,2006-12-17T13:27:00
"Sceaux household, France",2006-12,electricity consumption,0.0241,kWh,UCI 235 - Individual Household Electric Power Consumption,2006-12-17T13:28:00
"Sceaux household, France",2006-12,electricity consumption,0.024,kWh,UCI 235 - Individual Household Electric Power Consumption,2006-12-17T13:29:00
"Sceaux household, France",2006-12,electricity consumption,0.024,kWh,UCI 235 - Individual Household Electric Power Consumption,2006-12-17T13:30:00
"Sceaux household, France",2006-12,electricity consumption,0.02393333,kWh,UCI 235 - Individual Household Electric Power Consumption,2006-12-17T13:31:00
"Sceaux household, France",2006-12,electricity consumption,0.024,kWh,UCI 235 - Individual Household Electric Power Consumption,2006-12-17T13:32:00
"Sceaux household, France",2006-12,electricity consumption,0.02393333,kWh,UCI 235 - Individual Household Electric Power Consumption,2006-12-17T13:33:00
"Sceaux household, France",2006-12,electricity consumption,0.0239,kWh,UCI 235 - Individual Household Electric Power Consumption,2006-12-17T13:34:00
"Sceaux household, France",2006-12,electricity consumption,0.02746667,kWh,UCI 235 - Individual Household Electric Power Consumption,2006-12-17T13:35:00
"Sceaux household, France",2006-12,electricity consumption,0.0289,kWh,UCI 235 - Individual Household Electric Power Consumption,2006-12-17T13:36:00
"Sceaux household, France",2006-12,electricity consumption,0.03026667,kWh,UCI 235 - Individual Household Electric Power Consumption,2006-12-17T13:37:00
"Sceaux household, France",2006-12,electricity consumption,0.03013333,kWh,UCI 235 - Individual Household Electric Power Consumption,2006-12-17T13:38:00
"Sceaux household, France",2006-12,electricity consumption,0.03036667,kWh,UCI 235 - Individual Household Electric Power Consumption,2006-12-17T13:39:00
"Sceaux household, France",2006-12,electricity consumption,0.03036667,kWh,UCI 235 - Individual Household Electric Power Consumption,2006-12-17T13:40:00
"Sceaux household, France",2006-12,electricity consumption,0.03043333,kWh,UCI 235 - Individual Household Electric Power Consumption,2006-12-17T13:41:00
"Sceaux household, France",2006-12,electricity consumption,0.0304,kWh,UCI 235 - Individual Household Electric Power Consumption,2006-12-17T13:42:00
"Sceaux household, France",2006-12,electricity consumption,0.03033333,kWh,UCI 235 - Individual Household Electric Power Consumption,2006-12-17T13:43:00
"Sceaux household, France",2006-12,electricity consumption,0.03016667,kWh,UCI 235 - Individual Household Electric Power Consumption,2006-12-17T13:44:00
"Sceaux household, France",2006-12,electricity consumption,0.03016667,kWh,UCI 235 - Individual Household Electric Power Consumption,2006-12-17T13:45:00
"Sceaux household, France",2006-12,electricity consumption,0.0301,kWh,UCI 235 - Individual Household Electric Power Consumption,2006-12-17T13:46:00
"Sceaux household, France",2006-12,electricity consumption,0.03023333,kWh,UCI 235 - Individual Household Electric Power Consumption,2006-12-17T13:47:00
"Sceaux household, France",2006-12,electricity consumption,0.0302,kWh,UCI 235 - Individual Household Electric Power Consumption,2006-12-17T13:48:00
"Sceaux household, France",2006-12,electricity consumption,0.02973333,kWh,UCI 235 - Individual Household Electric Power Consumption,2006-12-17T13:49:00
"Sceaux household, France",2006-12,electricity consumption,0.0293,kWh,UCI 235 - Individual Household Electric Power Consumption,2006-12-17T13:50:00
"Sceaux household, France",2006-12,electricity consumption,0.02946667,kWh,UCI 235 - Individual Household Electric Power Consumption,2006-12-17T13:51:00
"Sceaux household, France",2006-12,electricity consumption,0.0294,kWh,UCI 235 - Individual Household Electric Power Consumption,2006-12-17T13:52:00
"Sceaux household, France",2006-12,electricity consumption,0.0294,kWh,UCI 235 - Individual Household Electric Power Consumption,2006-12-17T13:53:00
"Sceaux household, France",2006-12,electricity consumption,0.03586667,kWh,UCI 235 - Individual Household Electric Power Consumption,2006-12-17T13:54:00
"Sceaux household, France",2006-12,electricity consumption,0.05153333,kWh,UCI 235 - Individual Household Electric Power Consumption,2006-12-17T13:55:00
"Sceaux household, France",2006-12,electricity consumption,0.02983333,kWh,UCI 235 - Individual Household Electric Power Consumption,2006-12-17T13:56:00
"Sceaux household, France",2006-12,electricity consumption,0.02933333,kWh,UCI 235 - Individual Household Electric Power Consumption,2006-12-17T13:57:00
"Sceaux household, France",2006-12,electricity consumption,0.0292,kWh,UCI 235 - Individual Household Electric Power Consumption,2006-12-17T13:58:00
"Sceaux household, France",2006-12,electricity consumption,0.02916667,kWh,UCI 235 - Individual Household Electric Power Consumption,2006-12-17T13:59:00
"Sceaux household, France",2006-12,electricity consumption,0.02906667,kWh,UCI 235 - Individual Household Electric Power Consumption,2006-12-17T14:00:00
"Sceaux household, France",2006-12,electricity consumption,0.0295,kWh,UCI 235 - Individual Household Electric Power Consumption,2006-12-17T14:01:00
"Sceaux household, France",2006-12,electricity consumption,0.0299,kWh,UCI 235 - Individual Household Electric Power Consumption,2006-12-17T14:02:00
"Sceaux household, France",2006-12,electricity consumption,0.02956667,kWh,UCI 235 - Individual Household Electric Power Consumption,2006-12-17T14:03:00
"Sceaux household, France",2006-12,electricity consumption,0.0297,kWh,UCI 235 - Individual Household Electric Power Consumption,2006-12-17T14:04:00
"Sceaux household, France",2006-12,electricity consumption,0.0298,kWh,UCI 235 - Individual Household Electric Power Consumption,2006-12-17T14:05:00
"Sceaux household, France",2006-12,electricity consumption,0.04,kWh,UCI 235 - Individual Household Electric Power Consumption,2006-12-17T14:06:00
"Sceaux household, France",2006-12,electricity consumption,0.03,kWh,UCI 235 - Individual Household Electric Power Consumption,2006-12-17T14:07:00
"Sceaux household, France",2006-12,electricity consumption,0.0323,kWh,UCI 235 - Individual Household Electric Power Consumption,2006-12-17T14:08:00
"Sceaux household, France",2006-12,electricity consumption,0.0384,kWh,UCI 235 - Individual Household Electric Power Consumption,2006-12-17T14:09:00
"Sceaux household, France",2006-12,electricity consumption,0.03443333,kWh,UCI 235 - Individual Household Electric Power Consumption,2006-12-17T14:10:00
"Sceaux household, France",2006-12,electricity consumption,0.0323,kWh,UCI 235 - Individual Household Electric Power Consumption,2006-12-17T14:11:00
"Sceaux household, France",2006-12,electricity consumption,0.03003333,kWh,UCI 235 - Individual Household Electric Power Consumption,2006-12-17T14:12:00
"Sceaux household, France",2006-12,electricity consumption,0.03256667,kWh,UCI 235 - Individual Household Electric Power Consumption,2006-12-17T14:13:00
"Sceaux household, France",2006-12,electricity consumption,0.0343,kWh,UCI 235 - Individual Household Electric Power Consumption,2006-12-17T14:14:00
"Sceaux household, France",2006-12,electricity consumption,0.03503333,kWh,UCI 235 - Individual Household Electric Power Consumption,2006-12-17T14:15:00
"Sceaux household, France",2006-12,electricity consumption,0.0353,kWh,UCI 235 - Individual Household Electric Power Consumption,2006-12-17T14:16:00
"Sceaux household, France",2006-12,electricity consumption,0.03533333,kWh,UCI 235 - Individual Household Electric Power Consumption,2006-12-17T14:17:00
"Sceaux household, France",2006-12,electricity consumption,0.0351,kWh,UCI 235 - Individual Household Electric Power Consumption,2006-12-17T14:18:00
"Sceaux household, France",2006-12,electricity consumption,0.0354,kWh,UCI 235 - Individual Household Electric Power Consumption,2006-12-17T14:19:00
"Sceaux household, France",2006-12,electricity consumption,0.03556667,kWh,UCI 235 - Individual Household Electric Power Consumption,2006-12-17T14:20:00
"Sceaux household, France",2006-12,electricity consumption,0.03556667,kWh,UCI 235 - Individual Household Electric Power Consumption,2006-12-17T14:21:00
"Sceaux household, France",2006-12,electricity consumption,0.03533333,kWh,UCI 235 - Individual Household Electric Power Consumption,2006-12-17T14:22:00
"Sceaux household, France",2006-12,electricity consumption,0.03536667,kWh,UCI 235 - Individual Household Electric Power Consumption,2006-12-17T14:23:00
"Sceaux household, France",2006-12,electricity consumption,0.0353,kWh,UCI 235 - Individual Household Electric Power Consumption,2006-12-17T14:24:00
"Sceaux household, France",2006-12,electricity consumption,0.0351,kWh,UCI 235 - Individual Household Electric Power Consumption,2006-12-17T14:25:00
"Sceaux household, France",2006-12,electricity consumption,0.0356,kWh,UCI 235 - Individual Household Electric Power Consumption,2006-12-17T14:26:00
"Sceaux household, France",2006-12,electricity consumption,0.04183333,kWh,UCI 235 - Individual Household Electric Power Consumption,2006-12-17T14:27:00
"Sceaux household, France",2006-12,electricity consumption,0.04466667,kWh,UCI 235 - Individual Household Electric Power Consumption,2006-12-17T14:28:00
"Sceaux household, France",2006-12,electricity consumption,0.03953333,kWh,UCI 235 - Individual Household Electric Power Consumption,2006-12-17T14:29:00
"Sceaux household, France",2006-12,electricity consumption,0.0359,kWh,UCI 235 - Individual Household Electric Power Consumption,2006-12-17T14:30:00
"Sceaux household, France",2006-12,electricity consumption,0.03576667,kWh,UCI 235 - Individual Household Electric Power Consumption,2006-12-17T14:31:00
"Sceaux household, France",2006-12,electricity consumption,0.03566667,kWh,UCI 235 - Individual Household Electric Power Consumption,2006-12-17T14:32:00
"Sceaux household, France",2006-12,electricity consumption,0.0357,kWh,UCI 235 - Individual Household Electric Power Consumption,2006-12-17T14:33:00
"Sceaux household, France",2006-12,electricity consumption,0.03713333,kWh,UCI 235 - Individual Household Electric Power Consumption,2006-12-17T14:34:00
"Sceaux household, France",2006-12,electricity consumption,0.0365,kWh,UCI 235 - Individual Household Electric Power Consumption,2006-12-17T14:35:00
"Sceaux household, France",2006-12,electricity consumption,0.03536667,kWh,UCI 235 - Individual Household Electric Power Consumption,2006-12-17T14:36:00
"Sceaux household, France",2006-12,electricity consumption,0.0353,kWh,UCI 235 - Individual Household Electric Power Consumption,2006-12-17T14:37:00
"Sceaux household, France",2006-12,electricity consumption,0.03533333,kWh,UCI 235 - Individual Household Electric Power Consumption,2006-12-17T14:38:00
"Sceaux household, France",2006-12,electricity consumption,0.0353,kWh,UCI 235 - Individual Household Electric Power Consumption,2006-12-17T14:39:00
"Sceaux household, France",2006-12,electricity consumption,0.03516667,kWh,UCI 235 - Individual Household Electric Power Consumption,2006-12-17T14:40:00
"Sceaux household, France",2006-12,electricity consumption,0.03516667,kWh,UCI 235 - Individual Household Electric Power Consumption,2006-12-17T14:41:00
"Sceaux household, France",2006-12,electricity consumption,0.03516667,kWh,UCI 235 - Individual Household Electric Power Consumption,2006-12-17T14:42:00
"Sceaux household, France",2006-12,electricity consumption,0.03513333,kWh,UCI 235 - Individual Household Electric Power Consumption,2006-12-17T14:43:00
"Sceaux household, France",2006-12,electricity consumption,0.03506667,kWh,UCI 235 - Individual Household Electric Power Consumption,2006-12-17T14:44:00
"Sceaux household, France",2006-12,electricity consumption,0.03093333,kWh,UCI 235 - Individual Household Electric Power Consumption,2006-12-17T14:45:00
"Sceaux household, France",2006-12,electricity consumption,0.03096667,kWh,UCI 235 - Individual Household Electric Power Consumption,2006-12-17T14:46:00
"Sceaux household, France",2006-12,electricity consumption,0.03116667,kWh,UCI 235 - Individual Household Electric Power Consumption,2006-12-17T14:47:00
"Sceaux household, France",2006-12,electricity consumption,0.0341,kWh,UCI 235 - Individual Household Electric Power Consumption,2006-12-17T14:48:00
"Sceaux household, France",2006-12,electricity consumption,0.03586667,kWh,UCI 235 - Individual Household Electric Power Consumption,2006-12-17T14:49:00
"Sceaux household, France",2006-12,electricity consumption,0.03616667,kWh,UCI 235 - Individual Household Electric Power Consumption,2006-12-17T14:50:00
"Sceaux household, France",2006-12,electricity consumption,0.03603333,kWh,UCI 235 - Individual Household Electric Power Consumption,2006-12-17T14:51:00
"Sceaux household, France",2006-12,electricity consumption,0.036,kWh,UCI 235 - Individual Household Electric Power Consumption,2006-12-17T14:52:00
"Sceaux household, France",2006-12,electricity consumption,0.0359,kWh,UCI 235 - Individual Household Electric Power Consumption,2006-12-17T14:53:00
"Sceaux household, France",2006-12,electricity consumption,0.0373,kWh,UCI 235 - Individual Household Electric Power Consumption,2006-12-17T14:54:00
"Sceaux household, France",2006-12,electricity consumption,0.03733333,kWh,UCI 235 - Individual Household Electric Power Consumption,2006-12-17T14:55:00
"Sceaux household, France",2006-12,electricity consumption,0.03746667,kWh,UCI 235 - Individual Household Electric Power Consumption,2006-12-17T14:56:00
"Sceaux household, France",2006-12,electricity consumption,0.03646667,kWh,UCI 235 - Individual Household Electric Power Consumption,2006-12-17T14:57:00
"Sceaux household, France",2006-12,electricity consumption,0.03586667,kWh,UCI 235 - Individual Household Electric Power Consumption,2006-12-17T14:58:00
"Sceaux household, France",2006-12,electricity consumption,0.0355,kWh,UCI 235 - Individual Household Electric Power Consumption,2006-12-17T14:59:00
"Sceaux household, France",2006-12,electricity consumption,0.03516667,kWh,UCI 235 - Individual Household Electric Power Consumption,2006-12-17T15:00:00
"Sceaux household, France",2006-12,electricity consumption,0.0352,kWh,UCI 235 - Individual Household Electric Power Consumption,2006-12-17T15:01:00
"Sceaux household, France",2006-12,electricity consumption,0.03533333,kWh,UCI 235 - Individual Household Electric Power Consumption,2006-12-17T15:02:00
"Sceaux household, France",2006-12,electricity consumption,0.03513333,kWh,UCI 235 - Individual Household Electric Power Consumption,2006-12-17T15:03:00
"Sceaux household, France",2006-12,electricity consumption,0.0351,kWh,UCI 235 - Individual Household Electric Power Consumption,2006-12-17T15:04:00
"Sceaux household, France",2006-12,electricity consumption,0.0346,kWh,UCI 235 - Individual Household Electric Power Consumption,2006-12-17T15:05:00
"Sceaux household, France",2006-12,electricity consumption,0.03326667,kWh,UCI 235 - Individual Household Electric Power Consumption,2006-12-17T15:06:00
"Sceaux household, France",2006-12,electricity consumption,0.0334,kWh,UCI 235 - Individual Household Electric Power Consumption,2006-12-17T15:07:00
"Sceaux household, France",2006-12,electricity consumption,0.0335,kWh,UCI 235 - Individual Household Electric Power Consumption,2006-12-17T15:08:00
"Sceaux household, France",2006-12,electricity consumption,0.03336667,kWh,UCI 235 - Individual Household Electric Power Consumption,2006-12-17T15:09:00
"Sceaux household, France",2006-12,electricity consumption,0.03223333,kWh,UCI 235 - Individual Household Electric Power Consumption,2006-12-17T15:10:00
"Sceaux household, France",2006-12,electricity consumption,0.03256667,kWh,UCI 235 - Individual Household Electric Power Consumption,2006-12-17T15:11:00
"Sceaux household, France",2006-12,electricity consumption,0.03433333,kWh,UCI 235 - Individual Household Electric Power Consumption,2006-12-17T15:12:00
"Sceaux household, France",2006-12,electricity consumption,0.0337,kWh,UCI 235 - Individual Household Electric Power Consumption,2006-12-17T15:13:00
"Sceaux household, France",2006-12,electricity consumption,0.03546667,kWh,UCI 235 - Individual Household Electric Power Consumption,2006-12-17T15:14:00
"Sceaux household, France",2006-12,electricity consumption,0.03633333,kWh,UCI 235 - Individual Household Electric Power Consumption,2006-12-17T15:15:00
"Sceaux household, France",2006-12,electricity consumption,0.0363,kWh,UCI 235 - Individual Household Electric Power Consumption,2006-12-17T15:16:00
"Sceaux household, France",2006-12,electricity consumption,0.0362,kWh,UCI 235 - Individual Household Electric Power Consumption,2006-12-17T15:17:00
"Sceaux household, France",2006-12,electricity consumption,0.03633333,kWh,UCI 235 - Individual Household Electric Power Consumption,2006-12-17T15:18:00
"Sceaux household, France",2006-12,electricity consumption,0.035,kWh,UCI 235 - Individual Household Electric Power Consumption,2006-12-17T15:19:00
"Sceaux household, France",2006-12,electricity consumption,0.0357,kWh,UCI 235 - Individual Household Electric Power Consumption,2006-12-17T15:20:00
"Sceaux household, France",2006-12,electricity consumption,0.03573333,kWh,UCI 235 - Individual Household Electric Power Consumption,2006-12-17T15:21:00
"Sceaux household, France",2006-12,electricity consumption,0.0345,kWh,UCI 235 - Individual Household Electric Power Consumption,2006-12-17T15:22:00
"Sceaux household, France",2006-12,electricity consumption,0.03403333,kWh,UCI 235 - Individual Household Electric Power Consumption,2006-12-17T15:23:00
"Sceaux household, France",2006-12,electricity consumption,0.0501,kWh,UCI 235 - Individual Household Electric Power Consumption,2006-12-17T15:24:00
"Sceaux household, France",2006-12,electricity consumption,0.0526,kWh,UCI 235 - Individual Household Electric Power Consumption,2006-12-17T15:25:00
"Sceaux household, France",2006-12,electricity consumption,0.05196667,kWh,UCI 235 - Individual Household Electric Power Consumption,2006-12-17T15:26:00
"Sceaux household, France",2006-12,electricity consumption,0.05206667,kWh,UCI 235 - Individual Household Electric Power Consumption,2006-12-17T15:27:00
"Sceaux household, France",2006-12,electricity consumption,0.07503333,kWh,UCI 235 - Individual Household Electric Power Consumption,2006-12-17T15:28:00
"Sceaux household, France",2006-12,electricity consumption,0.09283333,kWh,UCI 235 - Individual Household Electric Power Consumption,2006-12-17T15:29:00
"Sceaux household, France",2006-12,electricity consumption,0.0509,kWh,UCI 235 - Individual Household Electric Power Consumption,2006-12-17T15:30:00
"Sceaux household, France",2006-12,electricity consumption,0.0481,kWh,UCI 235 - Individual Household Electric Power Consumption,2006-12-17T15:31:00
"Sceaux household, France",2006-12,electricity consumption,0.04836667,kWh,UCI 235 - Individual Household Electric Power Consumption,2006-12-17T15:32:00
"Sceaux household, France",2006-12,electricity consumption,0.0482,kWh,UCI 235 - Individual Household Electric Power Consumption,2006-12-17T15:33:00
"Sceaux household, France",2006-12,electricity consumption,0.04813333,kWh,UCI 235 - Individual Household Electric Power Consumption,2006-12-17T15:34:00
"Sceaux household, France",2006-12,electricity consumption,0.048,kWh,UCI 235 - Individual Household Electric Power Consumption,2006-12-17T15:35:00
"Sceaux household, France",2006-12,electricity consumption,0.04763333,kWh,UCI 235 - Individual Household Electric Power Consumption,2006-12-17T15:36:00
"Sceaux household, France",2006-12,electricity consumption,0.05636667,kWh,UCI 235 - Individual Household Electric Power Consumption,2006-12-17T15:37:00
"Sceaux household, France",2006-12,electricity consumption,0.0824,kWh,UCI 235 - Individual Household Electric Power Consumption,2006-12-17T15:38:00
"Sceaux household, France",2006-12,electricity consumption,0.08213333,kWh,UCI 235 - Individual Household Electric Power Consumption,2006-12-17T15:39:00
"Sceaux household, France",2006-12,electricity consumption,0.0818,kWh,UCI 235 - Individual Household Electric Power Consumption,2006-12-17T15:40:00
"Sceaux household, France",2006-12,electricity consumption,0.08196667,kWh,UCI 235 - Individual Household Electric Power Consumption,2006-12-17T15:41:00
"Sceaux household, France",2006-12,electricity consumption,0.0826,kWh,UCI 235 - Individual Household Electric Power Consumption,2006-12-17T15:42:00
"Sceaux household, France",2006-12,electricity consumption,0.0824,kWh,UCI 235 - Individual Household Electric Power Consumption,2006-12-17T15:43:00
"Sceaux household, France",2006-12,electricity consumption,0.0828,kWh,UCI 235 - Individual Household Electric Power Consumption,2006-12-17T15:44:00
"Sceaux household, France",2006-12,electricity consumption,0.0815,kWh,UCI 235 - Individual Household Electric Power Consumption,2006-12-17T15:45:00
"Sceaux household, France",2006-12,electricity consumption,0.08166667,kWh,UCI 235 - Individual Household Electric Power Consumption,2006-12-17T15:46:00
"Sceaux household, France",2006-12,electricity consumption,0.04686667,kWh,UCI 235 - Individual Household Electric Power Consumption,2006-12-17T15:47:00
"Sceaux household, France",2006-12,electricity consumption,0.0799,kWh,UCI 235 - Individual Household Electric Power Consumption,2006-12-17T15:48:00
"Sceaux household, France",2006-12,electricity consumption,0.04866667,kWh,UCI 235 - Individual Household Electric Power Consumption,2006-12-17T15:49:00
"Sceaux household, France",2006-12,electricity consumption,0.04753333,kWh,UCI 235 - Individual Household Electric Power Consumption,2006-12-17T15:50:00
"Sceaux household, France",2006-12,electricity consumption,0.0469,kWh,UCI 235 - Individual Household Electric Power Consumption,2006-12-17T15:51:00
"Sceaux household, France",2006-12,electricity consumption,0.04573333,kWh,UCI 235 - Individual Household Electric Power Consumption,2006-12-17T15:52:00
"Sceaux household, France",2006-12,electricity consumption,0.046,kWh,UCI 235 - Individual Household Electric Power Consumption,2006-12-17T15:53:00
"Sceaux household, France",2006-12,electricity consumption,0.04596667,kWh,UCI 235 - Individual Household Electric Power Consumption,2006-12-17T15:54:00
"Sceaux household, France",2006-12,electricity consumption,0.04706667,kWh,UCI 235 - Individual Household Electric Power Consumption,2006-12-17T15:55:00
"Sceaux household, France",2006-12,electricity consumption,0.04746667,kWh,UCI 235 - Individual Household Electric Power Consumption,2006-12-17T15:56:00
"Sceaux household, France",2006-12,electricity consumption,0.0474,kWh,UCI 235 - Individual Household Electric Power Consumption,2006-12-17T15:57:00
"Sceaux household, France",2006-12,electricity consumption,0.04683333,kWh,UCI 235 - Individual Household Electric Power Consumption,2006-12-17T15:58:00
"Sceaux household, France",2006-12,electricity consumption,0.047,kWh,UCI 235 - Individual Household Electric Power Consumption,2006-12-17T15:59:00
"Sceaux household, France",2006-12,electricity consumption,0.04696667,kWh,UCI 235 - Individual Household Electric Power Consumption,2006-12-17T16:00:00
"Sceaux household, France",2006-12,electricity consumption,0.04736667,kWh,UCI 235 - Individual Household Electric Power Consumption,2006-12-17T16:01:00
"Sceaux household, France",2006-12,electricity consumption,0.04723333,kWh,UCI 235 - Individual Household Electric Power Consumption,2006-12-17T16:02:00
"Sceaux household, France",2006-12,electricity consumption,0.04716667,kWh,UCI 235 - Individual Household Electric Power Consumption,2006-12-17T16:03:00
"Sceaux household, France",2006-12,electricity consumption,0.04706667,kWh,UCI 235 - Individual Household Electric Power Consumption,2006-12-17T16:04:00
"Sceaux household, France",2006-12,electricity consumption,0.0469,kWh,UCI 235 - Individual Household Electric Power Consumption,2006-12-17T16:05:00
"Sceaux household, France",2006-12,electricity consumption,0.04656667,kWh,UCI 235 - Individual Household Electric Power Consumption,2006-12-17T16:06:00
"Sceaux household, France",2006-12,electricity consumption,0.04656667,kWh,UCI 235 - Individual Household Electric Power Consumption,2006-12-17T16:07:00
"Sceaux household, France",2006-12,electricity consumption,0.04633333,kWh,UCI 235 - Individual Household Electric Power Consumption,2006-12-17T16:08:00
"Sceaux household, France",2006-12,electricity consumption,0.04633333,kWh,UCI 235 - Individual Household Electric Power Consumption,2006-12-17T16:09:00
"Sceaux household, France",2006-12,electricity consumption,0.04593333,kWh,UCI 235 - Individual Household Electric Power Consumption,2006-12-17T16:10:00
"Sceaux household, France",2006-12,electricity consumption,0.0458,kWh,UCI 235 - Individual Household Electric Power Consumption,2006-12-17T16:11:00
"Sceaux household, France",2006-12,electricity consumption,0.04626667,kWh,UCI 235 - Individual Household Electric Power Consumption,2006-12-17T16:12:00
"Sceaux household, France",2006-12,electricity consumption,0.04736667,kWh,UCI 235 - Individual Household Electric Power Consumption,2006-12-17T16:13:00
"Sceaux household, France",2006-12,electricity consumption,0.0476,kWh,UCI 235 - Individual Household Electric Power Consumption,2006-12-17T16:14:00
"Sceaux household, France",2006-12,electricity consumption,0.04663333,kWh,UCI 235 - Individual Household Electric Power Consumption,2006-12-17T16:15:00
"Sceaux household, France",2006-12,electricity consumption,0.04683333,kWh,UCI 235 - Individual Household Electric Power Consumption,2006-12-17T16:16:00
"Sceaux household, France",2006-12,electricity consumption,0.04683333,kWh,UCI 235 - Individual Household Electric Power Consumption,2006-12-17T16:17:00
"Sceaux household, France",2006-12,electricity consumption,0.04653333,kWh,UCI 235 - Individual Household Electric Power Consumption,2006-12-17T16:18:00
"Sceaux household, France",2006-12,electricity consumption,0.04653333,kWh,UCI 235 - Individual Household Electric Power Consumption,2006-12-17T16:19:00
"Sceaux household, France",2006-12,electricity consumption,0.04583333,kWh,UCI 235 - Individual Household Electric Power Consumption,2006-12-17T16:20:00
"Sceaux household, France",2006-12,electricity consumption,0.04603333,kWh,UCI 235 - Individual Household Electric Power Consumption,2006-12-17T16:21:00
"Sceaux household, France",2006-12,electricity consumption,0.08063333,kWh,UCI 235 - Individual Household Electric Power Consumption,2006-12-17T16:22:00
"Sceaux household, France",2006-12,electricity consumption,0.0813,kWh,UCI 235 - Individual Household Electric Power Consumption,2006-12-17T16:23:00
"Sceaux household, France",2006-12,electricity consumption,0.08106667,kWh,UCI 235 - Individual Household Electric Power Consumption,2006-12-17T16:24:00
"Sceaux household, France",2006-12,electricity consumption,0.08113333,kWh,UCI 235 - Individual Household Electric Power Consumption,2006-12-17T16:25:00
"Sceaux household, France",2006-12,electricity consumption,0.08126667,kWh,UCI 235 - Individual Household Electric Power Consumption,2006-12-17T16:26:00
"Sceaux household, France",2006-12,electricity consumption,0.08016667,kWh,UCI 235 - Individual Household Electric Power Consumption,2006-12-17T16:27:00
"Sceaux household, France",2006-12,electricity consumption,0.07983333,kWh,UCI 235 - Individual Household Electric Power Consumption,2006-12-17T16:28:00
"Sceaux household, France",2006-12,electricity consumption,0.07973333,kWh,UCI 235 - Individual Household Electric Power Consumption,2006-12-17T16:29:00
"Sceaux household, France",2006-12,electricity consumption,0.0801,kWh,UCI 235 - Individual Household Electric Power Consumption,2006-12-17T16:30:00
"Sceaux household, France",2006-12,electricity consumption,0.08056667,kWh,UCI 235 - Individual Household Electric Power Consumption,2006-12-17T16:31:00
"Sceaux household, France",2006-12,electricity consumption,0.08093333,kWh,UCI 235 - Individual Household Electric Power Consumption,2006-12-17T16:32:00
"Sceaux household, France",2006-12,electricity consumption,0.08073333,kWh,UCI 235 - Individual Household Electric Power Consumption,2006-12-17T16:33:00
"Sceaux household, France",2006-12,electricity consumption,0.08186667,kWh,UCI 235 - Individual Household Electric Power Consumption,2006-12-17T16:34:00
"Sceaux household, France",2006-12,electricity consumption,0.052,kWh,UCI 235 - Individual Household Electric Power Consumption,2006-12-17T16:35:00
"Sceaux household, France",2006-12,electricity consumption,0.0455,kWh,UCI 235 - Individual Household Electric Power Consumption,2006-12-17T16:36:00
"Sceaux household, France",2006-12,electricity consumption,0.04936667,kWh,UCI 235 - Individual Household Electric Power Consumption,2006-12-17T16:37:00
"Sceaux household, France",2006-12,electricity consumption,0.04606667,kWh,UCI 235 - Individual Household Electric Power Consumption,2006-12-17T16:38:00
"Sceaux household, France",2006-12,electricity consumption,0.0458,kWh,UCI 235 - Individual Household Electric Power Consumption,2006-12-17T16:39:00
"Sceaux household, France",2006-12,electricity consumption,0.04536667,kWh,UCI 235 - Individual Household Electric Power Consumption,2006-12-17T16:40:00
"Sceaux household, France",2006-12,electricity consumption,0.04613333,kWh,UCI 235 - Individual Household Electric Power Consumption,2006-12-17T16:41:00
"Sceaux household, France",2006-12,electricity consumption,0.0472,kWh,UCI 235 - Individual Household Electric Power Consumption,2006-12-17T16:42:00
"Sceaux household, France",2006-12,electricity consumption,0.04673333,kWh,UCI 235 - Individual Household Electric Power Consumption,2006-12-17T16:43:00
"Sceaux household, France",2006-12,electricity consumption,0.04646667,kWh,UCI 235 - Individual Household Electric Power Consumption,2006-12-17T16:44:00
"Sceaux household, France",2006-12,electricity consumption,0.0467,kWh,UCI 235 - Individual Household Electric Power Consumption,2006-12-17T16:45:00
"Sceaux household, France",2006-12,electricity consumption,0.04666667,kWh,UCI 235 - Individual Household Electric Power Consumption,2006-12-17T16:46:00
"Sceaux household, France",2006-12,electricity consumption,0.04626667,kWh,UCI 235 - Individual Household Electric Power Consumption,2006-12-17T16:47:00
"Sceaux household, France",2006-12,electricity consumption,0.04613333,kWh,UCI 235 - Individual Household Electric Power Consumption,2006-12-17T16:48:00
"Sceaux household, France",2006-12,electricity consumption,0.04663333,kWh,UCI 235 - Individual Household Electric Power Consumption,2006-12-17T16:49:00
"Sceaux household, France",2006-12,electricity consumption,0.04743333,kWh,UCI 235 - Individual Household Electric Power Consumption,2006-12-17T16:50:00
"Sceaux household, France",2006-12,electricity consumption,0.0539,kWh,UCI 235 - Individual Household Electric Power Consumption,2006-12-17T16:51:00
"Sceaux household, France",2006-12,electricity consumption,0.05426667,kWh,UCI 235 - Individual Household Electric Power Consumption,2006-12-17T16:52:00
"Sceaux household, France",2006-12,electricity consumption,0.05453333,kWh,UCI 235 - Individual Household Electric Power Consumption,2006-12-17T16:53:00
"Sceaux household, France",2006-12,electricity consumption,0.05546667,kWh,UCI 235 - Individual Household Electric Power Consumption,2006-12-17T16:54:00
"Sceaux household, France",2006-12,electricity consumption,0.05526667,kWh,UCI 235 - Individual Household Electric Power Consumption,2006-12-17T16:55:00
"Sceaux household, France",2006-12,electricity consumption,0.0565,kWh,UCI 235 - Individual Household Electric Power Consumption,2006-12-17T16:56:00
"Sceaux household, France",2006-12,electricity consumption,0.05696667,kWh,UCI 235 - Individual Household Electric Power Consumption,2006-12-17T16:57:00
"Sceaux household, France",2006-12,electricity consumption,0.0564,kWh,UCI 235 - Individual Household Electric Power Consumption,2006-12-17T16:58:00
"Sceaux household, France",2006-12,electricity consumption,0.05623333,kWh,UCI 235 - Individual Household Electric Power Consumption,2006-12-17T16:59:00
"Sceaux household, France",2006-12,electricity consumption,0.05646667,kWh,UCI 235 - Individual Household Electric Power Consumption,2006-12-17T17:00:00
"Sceaux household, France",2006-12,electricity consumption,0.05626667,kWh,UCI 235 - Individual Household Electric Power Consumption,2006-12-17T17:01:00
"Sceaux household, France",2006-12,electricity consumption,0.0559,kWh,UCI 235 - Individual Household Electric Power Consumption,2006-12-17T17:02:00
"Sceaux household, France",2006-12,electricity consumption,0.05786667,kWh,UCI 235 - Individual Household Electric Power Consumption,2006-12-17T17:03:00
"Sceaux household, France",2006-12,electricity consumption,0.05806667,kWh,UCI 235 - Individual Household Electric Power Consumption,2006-12-17T17:04:00
"Sceaux household, France",2006-12,electricity consumption,0.05703333,kWh,UCI 235 - Individual Household Electric Power Consumption,2006-12-17T17:05:00
"Sceaux household, France",2006-12,electricity consumption,0.05693333,kWh,UCI 235 - Individual Household Electric Power Consumption,2006-12-17T17:06:00
"Sceaux household, France",2006-12,electricity consumption,0.05743333,kWh,UCI 235 - Individual Household Electric Power Consumption,2006-12-17T17:07:00
"Sceaux household, France",2006-12,electricity consumption,0.061,kWh,UCI 235 - Individual Household Electric Power Consumption,2006-12-17T17:08:00
"Sceaux household, France",2006-12,electricity consumption,0.05976667,kWh,UCI 235 - Individual Household Electric Power Consumption,2006-12-17T17:09:00
"Sceaux household, France",2006-12,electricity consumption,0.05926667,kWh,UCI 235 - Individual Household Electric Power Consumption,2006-12-17T17:10:00
"Sceaux household, France",2006-12,electricity consumption,0.06006667,kWh,UCI 235 - Individual Household Electric Power Consumption,2006-12-17T17:11:00
"Sceaux household, France",2006-12,electricity consumption,0.06213333,kWh,UCI 235 - Individual Household Electric Power Consumption,2006-12-17T17:12:00
"Sceaux household, France",2006-12,electricity consumption,0.06166667,kWh,UCI 235 - Individual Household Electric Power Consumption,2006-12-17T17:13:00
"Sceaux household, France",2006-12,electricity consumption,0.0613,kWh,UCI 235 - Individual Household Electric Power Consumption,2006-12-17T17:14:00
"Sceaux household, France",2006-12,electricity consumption,0.06116667,kWh,UCI 235 - Individual Household Electric Power Consumption,2006-12-17T17:15:00
"Sceaux household, France",2006-12,electricity consumption,0.0617,kWh,UCI 235 - Individual Household Electric Power Consumption,2006-12-17T17:16:00
"Sceaux household, France",2006-12,electricity consumption,0.0624,kWh,UCI 235 - Individual Household Electric Power Consumption,2006-12-17T17:17:00
"Sceaux household, France",2006-12,electricity consumption,0.06326667,kWh,UCI 235 - Individual Household Electric Power Consumption,2006-12-17T17:18:00
"Sceaux household, France",2006-12,electricity consumption,0.06346667,kWh,UCI 235 - Individual Household Electric Power Consumption,2006-12-17T17:19:00
"Sceaux household, France",2006-12,electricity consumption,0.05966667,kWh,UCI 235 - Individual Household Electric Power Consumption,2006-12-17T17:20:00
"Sceaux household, France",2006-12,electricity consumption,0.05616667,kWh,UCI 235 - Individual Household Electric Power Consumption,2006-12-17T17:21:00
"Sceaux household, France",2006-12,electricity consumption,0.05216667,kWh,UCI 235 - Individual Household Electric Power Consumption,2006-12-17T17:22:00
"Sceaux household, France",2006-12,electricity consumption,0.05396667,kWh,UCI 235 - Individual Household Electric Power Consumption,2006-12-17T17:23:00
"Sceaux household, France",2006-12,electricity consumption,0.0565,kWh,UCI 235 - Individual Household Electric Power Consumption,2006-12-17T17:24:00
"Sceaux household, France",2006-12,electricity consumption,0.056,kWh,UCI 235 - Individual Household Electric Power Consumption,2006-12-17T17:25:00
"Sceaux household, France",2006-12,electricity consumption,0.05666667,kWh,UCI 235 - Individual Household Electric Power Consumption,2006-12-17T17:26:00
"Sceaux household, France",2006-12,electricity consumption,0.0566,kWh,UCI 235 - Individual Household Electric Power Consumption,2006-12-17T17:27:00
"Sceaux household, France",2006-12,electricity consumption,0.0547,kWh,UCI 235 - Individual Household Electric Power Consumption,2006-12-17T17:28:00
"Sceaux household, France",2006-12,electricity consumption,0.04993333,kWh,UCI 235 - Individual Household Electric Power Consumption,2006-12-17T17:29:00
"Sceaux household, France",2006-12,electricity consumption,0.05003333,kWh,UCI 235 - Individual Household Electric Power Consumption,2006-12-17T17:30:00
"Sceaux household, France",2006-12,electricity consumption,0.05,kWh,UCI 235 - Individual Household Electric Power Consumption,2006-12-17T17:31:00
"Sceaux household, France",2006-12,electricity consumption,0.0499,kWh,UCI 235 - Individual Household Electric Power Consumption,2006-12-17T17:32:00
"Sceaux household, France",2006-12,electricity consumption,0.05096667,kWh,UCI 235 - Individual Household Electric Power Consumption,2006-12-17T17:33:00
"Sceaux household, France",2006-12,electricity consumption,0.05196667,kWh,UCI 235 - Individual Household Electric Power Consumption,2006-12-17T17:34:00
"Sceaux household, France",2006-12,electricity consumption,0.0528,kWh,UCI 235 - Individual Household Electric Power Consumption,2006-12-17T17:35:00
"Sceaux household, France",2006-12,electricity consumption,0.05436667,kWh,UCI 235 - Individual Household Electric Power Consumption,2006-12-17T17:36:00
"Sceaux household, France",2006-12,electricity consumption,0.0551,kWh,UCI 235 - Individual Household Electric Power Consumption,2006-12-17T17:37:00
"Sceaux household, France",2006-12,electricity consumption,0.0548,kWh,UCI 235 - Individual Household Electric Power Consumption,2006-12-17T17:38:00
"Sceaux household, France",2006-12,electricity consumption,0.0547,kWh,UCI 235 - Individual Household Electric Power Consumption,2006-12-17T17:39:00
"Sceaux household, France",2006-12,electricity consumption,0.05486667,kWh,UCI 235 - Individual Household Electric Power Consumption,2006-12-17T17:40:00
"Sceaux household, France",2006-12,electricity consumption,0.05466667,kWh,UCI 235 - Individual Household Electric Power Consumption,2006-12-17T17:41:00
"Sceaux household, France",2006-12,electricity consumption,0.05836667,kWh,UCI 235 - Individual Household Electric Power Consumption,2006-12-17T17:42:00
"Sceaux household, France",2006-12,electricity consumption,0.05626667,kWh,UCI 235 - Individual Household Electric Power Consumption,2006-12-17T17:43:00
"Sceaux household, France",2006-12,electricity consumption,0.05553333,kWh,UCI 235 - Individual Household Electric Power Consumption,2006-12-17T17:44:00
"Sceaux household, France",2006-12,electricity consumption,0.05486667,kWh,UCI 235 - Individual Household Electric Power Consumption,2006-12-17T17:45:00
"Sceaux household, France",2006-12,electricity consumption,0.05466667,kWh,UCI 235 - Individual Household Electric Power Consumption,2006-12-17T17:46:00
"Sceaux household, France",2006-12,electricity consumption,0.05496667,kWh,UCI 235 - Individual Household Electric Power Consumption,2006-12-17T17:47:00
"Sceaux household, France",2006-12,electricity consumption,0.05493333,kWh,UCI 235 - Individual Household Electric Power Consumption,2006-12-17T17:48:00
"Sceaux household, France",2006-12,electricity consumption,0.05456667,kWh,UCI 235 - Individual Household Electric Power Consumption,2006-12-17T17:49:00
"Sceaux household, France",2006-12,electricity consumption,0.05686667,kWh,UCI 235 - Individual Household Electric Power Consumption,2006-12-17T17:50:00
"Sceaux household, France",2006-12,electricity consumption,0.05686667,kWh,UCI 235 - Individual Household Electric Power Consumption,2006-12-17T17:51:00
"Sceaux household, France",2006-12,electricity consumption,0.05696667,kWh,UCI 235 - Individual Household Electric Power Consumption,2006-12-17T17:52:00
"Sceaux household, France",2006-12,electricity consumption,0.05693333,kWh,UCI 235 - Individual Household Electric Power Consumption,2006-12-17T17:53:00
"Sceaux household, France",2006-12,electricity consumption,0.05696667,kWh,UCI 235 - Individual Household Electric Power Consumption,2006-12-17T17:54:00
"Sceaux household, France",2006-12,electricity consumption,0.05716667,kWh,UCI 235 - Individual Household Electric Power Consumption,2006-12-17T17:55:00
"Sceaux household, France",2006-12,electricity consumption,0.05723333,kWh,UCI 235 - Individual Household Electric Power Consumption,2006-12-17T17:56:00
"Sceaux household, France",2006-12,electricity consumption,0.0632,kWh,UCI 235 - Individual Household Electric Power Consumption,2006-12-17T17:57:00
"Sceaux household, France",2006-12,electricity consumption,0.06086667,kWh,UCI 235 - Individual Household Electric Power Consumption,2006-12-17T17:58:00
"Sceaux household, France",2006-12,electricity consumption,0.05983333,kWh,UCI 235 - Individual Household Electric Power Consumption,2006-12-17T17:59:00
"Sceaux household, France",2006-12,electricity consumption,0.05546667,kWh,UCI 235 - Individual Household Electric Power Consumption,2006-12-17T18:00:00
"Sceaux household, France",2006-12,electricity consumption,0.0556,kWh,UCI 235 - Individual Household Electric Power Consumption,2006-12-17T18:01:00
"Sceaux household, France",2006-12,electricity consumption,0.05643333,kWh,UCI 235 - Individual Household Electric Power Consumption,2006-12-17T18:02:00
"Sceaux household, France",2006-12,electricity consumption,0.0588,kWh,UCI 235 - Individual Household Electric Power Consumption,2006-12-17T18:03:00
"Sceaux household, France",2006-12,electricity consumption,0.05826667,kWh,UCI 235 - Individual Household Electric Power Consumption,2006-12-17T18:04:00
"Sceaux household, France",2006-12,electricity consumption,0.0566,kWh,UCI 235 - Individual Household Electric Power Consumption,2006-12-17T18:05:00
"Sceaux household, France",2006-12,electricity consumption,0.05443333,kWh,UCI 235 - Individual Household Electric Power Consumption,2006-12-17T18:06:00
"Sceaux household, France",2006-12,electricity consumption,0.05566667,kWh,UCI 235 - Individual Household Electric Power Consumption,2006-12-17T18:07:00
"Sceaux household, France",2006-12,electricity consumption,0.05433333,kWh,UCI 235 - Individual Household Electric Power Consumption,2006-12-17T18:08:00
"Sceaux household, France",2006-12,electricity consumption,0.05393333,kWh,UCI 235 - Individual Household Electric Power Consumption,2006-12-17T18:09:00
"Sceaux household, France",2006-12,electricity consumption,0.0536,kWh,UCI 235 - Individual Household Electric Power Consumption,2006-12-17T18:10:00
"Sceaux household, France",2006-12,electricity consumption,0.05386667,kWh,UCI 235 - Individual Household Electric Power Consumption,2006-12-17T18:11:00
"Sceaux household, France",2006-12,electricity consumption,0.05393333,kWh,UCI 235 - Individual Household Electric Power Consumption,2006-12-17T18:12:00
"Sceaux household, France",2006-12,electricity consumption,0.05423333,kWh,UCI 235 - Individual Household Electric Power Consumption,2006-12-17T18:13:00
"Sceaux household, France",2006-12,electricity consumption,0.05513333,kWh,UCI 235 - Individual Household Electric Power Consumption,2006-12-17T18:14:00
"Sceaux household, France",2006-12,electricity consumption,0.0602,kWh,UCI 235 - Individual Household Electric Power Consumption,2006-12-17T18:15:00
"Sceaux household, France",2006-12,electricity consumption,0.06833333,kWh,UCI 235 - Individual Household Electric Power Consumption,2006-12-17T18:16:00
"Sceaux household, France",2006-12,electricity consumption,0.10423333,kWh,UCI 235 - Individual Household Electric Power Consumption,2006-12-17T18:17:00
"Sceaux household, France",2006-12,electricity consumption,0.1034,kWh,UCI 235 - Individual Household Electric Power Consumption,2006-12-17T18:18:00
"Sceaux household, France",2006-12,electricity consumption,0.0756,kWh,UCI 235 - Individual Household Electric Power Consumption,2006-12-17T18:19:00
"Sceaux household, France",2006-12,electricity consumption,0.0601,kWh,UCI 235 - Individual Household Electric Power Consumption,2006-12-17T18:20:00
"Sceaux household, France",2006-12,electricity consumption,0.0599,kWh,UCI 235 - Individual Household Electric Power Consumption,2006-12-17T18:21:00
"Sceaux household, France",2006-12,electricity consumption,0.06023333,kWh,UCI 235 - Individual Household Electric Power Consumption,2006-12-17T18:22:00
"Sceaux household, France",2006-12,electricity consumption,0.0602,kWh,UCI 235 - Individual Household Electric Power Consumption,2006-12-17T18:23:00
